CustomerID,CustomerName,Email,Phone,City,State,Region,CustomerSegment,RegistrationDate
414,Rahul Iyer,rahul.iyer414@brightmail.com,+91-7080393656,Nagpur,Maharashtra,West,Premium,2023-03-25
806,Karan Nair,karan.nair806@brightmail.com,8418117400,Ranchi,Jharkhand,East,Premium,2024-10-31
384,Navya Mehta,navya.mehta384@brightmail.com,7832147594,Surat,Gujarat,West,Regular,2024-11-28
505,Rajesh   Sharma,rajesh.sharma505@brightmail.com,88628-11259,Chennai,Tamil Nadu,South,VIP,2022-07-17
43,Rahul Kulkarni,rahul.kulkarni43@brightmail.com,+91-8729427424,Mumbai,Maharashtra,WEST,Regular,2025-09-29
769,Navya Chatterjee,navya.chatterjee769@brightmail.com,+91-8448122249,Guwahati,Assam,East,Regular,2025-07-29
499,Ananya Singh,ananya.singh499@brightmail.com,918226601451,Kolkata,West Bengal,East,Regular,2022-07-17
6,Sunita Das,sunita.das6@brightmail.com,99743-15788,Bhubaneswar,Odisha,East,Regular,2023-04-05
14,Manoj Rao,manoj.rao14@brightmail.com,+91-8099198595,Guwahati,Assam,East,VIP,2024-10-04
250,  Sanya Patel  ,sanya.patel250@brightmail.com,82227-26281,Patna,Bihar,East,Regular,2024-11-02
916,Rohan Menon,rohan.menon916@brightmail.com,7692661042,Bengaluru,Karnataka,South,Premium,2025-09-03
156,Ananya Das,ananya.das156@brightmail.com,8363092105,Coimbatore,Tamil Nadu,South,Regular,2022-02-20
13,  Aarav Reddy  ,aarav.reddy13@brightmail.com,917291890761,Pune,Maharashtra,West,Regular,2026-03-20
449,Anika Rao,anika.rao449@brightmail.com,87526-62740,Guwahati,Assam,East,Premium,2025-11-29
959,Kavita Das,kavita.das959@brightmail.com,78705-41528,Coimbatore,Tamil Nadu,South,Regular,2026-03-07
503,Neha Joshi,neha.joshi503@brightmail.com,+91-7660853956,Jaipur,Rajasthan,North,Regular,2022-09-11
613,Rajesh Agarwal,rajesh.agarwal613@brightmail.com,8725268818,Hyderabad,Telangana,South,Regular,2024-02-22
252,Suresh Iyer,suresh.iyer252@brightmail.com,86745-95551,Hyderabad,Telangana,South,Premium,2023-08-12
582,Saanvi Bhat,saanvi.bhat582@brightmail.com,+91-8022042598,Ranchi,Jharkhand,East,Premium,2022-11-04
447,Sanya Sharma,sanya.sharma447@brightmail.com,7935061733,Chennai,Tamil Nadu,South,Regular,2025-12-15
733,Myra Rao,myra.rao733@brightmail.com,9949468468,Dehradun,Uttarakhand,North,Regular,2025-04-22
606,Ananya Bhat,ananya.bhat606@brightmail.com,+91-7355393398,Bhubaneswar,Odisha,East,Regular,2025-05-15
868,Aditya Nair,,+91-9753848998,Ranchi,Jharkhand,East,Regular,2025-10-21
549,Isha Verma,isha.verma549@brightmail.com,918860805270,Guwahati,Assam,East,Regular,2024-05-30
771,Aditya Chatterjee,,919878782089,Hyderabad,Telangana,South,Regular,2025-08-26
61,  Deepak Patel  ,deepak.patel61@brightmail.com,97806-75927,Coimbatore,Tamil Nadu,South,Premium,2023-07-09
848,Navya Sharma,navya.sharma848@brightmail.com,86224-63192,Chennai,Tamil Nadu,South,Regular,2025-11-16
691,Zoya Bhat,zoya.bhat691@brightmail.com,+91-7887604564,Bhubaneswar,Odisha,East,Premium,2025-12-09
747,Neha Pillai,neha.pillai747@brightmail.com,82626-47381,Coimbatore,Tamil Nadu,South,Premium,2022-09-16
143,Arjun Kulkarni,arjun.kulkarni143@brightmail.com,75624-55801,Chennai,Tamil Nadu,South,Regular,2025-02-18
367,Myra Shetty,myra.shetty367@brightmail.com,+91-9642343987,Coimbatore,Tamil Nadu,South,Premium,2022-05-26
234,Saanvi Rao,saanvi.rao234@brightmail.com,7290675194,Guwahati,Assam,East,VIP,2026-02-03
455,Saanvi Mehta,saanvi.mehta455@brightmail.com,+91-7791884263,Ahmedabad,Gujarat,West,Premium,2022-09-08
208,Pari Verma,pari.verma208@brightmail.com,8066804631,Ahmedabad,Gujarat,West,Regular,2025-04-09
348,Anika Rao,anika.rao348@brightmail.com,+91-7591942813,Mumbai,Maharashtra,West,Regular,2022-04-30
604,Myra Kapoor,myra.kapoor604@brightmail.com,+91-9699802657,Surat,Gujarat,West,VIP,2026-04-11
246,Navya Rao,navya.rao246@brightmail.com,917777007778,Chandigarh,Punjab,North,Regular,2022-09-01
884,Sai Pillai,sai.pillai884@brightmail.com,74427-88285,Kochi,Kerala,South,Regular,2022-02-03
59,Vikram Kulkarni,vikram.kulkarni59@brightmail.com,72784-01935,Bhubaneswar,Odisha,East,Regular,2025-09-14
288,Pari Mehta,pari.mehta288@brightmail.com,7414558478,Nagpur,Maharashtra,West,Premium,2023-08-05
528,Zoya Sharma,zoya.sharma528@brightmail.com,9841190649,Mumbai,Maharashtra,West,Regular,2023-05-26
958,Sunita Patel,sunita.patel958@brightmail.com,8676152894,Delhi,Delhi,North,Premium,2026-02-16
529,Rohan   Mehta,rohan.mehta529@brightmail.com,95676-73387,Chennai,Tamil Nadu,South,Premium,2025-04-08
477,Aarav Bhat,aarav.bhat477@brightmail.com,+91-8957386335,Kolkata,West Bengal,East,Premium,2025-11-26
5,Priya Pillai,priya.pillai5@brightmail.com,8525629378,Chandigarh,Punjab,North,Premium,2025-05-14
413,Rajesh Pillai,rajesh.pillai413@brightmail.com,919940057470,Coimbatore,Tamil Nadu,South,Premium,2025-05-12
544,Vivaan Agarwal,vivaan.agarwal544@brightmail.com,+91-8025396246,Chennai,Tamil Nadu,South,Regular,2025-12-15
335,Kabir Pillai,kabir.pillai335@brightmail.com,9632362719,Ranchi,Jharkhand,East,Regular,2024-07-23
798,Sanya Pillai,sanya.pillai798@brightmail.com,88421-40866,Bengaluru,Karnataka,South,Premium,2024-12-24
569,Vihaan Chatterjee,vihaan.chatterjee569@brightmail.com,+91-9582321472,Jaipur,Rajasthan,North,Premium,2025-10-26
306,Krishna Chatterjee,krishna.chatterjee306@brightmail.com,+91-8460783503,Delhi,Delhi,north,Premium,2024-04-15
790,Pari Sharma,pari.sharma790@brightmail.com,+91-7754199903,Coimbatore,Tamil Nadu,South,Regular,2023-11-02
904,Suresh   Nair,suresh.nair904@brightmail.com,+91-7978379264,Chennai,Tamil Nadu,SOUTH,Regular,2026-03-10
179,Rajesh Kapoor,rajesh.kapoor179@brightmail.com,72649-00957,Nagpur,Maharashtra,West,Regular,2024-12-09
399,Aadhya Gupta,aadhya.gupta399@brightmail.com,+91-7185176294,Jaipur,Rajasthan,North,Premium,2023-03-30
967,Meera Patel,meera.patel967@brightmail.com,76483-63179,Ahmedabad,Gujarat,West,Regular,2023-12-31
628,Sunita Kulkarni,sunita.kulkarni628@brightmail.com,917954985016,Guwahati,Assam,East,VIP,2023-03-01
893,Zoya Shetty,zoya.shetty893@brightmail.com,97906-97109,Coimbatore,Tamil Nadu,South,Regular,2022-01-08
427,Sai Gupta,sai.gupta427@brightmail.com,+91-7646400735,Hyderabad,Telangana,South,VIP,2024-09-29
105,Krishna Patel,krishna.patel105@brightmail.com,89343-09317,Kochi,Kerala,South,Regular,2024-06-27
6,Sunita Das,sunita.das6@brightmail.com,99743-15788,Bhubaneswar,Odisha,East,Regular,2023-04-05
741,Rajesh Mehta,rajesh.mehta741@brightmail.com,83487-22321,Kolkata,West Bengal,East,Regular,2024-07-24
162,Anjali Das,anjali.das162@brightmail.com,+91-8163893975,Bengaluru,Karnataka,South,Regular,2022-09-20
218,Meera Menon,meera.menon218@brightmail.com,+91-9761695060,Guwahati,Assam,East,Regular,2025-06-05
728,Aditya Rao,aditya.rao728@brightmail.com,7382449103,Ahmedabad,Gujarat,West,Regular,2025-01-15
560,Pari Pillai,pari.pillai560@brightmail.com,9771364895,Guwahati,Assam,East,Premium,2025-02-26
134,Ishaan Joshi,ishaan.joshi134@brightmail.com,+91-7796616832,Pune,Maharashtra,West,Regular,2025-11-03
344,Pari Mehta,pari.mehta344@brightmail.com,8736618950,Kochi,Kerala,South,Regular,2025-01-31
32,Ananya Agarwal,,89969-58788,Nagpur,Maharashtra,WEST,Regular,2023-12-31
436,Neha Rao,,7276492102,Bengaluru,Karnataka,South,Regular,2024-03-05
808,  Deepak Rao  ,deepak.rao808@brightmail.com,+91-9794676107,Mumbai,Maharashtra,West,Premium,2023-04-08
802,Vihaan Reddy,vihaan.reddy802@brightmail.com,83919-99051,Coimbatore,Tamil Nadu,South,Regular,2023-11-13
861,Vivaan Verma,vivaan.verma861@brightmail.com,+91-7410894612,Pune,Maharashtra,West,Premium,2022-05-25
39,Farhan Verma,farhan.verma39@brightmail.com,93455-69693,Coimbatore,Tamil Nadu,South,Regular,2022-02-07
147,Farhan Das,farhan.das147@brightmail.com,77577-11000,Chennai,Tamil Nadu,South,Regular,2023-05-18
26,Vihaan Joshi,vihaan.joshi26@brightmail.com,8652084090,Surat,Gujarat,West,Regular,2023-10-07
396,Aarav Chatterjee,aarav.chatterjee396@brightmail.com,+91-7444728434,Hyderabad,Telangana,South,Regular,2023-05-01
212,Amit Kulkarni,amit.kulkarni212@brightmail.com,85786-74271,Surat,Gujarat,West,Regular,2024-04-04
249,Meera Menon,meera.menon249@brightmail.com,+91-7671549258,Nagpur,Maharashtra,West,Premium,2024-05-14
88,Pooja Singh,pooja.singh88@brightmail.com,9153270963,Mumbai,Maharashtra,West,Regular,2022-01-04
368,Rajesh Bhat,rajesh.bhat368@brightmail.com,919043526136,Pune,Maharashtra,West,VIP,2026-01-19
361,Ritu Menon,ritu.menon361@brightmail.com,74659-60226,Bhubaneswar,Odisha,East,Regular,2023-12-14
681,Deepak Gupta,deepak.gupta681@brightmail.com,918419387925,Bhubaneswar,Odisha,East,Regular,2023-11-11
532,Riya Agarwal,riya.agarwal532@brightmail.com,81935-07809,Bhubaneswar,Odisha,East,Regular,2024-10-15
969,Rahul Kulkarni,rahul.kulkarni969@brightmail.com,93799-59300,Patna,Bihar,East,Regular,2026-05-20
540,Amit Menon,,86248-74080,Kolkata,West Bengal,East,Regular,2023-10-28
109,Neha Iyer,neha.iyer109@brightmail.com,8395060041,Chennai,Tamil Nadu,South,Regular,2023-10-16
633,Vikram Das,vikram.das633@brightmail.com,90570-35647,Coimbatore,Tamil Nadu,South,Regular,2025-03-08
89,Sanya Reddy,sanya.reddy89@brightmail.com,88554-47485,Bhubaneswar,Odisha,East,Regular,2025-10-28
640,Kavita Agarwal,kavita.agarwal640@brightmail.com,9175099692,Dehradun,Uttarakhand,North,Premium,2025-12-19
591,Vikram Menon,vikram.menon591@brightmail.com,74728-65938,Ahmedabad,Gujarat,West,Premium,2026-03-16
266,Pari Kapoor,pari.kapoor266@brightmail.com,9913404111,Surat,Gujarat,West,Premium,2022-06-22
187,Zoya Pillai,zoya.pillai187@brightmail.com,+91-8789405108,Guwahati,Assam,EAST,Regular,2022-12-11
142,Anika Sharma,anika.sharma142@brightmail.com,7874567639,Surat,Gujarat,West,Regular,2026-01-10
812,Aditya Verma,aditya.verma812@brightmail.com,+91-7125818927,Pune,Maharashtra,West,Premium,2023-12-26
292,Meera Das,meera.das292@brightmail.com,7125021155,Kochi,Kerala,south,Premium,2023-10-25
803,  Anika Verma  ,anika.verma803@brightmail.com,+91-7286046777,Chennai,Tamil Nadu,South,Regular,2025-04-04
708,Arjun Bhat,arjun.bhat708@brightmail.com,+91-8055574600,Chennai,Tamil Nadu,South,Regular,2022-10-11
758,Ritu Menon,ritu.menon758@brightmail.com,+91-7293366670,Dehradun,Uttarakhand,North,Regular,2023-11-23
882,Priya Singh,priya.singh882@brightmail.com,74403-77631,Patna,Bihar,East,Regular,2022-03-27
780,Suresh Kulkarni,suresh.kulkarni780@brightmail.com,919086517935,Hyderabad,Telangana,South,Regular,2022-08-24
834,Deepak Gupta,deepak.gupta834@brightmail.com,7125314441,Surat,Gujarat,West,VIP,2025-01-30
95,Rajesh Menon,rajesh.menon95@brightmail.com,+91-8714111824,Pune,Maharashtra,West,Regular,2025-12-30
425,Saanvi Gupta,saanvi.gupta425@brightmail.com,99704-56355,Nagpur,Maharashtra,west,Regular,2024-06-29
339,Aditya Singh,aditya.singh339@brightmail.com,72884-62157,Coimbatore,Tamil Nadu,South,Premium,2023-06-19
822,Kavita Singh,kavita.singh822@brightmail.com,+91-8043261813,Surat,Gujarat,West,Premium,2025-01-25
699,Aditya Patel,aditya.patel699@brightmail.com,7819754813,Bengaluru,Karnataka,South,Premium,2025-04-29
265,Vivaan Pillai,vivaan.pillai265@brightmail.com,80453-80680,Guwahati,Assam,East,Regular,2025-09-15
644,Kabir Agarwal,kabir.agarwal644@brightmail.com,70321-17579,Lucknow,Uttar Pradesh,North,VIP,2022-11-09
139,Ritu Chatterjee,ritu.chatterjee139@brightmail.com,919748946076,Chennai,Tamil Nadu,South,Regular,2026-05-13
616,Riya Shetty,riya.shetty616@brightmail.com,9449338664,Delhi,Delhi,North,Premium,2022-09-11
404,Vivaan Sharma,,9449260226,Nagpur,Maharashtra,West,Premium,2025-07-28
397,Aarav Singh,aarav.singh397@brightmail.com,+91-7684401329,Chennai,Tamil Nadu,south,Regular,2026-05-17
333,Anjali Kapoor,,83537-60537,Ranchi,Jharkhand,East,Premium,2023-11-16
794,Isha Pillai,isha.pillai794@brightmail.com,+91-8930527046,Jaipur,Rajasthan,North,VIP,2024-09-24
117,Pari Sharma,pari.sharma117@brightmail.com,+91-7159274068,Ranchi,Jharkhand,East,Regular,2025-06-08
65,Diya Gupta,diya.gupta65@brightmail.com,917050352315,Ahmedabad,Gujarat,West,Premium,2022-07-08
498,Arjun Sharma,arjun.sharma498@brightmail.com,7733500225,Kochi,Kerala,South,Regular,2023-06-28
724,Rajesh Mehta,rajesh.mehta724@brightmail.com,9744864869,Hyderabad,Telangana,South,Regular,2024-05-11
277,Sunita Verma,sunita.verma277@brightmail.com,72271-87073,Chandigarh,Punjab,North,Regular,2025-03-20
792,Vikram Kulkarni,vikram.kulkarni792@brightmail.com,+91-7320173311,Hyderabad,Telangana,South,Regular,2025-11-25
556,Priya Joshi,priya.joshi556@brightmail.com,917512804526,Nagpur,Maharashtra,West,Regular,2025-12-12
351,Ananya Patel,ananya.patel351@brightmail.com,83535-28860,Hyderabad,Telangana,South,Regular,2023-06-22
183,Vivaan Reddy,vivaan.reddy183@brightmail.com,917492914505,Bhubaneswar,Odisha,East,Regular,2024-10-17
760,Sanya   Bhat,sanya.bhat760@brightmail.com,+91-9583946022,Jaipur,Rajasthan,North,Regular,2025-09-27
952,Neha Kulkarni,neha.kulkarni952@brightmail.com,+91-7440895693,Ahmedabad,Gujarat,West,Regular,2023-05-12
968,Manoj Singh,manoj.singh968@brightmail.com,+91-7990678963,Delhi,Delhi,North,Regular,2023-09-12
21,Ananya Nair,ananya.nair21@brightmail.com,72614-30266,Nagpur,Maharashtra,West,Regular,2024-08-08
342,Anika Sharma,anika.sharma342@brightmail.com,8010368386,Kolkata,West Bengal,East,Premium,2025-03-10
617,Sai Kapoor,sai.kapoor617@brightmail.com,75706-01244,Ahmedabad,Gujarat,West,Regular,2025-09-10
385,Pooja Reddy,pooja.reddy385@brightmail.com,7063339845,Ahmedabad,Gujarat,West,VIP,2024-10-05
545,Saanvi Joshi,saanvi.joshi545@brightmail.com,88897-22142,Chandigarh,Punjab,North,Regular,2024-06-12
510,Pari Gupta,pari.gupta510@brightmail.com,917158104769,Guwahati,Assam,East,Regular,2022-05-07
705,Vivaan Sharma,vivaan.sharma705@brightmail.com,918533161205,Dehradun,Uttarakhand,north,Regular,2024-07-27
690,Aditya Kulkarni,aditya.kulkarni690@brightmail.com,+91-9882326906,Kolkata,West Bengal,East,Regular,2024-11-11
686,Suresh Joshi,suresh.joshi686@brightmail.com,+91-8497720638,Chandigarh,Punjab,North,Regular,2022-07-06
227,Sanya Nair,sanya.nair227@brightmail.com,918082634138,Ahmedabad,Gujarat,West,VIP,2025-06-07
811,  Amit Gupta  ,amit.gupta811@brightmail.com,87632-29373,Delhi,Delhi,North,Regular,2024-05-25
576,Anika Reddy,anika.reddy576@brightmail.com,+91-7236769886,Coimbatore,Tamil Nadu,South,Premium,2025-03-01
389,Meera Kulkarni,meera.kulkarni389@brightmail.com,+91-9753113073,Pune,Maharashtra,West,Regular,2022-10-04
932,Manoj Kapoor,manoj.kapoor932@brightmail.com,917259700322,Kochi,Kerala,South,Premium,2026-04-23
744,Amit Chatterjee,amit.chatterjee744@brightmail.com,919480496435,Ahmedabad,Gujarat,West,VIP,2023-03-26
612,Navya Iyer,navya.iyer612@brightmail.com,+91-7719857026,Coimbatore,Tamil Nadu,South,Regular,2024-11-17
846,Sanya Kulkarni,sanya.kulkarni846@brightmail.com,9533776818,Kolkata,West Bengal,East,Premium,2024-05-02
323,  Krishna Sharma  ,krishna.sharma323@brightmail.com,917886396657,Hyderabad,Telangana,South,Regular,2022-09-08
122,Riya Iyer,riya.iyer122@brightmail.com,+91-9372008097,Bhubaneswar,Odisha,East,Regular,2022-11-23
979,Sunita Bhat,sunita.bhat979@brightmail.com,918679527643,Bhubaneswar,Odisha,East,Regular,2026-03-20
635,Priya Nair,priya.nair635@brightmail.com,919389927475,Jaipur,Rajasthan,North,Regular,2023-02-09
911,Manoj Chatterjee,manoj.chatterjee911@brightmail.com,97341-09784,Surat,Gujarat,West,Premium,2023-02-28
785,Divya Mehta,divya.mehta785@brightmail.com,+91-9560359752,Mumbai,Maharashtra,West,Regular,2025-09-30
666,Kabir Chatterjee,kabir.chatterjee666@brightmail.com,+91-8289285206,Jaipur,Rajasthan,North,Premium,2024-07-10
944,Vivaan Verma,,+91-9332987799,Kochi,Kerala,South,VIP,2024-08-22
83,Divya Bhat,,919735501820,Kolkata,West Bengal,East,Regular,2025-08-28
230,Aditya Pillai,aditya.pillai230@brightmail.com,81540-42113,Dehradun,Uttarakhand,North,Premium,2023-02-25
228,Vihaan Nair,vihaan.nair228@brightmail.com,918129623076,Patna,Bihar,East,Regular,2026-02-26
910,Kabir Bhat,kabir.bhat910@brightmail.com,89447-24098,Hyderabad,Telangana,South,Premium,2024-12-29
94,Karan Pillai,karan.pillai94@brightmail.com,918469593594,Nagpur,Maharashtra,West,Premium,2024-04-20
343,Kabir Singh,kabir.singh343@brightmail.com,918515324964,Ranchi,Jharkhand,East,Premium,2024-09-19
236,Farhan Reddy,farhan.reddy236@brightmail.com,70978-66859,Ahmedabad,Gujarat,West,Regular,2024-04-26
100,Manoj Bhat,manoj.bhat100@brightmail.com,918656999232,Jaipur,Rajasthan,North,Regular,2022-01-28
409,Manoj Gupta,manoj.gupta409@brightmail.com,919569022199,Mumbai,Maharashtra,West,Regular,2024-12-22
435,  Karan Patel  ,karan.patel435@brightmail.com,74158-71593,Guwahati,Assam,East,VIP,2022-10-07
496,Ritu Shetty,,82581-49776,Dehradun,Uttarakhand,NORTH,Regular,2023-07-02
278,Sai Patel,sai.patel278@brightmail.com,+91-9261387040,Mumbai,Maharashtra,West,Regular,2023-11-23
913,Myra Rao,myra.rao913@brightmail.com,7865042140,Surat,Gujarat,West,Regular,2022-08-11
490,Pooja Rao,pooja.rao490@brightmail.com,917856251770,Kolkata,West Bengal,East,Regular,2022-03-23
470,Navya Gupta,navya.gupta470@brightmail.com,90626-44291,Nagpur,Maharashtra,West,Premium,2024-07-20
321,Ishaan Pillai,ishaan.pillai321@brightmail.com,7978625379,Jaipur,Rajasthan,North,Premium,2024-12-17
609,Vihaan Reddy,vihaan.reddy609@brightmail.com,+91-8654092428,Hyderabad,Telangana,South,Premium,2023-06-29
195,Aditya Rao,,7672312590,Bhubaneswar,Odisha,East,Regular,2023-11-11
214,Priya Joshi,priya.joshi214@brightmail.com,99991-96761,Chandigarh,Punjab,North,Regular,2026-01-21
260,Vivaan Mehta,vivaan.mehta260@brightmail.com,8956366921,Jaipur,Rajasthan,North,Regular,2025-05-08
940,Pooja Pillai,pooja.pillai940@brightmail.com,+91-7915967131,Chennai,Tamil Nadu,South,Regular,2022-04-28
623,Rahul Iyer,rahul.iyer623@brightmail.com,918576939346,Ahmedabad,Gujarat,West,Regular,2026-03-25
903,Pari Gupta,pari.gupta903@brightmail.com,+91-8355483859,Patna,Bihar,East,Premium,2026-04-19
235,Priya Agarwal,priya.agarwal235@brightmail.com,918982488943,Chennai,Tamil Nadu,South,Premium,2023-02-01
862,Navya Nair,navya.nair862@brightmail.com,85121-05003,Nagpur,Maharashtra,West,Premium,2025-11-13
575,Priya Kulkarni,priya.kulkarni575@brightmail.com,+91-8039628338,Pune,Maharashtra,West,Regular,2024-07-12
8,Ishaan Pillai,ishaan.pillai8@brightmail.com,918743689519,Patna,Bihar,East,VIP,2025-01-27
37,Zoya Joshi,zoya.joshi37@brightmail.com,918036974998,Jaipur,Rajasthan,North,Regular,2025-01-28
33,Farhan Das,farhan.das33@brightmail.com,9426805141,Mumbai,Maharashtra,West,Regular,2025-01-13
454,Navya Iyer,navya.iyer454@brightmail.com,99968-72399,Dehradun,Uttarakhand,North,Premium,2025-09-08
116,Riya Kulkarni,riya.kulkarni116@brightmail.com,+91-8067949237,Surat,Gujarat,West,Premium,2025-12-24
52,Meera Verma,meera.verma52@brightmail.com,+91-8743846223,Coimbatore,Tamil Nadu,South,Regular,2024-04-29
592,Amit Agarwal,amit.agarwal592@brightmail.com,94947-98161,Ranchi,Jharkhand,East,Regular,2022-06-15
859,Neha Nair,neha.nair859@brightmail.com,72585-52959,Pune,Maharashtra,West,Regular,2024-02-12
781,Manoj   Bhat,manoj.bhat781@brightmail.com,7379516284,Delhi,Delhi,North,Premium,2023-11-25
831,  Rahul Agarwal  ,rahul.agarwal831@brightmail.com,9488622700,Delhi,Delhi,North,Regular,2024-09-16
226,Rajesh Reddy,rajesh.reddy226@brightmail.com,917050008109,Coimbatore,Tamil Nadu,South,Premium,2022-06-10
53,Rajesh Mehta,,+91-7398674504,Surat,Gujarat,West,Premium,2024-07-25
22,Sunita Chatterjee,sunita.chatterjee22@brightmail.com,84261-20303,Bhubaneswar,Odisha,East,Premium,2022-07-13
863,Deepak Das,deepak.das863@brightmail.com,89827-03160,Chandigarh,Punjab,North,Regular,2023-11-22
199,Arjun Kulkarni,arjun.kulkarni199@brightmail.com,917148042962,Guwahati,Assam,East,Regular,2022-06-05
168,Kabir Nair,kabir.nair168@brightmail.com,75102-49447,Jaipur,Rajasthan,North,Regular,2023-07-12
706,Sanya Chatterjee,sanya.chatterjee706@brightmail.com,9538397940,Patna,Bihar,East,Regular,2026-02-26
721,Meera Reddy,meera.reddy721@brightmail.com,919797081092,Ahmedabad,Gujarat,West,VIP,2023-10-28
515,Divya Gupta,divya.gupta515@brightmail.com,917534902102,Kochi,Kerala,South,Regular,2024-04-30
504,Pari Singh,pari.singh504@brightmail.com,7091063794,Lucknow,Uttar Pradesh,North,Regular,2024-09-03
614,Aarav Iyer,,90188-87148,Ahmedabad,Gujarat,West,Regular,2023-01-05
442,Zoya Rao,zoya.rao442@brightmail.com,85604-96930,Ahmedabad,Gujarat,West,Regular,2022-08-19
625,Rahul Patel,rahul.patel625@brightmail.com,+91-7837867454,Bengaluru,Karnataka,South,Regular,2022-12-09
620,Meera Singh,meera.singh620@brightmail.com,917959937122,Jaipur,Rajasthan,North,Regular,2023-12-26
988,Sunita Verma,sunita.verma988@brightmail.com,+91-8776065879,Bengaluru,Karnataka,South,Premium,2024-06-25
518,Vivaan Bhat,vivaan.bhat518@brightmail.com,+91-9942350322,Nagpur,Maharashtra,West,Premium,2022-10-28
542,  Rahul Das  ,rahul.das542@brightmail.com,73776-41647,Mumbai,Maharashtra,West,Regular,2024-06-26
257,Rajesh Patel,rajesh.patel257@brightmail.com,7386123753,Bhubaneswar,Odisha,East,VIP,2022-03-05
668,Navya Menon,navya.menon668@brightmail.com,+91-8398864014,Guwahati,Assam,East,Premium,2022-02-21
892,Zoya Joshi,zoya.joshi892@brightmail.com,88219-65352,Dehradun,Uttarakhand,North,VIP,2024-01-05
319,Anjali Kapoor,anjali.kapoor319@brightmail.com,919420265536,Pune,Maharashtra,West,Premium,2023-09-25
161,Isha Mehta,isha.mehta161@brightmail.com,+91-8463139073,Bengaluru,Karnataka,South,Regular,2025-11-10
345,Rahul Sharma,rahul.sharma345@brightmail.com,+91-7538955802,Hyderabad,Telangana,South,Premium,2023-09-12
11,Kavita Verma,kavita.verma11@brightmail.com,917368847902,Bhubaneswar,Odisha,East,VIP,2023-01-10
147,Farhan Das,farhan.das147@brightmail.com,77577-11000,Chennai,Tamil Nadu,South,Regular,2023-05-18
64,Anika Menon,anika.menon64@brightmail.com,+91-8757868867,Coimbatore,Tamil Nadu,South,Regular,2022-04-20
618,Navya Nair,navya.nair618@brightmail.com,+91-8241036249,Ranchi,Jharkhand,East,Regular,2024-06-27
444,Manoj Mehta,manoj.mehta444@brightmail.com,917426882524,Guwahati,Assam,East,Premium,2024-08-25
675,Kabir Sharma,kabir.sharma675@brightmail.com,75638-42862,Nagpur,Maharashtra,West,Regular,2024-02-19
192,Neha Rao,neha.rao192@brightmail.com,+91-7960305242,Ranchi,Jharkhand,East,Regular,2022-03-08
245,Amit Kapoor,amit.kapoor245@brightmail.com,917126004792,Lucknow,Uttar Pradesh,North,Premium,2024-02-28
907,Deepak Gupta,deepak.gupta907@brightmail.com,919784347733,Ahmedabad,Gujarat,West,Regular,2025-09-18
654,Ananya Patel,ananya.patel654@brightmail.com,+91-8578294379,Surat,Gujarat,West,Premium,2025-01-24
112,Amit Nair,amit.nair112@brightmail.com,917924807223,Ranchi,Jharkhand,East,Premium,2025-05-15
80,Pooja Iyer,pooja.iyer80@brightmail.com,8732825434,Dehradun,Uttarakhand,North,Regular,2022-08-05
759,Pari Kapoor,pari.kapoor759@brightmail.com,92358-17640,Bengaluru,Karnataka,South,VIP,2026-02-05
251,Saanvi Patel,saanvi.patel251@brightmail.com,918051695945,Hyderabad,Telangana,South,Premium,2023-09-27
90,Anjali Sharma,anjali.sharma90@brightmail.com,77507-67216,Ranchi,Jharkhand,East,Regular,2025-03-06
66,Divya Chatterjee,divya.chatterjee66@brightmail.com,7173194713,Hyderabad,Telangana,South,Regular,2025-12-14
714,Pooja Joshi,pooja.joshi714@brightmail.com,+91-8979950246,Surat,Gujarat,West,Regular,2025-09-19
76,Arjun Agarwal,arjun.agarwal76@brightmail.com,918030566570,Nagpur,Maharashtra,West,Regular,2026-01-08
552,Farhan Gupta,farhan.gupta552@brightmail.com,7569767194,Nagpur,Maharashtra,West,Premium,2022-03-10
166,Anika Singh,anika.singh166@brightmail.com,87592-79643,Bengaluru,Karnataka,South,Regular,2024-04-12
364,Navya Kapoor,navya.kapoor364@brightmail.com,7382329367,Chennai,Tamil Nadu,South,Regular,2023-02-27
516,Priya Iyer,priya.iyer516@brightmail.com,94850-47526,Delhi,Delhi,North,Regular,2025-01-21
789,Saanvi Chatterjee,saanvi.chatterjee789@brightmail.com,+91-9091530654,Ranchi,Jharkhand,East,Regular,2025-10-31
603,Farhan Nair,farhan.nair603@brightmail.com,84228-37491,Dehradun,Uttarakhand,North,Premium,2024-01-06
649,Kavita Kulkarni,kavita.kulkarni649@brightmail.com,99462-00587,Ranchi,Jharkhand,East,Regular,2023-11-30
912,Manoj Verma,manoj.verma912@brightmail.com,+91-9185599293,Patna,Bihar,East,Regular,2026-01-29
530,Ananya Bhat,ananya.bhat530@brightmail.com,78671-53155,Mumbai,Maharashtra,West,Regular,2025-07-11
282,Meera Pillai,meera.pillai282@brightmail.com,9963362260,Kochi,Kerala,South,Premium,2023-10-27
359,Arjun Patel,,90432-91610,Lucknow,Uttar Pradesh,North,Regular,2024-12-17
731,Arjun Mehta,arjun.mehta731@brightmail.com,+91-8571079857,Jaipur,Rajasthan,North,Regular,2022-09-19
487,Myra Singh,myra.singh487@brightmail.com,919239088576,Delhi,Delhi,North,Regular,2022-03-10
804,Suresh Joshi,suresh.joshi804@brightmail.com,79977-60719,Mumbai,Maharashtra,West,Premium,2026-03-16
2,Kavita Mehta,kavita.mehta2@brightmail.com,+91-8920834547,Kochi,Kerala,South,Regular,2022-01-24
826,Arjun Reddy,,918185154195,Ranchi,Jharkhand,east,Premium,2022-01-12
784,Deepak Patel,deepak.patel784@brightmail.com,918534866167,Patna,Bihar,East,Premium,2022-01-14
800,Manoj Patel,manoj.patel800@brightmail.com,+91-7871666049,Kolkata,West Bengal,East,Regular,2025-11-13
318,Kavita Das,kavita.das318@brightmail.com,+91-8686836676,Lucknow,Uttar Pradesh,North,Premium,2026-02-01
740,Aarav   Kapoor,aarav.kapoor740@brightmail.com,+91-8967499445,Dehradun,Uttarakhand,North,Premium,2022-10-22
538,Manoj Chatterjee,manoj.chatterjee538@brightmail.com,+91-7753994371,Pune,Maharashtra,West,Premium,2025-10-27
702,Sanya   Shetty,sanya.shetty702@brightmail.com,917971178843,Hyderabad,Telangana,South,Regular,2024-01-05
407,Aditya Reddy,aditya.reddy407@brightmail.com,+91-8129502532,Chandigarh,Punjab,North,Regular,2024-05-03
533,Zoya Verma,zoya.verma533@brightmail.com,918673140604,Ranchi,Jharkhand,East,Regular,2024-06-22
536,Ritu Patel,ritu.patel536@brightmail.com,917039351502,Nagpur,Maharashtra,West,Regular,2025-02-09
692,  Kavita Iyer  ,kavita.iyer692@brightmail.com,9987019512,Chandigarh,Punjab,North,Regular,2022-02-12
823,Saanvi Verma,saanvi.verma823@brightmail.com,+91-8890456883,Pune,Maharashtra,West,Regular,2024-04-10
650,Isha Das,isha.das650@brightmail.com,75911-76366,Coimbatore,Tamil Nadu,South,Regular,2025-03-02
543,Riya Singh,riya.singh543@brightmail.com,919548596649,Kochi,Kerala,South,Regular,2024-10-24
106,Divya Iyer,divya.iyer106@brightmail.com,919427574622,Chennai,Tamil Nadu,SOUTH,Regular,2022-05-09
492,Sanya Sharma,sanya.sharma492@brightmail.com,+91-7939196468,Kolkata,West Bengal,East,Regular,2025-09-18
360,Pooja Shetty,pooja.shetty360@brightmail.com,+91-9684222737,Surat,Gujarat,WEST,VIP,2022-06-11
475,Anjali Nair,anjali.nair475@brightmail.com,+91-7558005516,Guwahati,Assam,East,Regular,2025-02-01
60,Meera Joshi,meera.joshi60@brightmail.com,917544559740,Bhubaneswar,Odisha,East,Regular,2022-08-06
382,Pari Kulkarni,pari.kulkarni382@brightmail.com,919452087792,Nagpur,Maharashtra,West,Regular,2025-09-24
888,Zoya Mehta,zoya.mehta888@brightmail.com,92867-13928,Bhubaneswar,Odisha,East,Regular,2024-01-04
376,Sanya Nair,sanya.nair376@brightmail.com,9251513443,Lucknow,Uttar Pradesh,North,Premium,2026-03-09
936,Deepak Nair,deepak.nair936@brightmail.com,93998-42522,Ranchi,Jharkhand,East,Premium,2024-07-01
927,Farhan   Sharma,farhan.sharma927@brightmail.com,9119521883,Coimbatore,Tamil Nadu,South,Regular,2024-11-23
737,Farhan Reddy,farhan.reddy737@brightmail.com,+91-8474807480,Mumbai,Maharashtra,West,Regular,2026-01-01
511,Anika Patel,anika.patel511@brightmail.com,+91-7734393798,Ranchi,Jharkhand,East,Premium,2023-05-01
284,Vikram Mehta,vikram.mehta284@brightmail.com,71243-51698,Delhi,Delhi,North,Regular,2022-08-05
638,Divya Nair,divya.nair638@brightmail.com,+91-9882108896,Guwahati,Assam,East,Regular,2022-12-31
74,Anjali Verma,anjali.verma74@brightmail.com,8296633393,Guwahati,Assam,East,Regular,2025-01-12
312,Anika Mehta,anika.mehta312@brightmail.com,+91-9428381280,Bhubaneswar,Odisha,East,Regular,2023-11-13
797,Divya Pillai,divya.pillai797@brightmail.com,917174274811,Chandigarh,Punjab,North,Regular,2023-06-07
685,Priya Menon,priya.menon685@brightmail.com,73606-76135,Guwahati,Assam,East,Premium,2022-10-08
629,Pari Pillai,pari.pillai629@brightmail.com,+91-7064461712,Surat,Gujarat,West,Premium,2022-03-06
805,Saanvi Agarwal,saanvi.agarwal805@brightmail.com,917835769550,Delhi,Delhi,North,Regular,2023-08-08
870,Sanya Reddy,sanya.reddy870@brightmail.com,8650826000,Patna,Bihar,East,Premium,2025-12-27
571,Priya Sharma,priya.sharma571@brightmail.com,9517341755,Patna,Bihar,East,Regular,2025-09-04
750,Sanya Verma,sanya.verma750@brightmail.com,919496942725,Mumbai,Maharashtra,West,Regular,2022-08-24
458,Pooja Gupta,pooja.gupta458@brightmail.com,94438-45872,Kolkata,West Bengal,East,Regular,2026-01-21
464,Anjali   Patel,anjali.patel464@brightmail.com,9036154492,Mumbai,Maharashtra,West,VIP,2022-12-28
661,Isha Das,isha.das661@brightmail.com,98392-12616,Pune,Maharashtra,West,Regular,2023-04-06
605,Krishna Iyer,krishna.iyer605@brightmail.com,919238215428,Chennai,Tamil Nadu,South,Regular,2024-09-05
408,Manoj Patel,manoj.patel408@brightmail.com,7788455200,Chandigarh,Punjab,North,Regular,2026-03-10
19,Deepak Singh,deepak.singh19@brightmail.com,76968-69801,Mumbai,Maharashtra,West,Regular,2022-04-09
942,Myra Menon,myra.menon942@brightmail.com,918588589735,Patna,Bihar,East,Premium,2026-02-23
743,Pooja Shetty,pooja.shetty743@brightmail.com,918191106844,Coimbatore,Tamil Nadu,South,Regular,2024-01-05
25,Suresh Patel,suresh.patel25@brightmail.com,7423617158,Surat,Gujarat,West,Regular,2022-08-06
196,Ritu Chatterjee,ritu.chatterjee196@brightmail.com,+91-7387246582,Delhi,Delhi,North,VIP,2023-06-23
136,Diya Menon,diya.menon136@brightmail.com,918768051808,Pune,Maharashtra,West,Regular,2024-01-24
182,Pooja Agarwal,pooja.agarwal182@brightmail.com,+91-7578374563,Coimbatore,Tamil Nadu,South,Regular,2024-10-07
378,Meera Menon,meera.menon378@brightmail.com,+91-8764383965,Mumbai,Maharashtra,West,Regular,2023-10-05
420,Amit Menon,amit.menon420@brightmail.com,90135-15720,Bengaluru,Karnataka,South,Regular,2025-04-03
718,Ananya Reddy,ananya.reddy718@brightmail.com,8955640769,Bhubaneswar,Odisha,East,Regular,2022-03-26
748,Rohan Mehta,,+91-9573492961,Ahmedabad,Gujarat,West,Regular,2025-09-27
776,Krishna Chatterjee,krishna.chatterjee776@brightmail.com,91526-26936,Patna,Bihar,East,Regular,2024-08-05
660,Anjali Patel,anjali.patel660@brightmail.com,+91-8485692142,Bengaluru,Karnataka,South,Regular,2022-10-25
962,Ishaan Agarwal,ishaan.agarwal962@brightmail.com,918278828300,Bhubaneswar,Odisha,East,Premium,2023-02-16
56,Vivaan Rao,,8641051805,Kolkata,West Bengal,East,Regular,2023-12-13
715,Krishna Menon,krishna.menon715@brightmail.com,9150208727,Chennai,Tamil Nadu,South,Regular,2022-09-20
416,Rohan Joshi,rohan.joshi416@brightmail.com,917527615082,Coimbatore,Tamil Nadu,South,Regular,2025-09-30
892,Zoya Joshi,zoya.joshi892@brightmail.com,88219-65352,Dehradun,Uttarakhand,North,VIP,2024-01-05
79,Riya Singh,riya.singh79@brightmail.com,9787892505,Hyderabad,Telangana,South,Premium,2022-12-07
773,Farhan Verma,farhan.verma773@brightmail.com,918943977820,Kochi,Kerala,South,Regular,2022-12-16
114,Deepak Das,deepak.das114@brightmail.com,918370785866,Guwahati,Assam,East,Regular,2022-01-30
842,Isha Kapoor,isha.kapoor842@brightmail.com,+91-9677324595,Lucknow,Uttar Pradesh,North,Regular,2022-12-25
440,Kavita Verma,kavita.verma440@brightmail.com,+91-7173606160,Ahmedabad,Gujarat,West,Regular,2024-03-24
891,Pooja Verma,pooja.verma891@brightmail.com,+91-8682356837,Ranchi,Jharkhand,East,Premium,2022-10-13
571,Priya Sharma,priya.sharma571@brightmail.com,9517341755,Patna,Bihar,East,Regular,2025-09-04
77,Divya Singh,divya.singh77@brightmail.com,918315541091,Kolkata,West Bengal,East,Regular,2023-01-22
677,Riya Patel,riya.patel677@brightmail.com,919796850320,Lucknow,Uttar Pradesh,North,Regular,2025-05-06
291,Aditya Pillai,aditya.pillai291@brightmail.com,+91-8873613928,Dehradun,Uttarakhand,NORTH,Regular,2024-02-24
546,Meera Verma,meera.verma546@brightmail.com,+91-9941191249,Mumbai,Maharashtra,West,Regular,2022-08-03
486,Rohan Kapoor,rohan.kapoor486@brightmail.com,917815538009,Delhi,Delhi,North,Regular,2024-05-12
123,Riya Sharma,riya.sharma123@brightmail.com,81624-67500,Chennai,Tamil Nadu,South,Regular,2025-03-27
947,  Pooja Patel  ,pooja.patel947@brightmail.com,918997163195,Chandigarh,Punjab,North,Regular,2022-10-29
395,Manoj Menon,manoj.menon395@brightmail.com,92360-79901,Jaipur,Rajasthan,North,Premium,2023-09-30
347,Kabir Pillai,kabir.pillai347@brightmail.com,+91-7574769944,Bengaluru,Karnataka,South,Regular,2025-11-24
915,Diya Sharma,diya.sharma915@brightmail.com,+91-8625107177,Chandigarh,Punjab,North,Regular,2024-12-11
247,Divya Pillai,divya.pillai247@brightmail.com,+91-7926827519,Pune,Maharashtra,West,VIP,2025-03-27
329,Farhan Kulkarni,farhan.kulkarni329@brightmail.com,+91-9326333044,Coimbatore,Tamil Nadu,South,Regular,2023-11-27
479,Aadhya Kapoor,aadhya.kapoor479@brightmail.com,9561514024,Nagpur,Maharashtra,West,VIP,2023-11-04
693,  Ritu Das  ,ritu.das693@brightmail.com,74109-05338,Kochi,Kerala,South,Regular,2022-03-11
849,Manoj Nair,manoj.nair849@brightmail.com,+91-8873987563,Delhi,Delhi,North,Premium,2025-02-18
149,Isha Pillai,isha.pillai149@brightmail.com,80571-74432,Mumbai,Maharashtra,West,Regular,2022-04-02
474,Rohan Iyer,rohan.iyer474@brightmail.com,918148329189,Bengaluru,Karnataka,South,Regular,2026-01-05
885,Rajesh Mehta,rajesh.mehta885@brightmail.com,+91-8667736442,Surat,Gujarat,West,Regular,2022-01-29
815,  Anjali Iyer  ,anjali.iyer815@brightmail.com,+91-7733654291,Ranchi,Jharkhand,East,Premium,2022-03-04
584,Vihaan Menon,vihaan.menon584@brightmail.com,+91-8491881068,Hyderabad,Telangana,South,Regular,2026-05-13
467,Anjali Rao,anjali.rao467@brightmail.com,9862655748,Ranchi,Jharkhand,East,VIP,2025-06-24
723,Isha Rao,isha.rao723@brightmail.com,+91-9560408582,Chandigarh,Punjab,North,Regular,2022-01-18
999,Isha Chatterjee,isha.chatterjee999@brightmail.com,+91-7968780338,Guwahati,Assam,East,Regular,2022-06-24
392,Aditya Verma,aditya.verma392@brightmail.com,99207-92007,Delhi,Delhi,North,Regular,2022-04-22
974,Arjun Verma,arjun.verma974@brightmail.com,+91-8390855040,Guwahati,Assam,East,Regular,2025-05-16
828,Arjun Bhat,arjun.bhat828@brightmail.com,+91-7344223312,Hyderabad,Telangana,South,Regular,2024-08-16
984,Pooja Kulkarni,pooja.kulkarni984@brightmail.com,8766008782,Lucknow,Uttar Pradesh,North,Regular,2025-03-04
951,Sai Kapoor,sai.kapoor951@brightmail.com,919325423075,Chandigarh,Punjab,North,Regular,2024-02-21
50,Meera Gupta,meera.gupta50@brightmail.com,+91-8494985580,Lucknow,Uttar Pradesh,North,Regular,2023-11-06
295,Suresh Menon,suresh.menon295@brightmail.com,+91-7486292226,Ahmedabad,Gujarat,West,Premium,2022-07-07
119,Arjun Shetty,arjun.shetty119@brightmail.com,+91-8485410266,Hyderabad,Telangana,South,Premium,2024-04-17
163,Myra Kulkarni,myra.kulkarni163@brightmail.com,8954881134,Pune,Maharashtra,West,Regular,2023-08-29
314,Meera Iyer,meera.iyer314@brightmail.com,917028626644,Dehradun,Uttarakhand,North,Regular,2022-10-17
445,Amit Mehta,amit.mehta445@brightmail.com,7830476072,Bengaluru,Karnataka,South,Regular,2023-05-21
779,Diya Joshi,diya.joshi779@brightmail.com,8577259223,Kochi,Kerala,South,Regular,2026-04-15
423,Krishna Mehta,krishna.mehta423@brightmail.com,8225432846,Bengaluru,Karnataka,South,Regular,2023-01-14
795,Saanvi Nair,saanvi.nair795@brightmail.com,+91-9791614113,Chandigarh,Punjab,North,Premium,2026-04-28
31,Ishaan Menon,ishaan.menon31@brightmail.com,918755967403,Pune,Maharashtra,West,Premium,2022-08-19
232,Aditya Bhat,aditya.bhat232@brightmail.com,+91-9545903587,Pune,Maharashtra,west,VIP,2025-04-27
598,Farhan Pillai,farhan.pillai598@brightmail.com,7229047505,Chennai,Tamil Nadu,South,Regular,2025-06-13
133,Sai Sharma,sai.sharma133@brightmail.com,+91-8915303872,Kolkata,West Bengal,East,Regular,2024-04-06
694,  Ananya Agarwal  ,ananya.agarwal694@brightmail.com,+91-8275056149,Bhubaneswar,Odisha,East,Premium,2023-05-31
317,Kabir Verma,kabir.verma317@brightmail.com,8077403868,Chandigarh,Punjab,North,Regular,2023-03-26
469,Krishna   Bhat,krishna.bhat469@brightmail.com,+91-8741699096,Kochi,Kerala,South,Regular,2022-03-16
160,Vihaan Iyer,vihaan.iyer160@brightmail.com,+91-9733894407,Lucknow,Uttar Pradesh,North,Premium,2024-06-14
12,Neha Mehta,neha.mehta12@brightmail.com,918122973827,Pune,Maharashtra,West,Regular,2024-07-09
856,  Kabir Joshi  ,kabir.joshi856@brightmail.com,+91-7565083806,Jaipur,Rajasthan,North,VIP,2026-04-29
860,Vivaan Chatterjee,vivaan.chatterjee860@brightmail.com,+91-8284061277,Pune,Maharashtra,West,Regular,2025-02-04
258,Ritu Agarwal,ritu.agarwal258@brightmail.com,8872831220,Nagpur,Maharashtra,West,Premium,2022-10-06
451,Ritu Agarwal,ritu.agarwal451@brightmail.com,8467758006,Ahmedabad,Gujarat,West,Regular,2026-03-19
930,Neha Patel,neha.patel930@brightmail.com,+91-7992130419,Patna,Bihar,East,Regular,2025-02-09
405,Sunita Rao,sunita.rao405@brightmail.com,79194-08409,Delhi,Delhi,North,VIP,2023-10-09
269,Pari Bhat,pari.bhat269@brightmail.com,75481-83625,Kolkata,West Bengal,East,Regular,2022-03-18
762,Anika Kapoor,anika.kapoor762@brightmail.com,9553829976,Dehradun,Uttarakhand,North,Regular,2025-10-30
997,Meera Mehta,meera.mehta997@brightmail.com,74906-96003,Surat,Gujarat,West,Regular,2025-12-25
976,Saanvi Rao,saanvi.rao976@brightmail.com,+91-9291907635,Pune,Maharashtra,West,Premium,2025-10-18
764,Pooja Joshi,pooja.joshi764@brightmail.com,+91-8551131408,Ahmedabad,Gujarat,West,VIP,2025-11-09
180,Diya Verma,diya.verma180@brightmail.com,7534252300,Bengaluru,Karnataka,South,Regular,2024-06-23
349,Pooja Reddy,pooja.reddy349@brightmail.com,+91-8644643881,Kochi,Kerala,South,VIP,2023-12-01
450,Deepak   Rao,deepak.rao450@brightmail.com,+91-9788243301,Mumbai,Maharashtra,West,Regular,2025-01-31
241,Aditya Menon,aditya.menon241@brightmail.com,+91-7246985399,Coimbatore,Tamil Nadu,South,VIP,2022-07-29
507,Riya Kulkarni,riya.kulkarni507@brightmail.com,8982253903,Hyderabad,Telangana,South,Regular,2022-12-29
167,Manoj Sharma,manoj.sharma167@brightmail.com,+91-8220233067,Bengaluru,Karnataka,South,Regular,2022-02-21
746,Deepak Bhat,deepak.bhat746@brightmail.com,+91-7792131449,Chennai,Tamil Nadu,South,Regular,2024-06-26
480,Karan Rao,karan.rao480@brightmail.com,9259207731,Coimbatore,Tamil Nadu,South,Regular,2022-12-03
989,Sunita Rao,sunita.rao989@brightmail.com,917184002188,Kochi,Kerala,South,Regular,2022-10-07
338,Anjali Verma,anjali.verma338@brightmail.com,83929-86800,Bhubaneswar,Odisha,East,Premium,2025-06-17
62,Sunita Gupta,sunita.gupta62@brightmail.com,90626-13627,Patna,Bihar,East,Regular,2022-11-08
461,Vikram Shetty,vikram.shetty461@brightmail.com,73238-41190,Delhi,Delhi,North,Premium,2022-03-29
836,Aditya Kapoor,aditya.kapoor836@brightmail.com,+91-7997135721,Surat,Gujarat,West,Premium,2022-10-08
54,Vikram Rao,vikram.rao54@brightmail.com,7682338150,Hyderabad,Telangana,South,Regular,2023-03-26
809,Vikram Agarwal,vikram.agarwal809@brightmail.com,9876596419,Ranchi,Jharkhand,East,Regular,2022-09-17
599,Diya   Shetty,diya.shetty599@brightmail.com,+91-8819286169,Chennai,Tamil Nadu,South,Regular,2024-06-14
664,Kabir Iyer,kabir.iyer664@brightmail.com,919339279943,Hyderabad,Telangana,South,Regular,2025-11-03
577,Riya Agarwal,riya.agarwal577@brightmail.com,+91-9796781275,Kochi,Kerala,South,Regular,2024-07-29
928,Ritu Kulkarni,ritu.kulkarni928@brightmail.com,8186557239,Bhubaneswar,Odisha,East,Regular,2022-12-05
707,Meera Mehta,meera.mehta707@brightmail.com,72839-63489,Chennai,Tamil Nadu,South,Regular,2025-04-04
46,Divya Shetty,divya.shetty46@brightmail.com,919576412650,Nagpur,Maharashtra,West,Regular,2022-12-11
350,Karan Rao,karan.rao350@brightmail.com,+91-8713941226,Coimbatore,Tamil Nadu,South,Premium,2026-02-06
964,Karan Kulkarni,karan.kulkarni964@brightmail.com,79748-31210,Ranchi,Jharkhand,East,VIP,2024-05-08
608,Krishna Agarwal,krishna.agarwal608@brightmail.com,8323582677,Kolkata,West Bengal,East,VIP,2025-12-11
40,Manoj Patel,manoj.patel40@brightmail.com,71627-84615,Lucknow,Uttar Pradesh,North,VIP,2025-08-12
651,Karan Nair,karan.nair651@brightmail.com,83517-53979,Chennai,Tamil Nadu,South,Premium,2025-04-09
501,Vihaan Das,,+91-9522532277,Patna,Bihar,East,Regular,2022-10-16
340,Aadhya Nair,aadhya.nair340@brightmail.com,919293853620,Lucknow,Uttar Pradesh,North,Regular,2024-12-22
357,Aarav Kulkarni,aarav.kulkarni357@brightmail.com,71832-56367,Nagpur,Maharashtra,West,Regular,2025-01-07
138,Meera Kulkarni,meera.kulkarni138@brightmail.com,+91-7271737315,Mumbai,Maharashtra,West,Premium,2023-09-25
148,Vikram Singh,,90376-71495,Hyderabad,Telangana,South,Regular,2024-03-09
151,Meera Mehta,meera.mehta151@brightmail.com,7537351035,Ranchi,Jharkhand,East,Regular,2023-01-25
908,Ishaan Bhat,ishaan.bhat908@brightmail.com,7961073629,Mumbai,Maharashtra,West,Regular,2025-04-21
478,Vivaan Nair,vivaan.nair478@brightmail.com,90465-57313,Ranchi,Jharkhand,East,Premium,2025-08-06
648,Diya Sharma,diya.sharma648@brightmail.com,+91-8056623029,Ahmedabad,Gujarat,West,Regular,2023-08-20
48,Aadhya Joshi,aadhya.joshi48@brightmail.com,918861221192,Pune,Maharashtra,West,Premium,2025-09-07
548,Riya Das,riya.das548@brightmail.com,91902-01076,Nagpur,Maharashtra,West,Premium,2024-09-13
415,Vikram Pillai,vikram.pillai415@brightmail.com,+91-9259523483,Jaipur,Rajasthan,North,Regular,2022-09-11
155,Kabir Kapoor,kabir.kapoor155@brightmail.com,72285-40229,Surat,Gujarat,West,Premium,2025-11-01
129,Farhan Reddy,farhan.reddy129@brightmail.com,+91-9216355989,Chennai,Tamil Nadu,South,Regular,2023-02-17
27,Ananya Rao,,919844499597,Chandigarh,Punjab,North,Regular,2023-04-27
909,Saanvi Pillai,saanvi.pillai909@brightmail.com,+91-8084856880,Chandigarh,Punjab,North,Regular,2022-08-08
387,Aadhya Patel,aadhya.patel387@brightmail.com,97658-02217,Mumbai,Maharashtra,west,Premium,2024-08-05
876,Farhan Pillai,farhan.pillai876@brightmail.com,75161-06439,Pune,Maharashtra,West,Regular,2024-07-25
972,  Zoya Chatterjee  ,zoya.chatterjee972@brightmail.com,918335952910,Chennai,Tamil Nadu,South,Regular,2024-01-14
688,Zoya Agarwal,zoya.agarwal688@brightmail.com,80983-42667,Pune,Maharashtra,West,Premium,2022-07-05
590,Arjun Rao,arjun.rao590@brightmail.com,81836-17517,Ranchi,Jharkhand,East,Regular,2024-12-12
855,Myra Rao,myra.rao855@brightmail.com,+91-9275043237,Guwahati,Assam,East,Premium,2025-08-25
939,Diya Shetty,diya.shetty939@brightmail.com,9273528811,Ranchi,Jharkhand,East,Regular,2023-04-19
215,Sunita Bhat,sunita.bhat215@brightmail.com,917850811546,Bhubaneswar,Odisha,East,Regular,2023-06-18
286,Kavita Rao,kavita.rao286@brightmail.com,86353-84390,Surat,Gujarat,West,Regular,2023-03-26
373,Manoj Chatterjee,manoj.chatterjee373@brightmail.com,83441-78149,Surat,Gujarat,West,Regular,2022-12-23
917,Meera Shetty,meera.shetty917@brightmail.com,918637025580,Pune,Maharashtra,WEST,VIP,2022-11-10
17,Vihaan Joshi,vihaan.joshi17@brightmail.com,917078503096,Kolkata,West Bengal,East,Regular,2023-10-30
325,Karan Mehta,karan.mehta325@brightmail.com,918661877752,Hyderabad,Telangana,South,Premium,2025-04-11
977,Ritu Das,ritu.das977@brightmail.com,917711736451,Pune,Maharashtra,West,Regular,2023-11-28
272,Aditya Agarwal,aditya.agarwal272@brightmail.com,95459-32411,Kolkata,West Bengal,East,Regular,2022-09-16
257,Rajesh Patel,rajesh.patel257@brightmail.com,7386123753,Bhubaneswar,Odisha,East,VIP,2022-03-05
35,Rohan Shetty,rohan.shetty35@brightmail.com,+91-9778994182,Surat,Gujarat,West,Regular,2026-03-02
919,Aadhya Das,aadhya.das919@brightmail.com,+91-9673012377,Chandigarh,Punjab,North,Regular,2024-09-03
231,Anika Bhat,anika.bhat231@brightmail.com,+91-9432821214,Coimbatore,Tamil Nadu,South,Regular,2025-06-09
469,Krishna   Bhat,krishna.bhat469@brightmail.com,+91-8741699096,Kochi,Kerala,South,Regular,2022-03-16
429,Vivaan Joshi,vivaan.joshi429@brightmail.com,+91-8716067217,Bengaluru,Karnataka,South,Regular,2025-03-21
304,Vivaan Bhat,vivaan.bhat304@brightmail.com,93934-90921,Bengaluru,Karnataka,South,Regular,2023-05-02
880,Divya Menon,divya.menon880@brightmail.com,+91-9732568426,Lucknow,Uttar Pradesh,NORTH,VIP,2025-09-16
647,Rajesh Joshi,rajesh.joshi647@brightmail.com,74563-72532,Chandigarh,Punjab,North,Regular,2024-07-08
961,Sanya Shetty,sanya.shetty961@brightmail.com,82156-83078,Patna,Bihar,East,Premium,2025-07-02
216,Pooja Patel,pooja.patel216@brightmail.com,917411754847,Chennai,Tamil Nadu,South,Regular,2022-10-10
879,Sai Singh,sai.singh879@brightmail.com,91391-13443,Coimbatore,Tamil Nadu,South,Regular,2025-12-09
807,Myra Agarwal,myra.agarwal807@brightmail.com,9672878203,Patna,Bihar,East,Regular,2026-05-08
943,Isha Sharma,,918051301090,Lucknow,Uttar Pradesh,North,Regular,2023-06-12
777,Krishna Joshi,krishna.joshi777@brightmail.com,918523504199,Mumbai,Maharashtra,West,VIP,2024-10-13
752,Suresh Joshi,suresh.joshi752@brightmail.com,9282331411,Jaipur,Rajasthan,North,VIP,2023-05-06
500,Amit Sharma,amit.sharma500@brightmail.com,9569520722,Nagpur,Maharashtra,West,Regular,2023-10-17
497,Rajesh Iyer,,+91-9611386428,Kochi,Kerala,South,Regular,2022-07-10
933,Anjali Menon,anjali.menon933@brightmail.com,918255743275,Pune,Maharashtra,West,Regular,2023-03-24
69,Navya Pillai,navya.pillai69@brightmail.com,98383-27121,Pune,Maharashtra,West,Regular,2026-01-03
84,Arjun Rao,arjun.rao84@brightmail.com,8544808258,Chennai,Tamil Nadu,South,Premium,2022-12-10
165,Neha Patel,neha.patel165@brightmail.com,919373691735,Chennai,Tamil Nadu,South,Regular,2026-04-11
960,Ananya Sharma,ananya.sharma960@brightmail.com,+91-8942842648,Guwahati,Assam,East,VIP,2023-02-12
660,Anjali Patel,anjali.patel660@brightmail.com,+91-8485692142,Bengaluru,Karnataka,South,Regular,2022-10-25
627,Vihaan Kapoor,vihaan.kapoor627@brightmail.com,918565874914,Lucknow,Uttar Pradesh,North,Premium,2025-07-25
457,  Vivaan Das  ,vivaan.das457@brightmail.com,+91-9018619678,Guwahati,Assam,East,Regular,2026-02-28
115,Rahul Das,rahul.das115@brightmail.com,7058341019,Chandigarh,Punjab,North,Regular,2025-12-23
754,Diya Bhat,diya.bhat754@brightmail.com,+91-7669331479,Hyderabad,Telangana,South,Regular,2023-10-12
700,Aadhya Singh,aadhya.singh700@brightmail.com,7626483515,Patna,Bihar,East,Regular,2022-06-13
186,Amit Agarwal,amit.agarwal186@brightmail.com,9638970073,Nagpur,Maharashtra,West,Regular,2025-05-22
388,Myra Patel,myra.patel388@brightmail.com,9967033118,Bengaluru,Karnataka,South,Premium,2022-11-18
698,Sunita   Mehta,sunita.mehta698@brightmail.com,7813694171,Ranchi,Jharkhand,East,Regular,2024-11-10
433,Sunita Nair,sunita.nair433@brightmail.com,70387-56707,Guwahati,Assam,East,Regular,2024-10-04
366,Sanya Kapoor,sanya.kapoor366@brightmail.com,+91-7011111619,Lucknow,Uttar Pradesh,North,VIP,2022-07-13
38,Rajesh Shetty,rajesh.shetty38@brightmail.com,85107-12938,Jaipur,Rajasthan,North,Premium,2025-12-09
153,Rohan Shetty,rohan.shetty153@brightmail.com,+91-7975626385,Hyderabad,Telangana,South,Regular,2023-11-29
371,Karan Mehta,karan.mehta371@brightmail.com,+91-8268601076,Kolkata,West Bengal,East,Premium,2023-07-25
254,Sunita Nair,sunita.nair254@brightmail.com,9167579725,Delhi,Delhi,North,Regular,2024-10-17
99,Sunita Verma,sunita.verma99@brightmail.com,8655290396,Patna,Bihar,East,Regular,2025-11-16
864,  Krishna Iyer  ,krishna.iyer864@brightmail.com,917930236236,Ranchi,Jharkhand,East,Regular,2023-08-25
289,Anjali Reddy,,7755401602,Bengaluru,Karnataka,South,Regular,2025-04-13
337,Sai Nair,sai.nair337@brightmail.com,+91-9472418109,Surat,Gujarat,West,Regular,2025-12-22
223,Farhan Rao,farhan.rao223@brightmail.com,919837564869,Kochi,Kerala,South,Premium,2023-02-08
73,Sai Pillai,sai.pillai73@brightmail.com,9681177170,Kochi,Kerala,South,Regular,2022-06-14
261,Sunita Rao,sunita.rao261@brightmail.com,73863-84082,Chandigarh,Punjab,North,Regular,2023-05-17
23,  Myra Singh  ,myra.singh23@brightmail.com,80647-61163,Patna,Bihar,East,Premium,2025-10-04
905,  Vikram Rao  ,vikram.rao905@brightmail.com,78782-11217,Bengaluru,Karnataka,South,Regular,2024-06-22
564,Rohan Kulkarni,rohan.kulkarni564@brightmail.com,919330746753,Jaipur,Rajasthan,NORTH,VIP,2024-06-12
894,Diya Nair,diya.nair894@brightmail.com,+91-7443999666,Bhubaneswar,Odisha,East,Regular,2025-03-15
755,Sanya Reddy,sanya.reddy755@brightmail.com,7132932300,Chandigarh,Punjab,North,Regular,2023-06-25
814,Sunita Verma,sunita.verma814@brightmail.com,+91-9440659323,Patna,Bihar,East,Premium,2023-02-16
601,Kavita Nair,kavita.nair601@brightmail.com,+91-8571935179,Chennai,Tamil Nadu,South,Regular,2024-09-11
468,Myra Mehta,myra.mehta468@brightmail.com,92268-70045,Surat,Gujarat,West,Regular,2024-08-18
103,Sai Iyer,sai.iyer103@brightmail.com,81953-51976,Bhubaneswar,Odisha,East,Regular,2024-05-02
596,Meera Rao,meera.rao596@brightmail.com,95601-36980,Hyderabad,Telangana,South,VIP,2025-04-27
736,Ishaan Pillai,ishaan.pillai736@brightmail.com,+91-8163616499,Guwahati,Assam,East,Regular,2025-03-11
131,Meera Kulkarni,meera.kulkarni131@brightmail.com,91872-83649,Kolkata,West Bengal,East,Regular,2024-05-28
995,Vihaan Das,vihaan.das995@brightmail.com,8459175616,Coimbatore,Tamil Nadu,South,Regular,2024-06-12
243,Farhan Sharma,farhan.sharma243@brightmail.com,8678223635,Jaipur,Rajasthan,North,Regular,2023-02-03
825,Sunita Shetty,sunita.shetty825@brightmail.com,7027714724,Guwahati,Assam,East,Regular,2024-03-12
380,Kabir   Iyer,kabir.iyer380@brightmail.com,9478809690,Delhi,Delhi,North,Premium,2025-01-12
829,Navya Kulkarni,navya.kulkarni829@brightmail.com,70728-14809,Chandigarh,Punjab,North,Regular,2024-03-14
171,Rohan Nair,rohan.nair171@brightmail.com,918699215862,Lucknow,Uttar Pradesh,North,Premium,2024-12-26
201,Farhan Bhat,farhan.bhat201@brightmail.com,+91-8450732881,Surat,Gujarat,West,Regular,2023-11-14
716,Rajesh Joshi,rajesh.joshi716@brightmail.com,92144-10089,Jaipur,Rajasthan,North,Premium,2025-07-31
127,Ritu Menon,ritu.menon127@brightmail.com,+91-8756325053,Ahmedabad,Gujarat,West,Regular,2022-03-11
727,Arjun Kapoor,arjun.kapoor727@brightmail.com,7459039980,Chennai,Tamil Nadu,South,Regular,2023-06-05
813,Navya Menon,navya.menon813@brightmail.com,919464950254,Patna,Bihar,East,Regular,2022-06-10
495,Ananya Gupta,ananya.gupta495@brightmail.com,+91-9796123806,Guwahati,Assam,East,Regular,2026-01-11
268,Zoya Kulkarni,zoya.kulkarni268@brightmail.com,86234-88579,Chandigarh,Punjab,North,Regular,2022-02-02
704,Vivaan Das,vivaan.das704@brightmail.com,+91-7246107369,Ahmedabad,Gujarat,West,Regular,2022-04-07
448,Kavita Patel,kavita.patel448@brightmail.com,+91-7293815891,Lucknow,Uttar Pradesh,North,Regular,2025-08-19
950,Ishaan Das,ishaan.das950@brightmail.com,918095714316,Kolkata,West Bengal,east,Regular,2022-08-14
526,Karan Menon,karan.menon526@brightmail.com,9646863369,Guwahati,Assam,East,Regular,2025-02-25
174,Sunita Menon,sunita.menon174@brightmail.com,71470-32362,Dehradun,Uttarakhand,North,Regular,2024-03-12
102,Vivaan Iyer,vivaan.iyer102@brightmail.com,8531111880,Chandigarh,Punjab,North,Regular,2025-01-21
678,Navya Menon,navya.menon678@brightmail.com,+91-9918744201,Pune,Maharashtra,West,Regular,2025-11-25
42,Ananya Menon,ananya.menon42@brightmail.com,+91-8235326502,Hyderabad,Telangana,South,Regular,2024-05-15
275,Aditya Reddy,aditya.reddy275@brightmail.com,917160901527,Lucknow,Uttar Pradesh,North,Regular,2022-01-21
954,Amit Bhat,amit.bhat954@brightmail.com,+91-9257881866,Lucknow,Uttar Pradesh,North,Premium,2023-05-30
534,Aadhya   Iyer,aadhya.iyer534@brightmail.com,87721-91079,Surat,Gujarat,West,Premium,2022-04-24
509,Vihaan Iyer,vihaan.iyer509@brightmail.com,+91-9157405226,Mumbai,Maharashtra,West,Regular,2022-08-19
602,Ananya   Patel,ananya.patel602@brightmail.com,+91-9248714484,Chandigarh,Punjab,North,Regular,2024-01-27
561,Sanya Sharma,sanya.sharma561@brightmail.com,80657-13992,Coimbatore,Tamil Nadu,South,Regular,2026-01-23
547,Amit Patel,amit.patel547@brightmail.com,918045200823,Chandigarh,Punjab,North,Premium,2024-07-31
574,Rajesh Das,rajesh.das574@brightmail.com,9910237181,Jaipur,Rajasthan,North,Regular,2026-02-06
77,Divya Singh,divya.singh77@brightmail.com,918315541091,Kolkata,West Bengal,East,Regular,2023-01-22
353,Anika Patel,anika.patel353@brightmail.com,+91-8063136502,Delhi,Delhi,North,Regular,2025-12-14
568,Kavita Joshi,kavita.joshi568@brightmail.com,919651280708,Bengaluru,Karnataka,South,Regular,2022-03-01
70,Ritu Nair,ritu.nair70@brightmail.com,98674-31352,Hyderabad,Telangana,South,Regular,2025-07-22
379,Navya Mehta,navya.mehta379@brightmail.com,917495787668,Kolkata,West Bengal,East,Regular,2022-11-08
390,Vikram Chatterjee,vikram.chatterjee390@brightmail.com,7584162848,Guwahati,Assam,East,Regular,2025-01-01
443,Priya Joshi,priya.joshi443@brightmail.com,7491576315,Surat,Gujarat,West,Premium,2023-04-06
327,Krishna Rao,krishna.rao327@brightmail.com,+91-7950194980,Chennai,Tamil Nadu,South,Regular,2022-07-19
711,Suresh Menon,suresh.menon711@brightmail.com,86845-09212,Bhubaneswar,Odisha,East,Regular,2024-02-15
772,Aadhya Nair,aadhya.nair772@brightmail.com,7083268117,Lucknow,Uttar Pradesh,North,Regular,2025-06-29
181,Farhan Shetty,farhan.shetty181@brightmail.com,918976812242,Chennai,Tamil Nadu,South,Regular,2025-03-10
190,Rohan Agarwal,rohan.agarwal190@brightmail.com,+91-7932963858,Delhi,Delhi,North,Regular,2025-03-11
287,Anjali Menon,anjali.menon287@brightmail.com,89186-13220,Kochi,Kerala,South,Regular,2022-05-19
98,Vikram   Menon,vikram.menon98@brightmail.com,+91-7567782004,Guwahati,Assam,East,VIP,2025-07-27
816,Pari Kulkarni,pari.kulkarni816@brightmail.com,+91-7672997493,Surat,Gujarat,West,Regular,2022-08-19
426,Kavita Mehta,kavita.mehta426@brightmail.com,8070701402,Coimbatore,Tamil Nadu,South,Regular,2023-04-28
573,Farhan Singh,farhan.singh573@brightmail.com,8025663084,Hyderabad,Telangana,South,Regular,2026-04-04
778,Vihaan Chatterjee,vihaan.chatterjee778@brightmail.com,92596-74514,Pune,Maharashtra,West,Regular,2023-12-11
205,Farhan Das,farhan.das205@brightmail.com,+91-7998125015,Pune,Maharashtra,West,Regular,2022-06-17
482,Deepak Shetty,deepak.shetty482@brightmail.com,+91-9837595627,Kochi,Kerala,South,Regular,2024-01-16
541,Meera Singh,meera.singh541@brightmail.com,+91-7398268785,Chennai,Tamil Nadu,South,Regular,2023-10-09
918,Manoj Kulkarni,manoj.kulkarni918@brightmail.com,77546-21161,Chennai,Tamil Nadu,South,Premium,2023-04-22
296,Isha Shetty,,7467349468,Surat,Gujarat,West,Regular,2025-02-24
369,Zoya Kulkarni,zoya.kulkarni369@brightmail.com,79826-19169,Bengaluru,Karnataka,South,Regular,2026-01-13
302,Anjali Rao,,+91-9338861935,Bhubaneswar,Odisha,East,Regular,2023-07-11
71,Anika Menon,anika.menon71@brightmail.com,84466-52985,Jaipur,Rajasthan,North,Regular,2022-10-22
600,Kavita   Kulkarni,kavita.kulkarni600@brightmail.com,8339330006,Bhubaneswar,Odisha,East,Regular,2023-08-05
583,Rohan Rao,rohan.rao583@brightmail.com,+91-8187952807,Chennai,Tamil Nadu,South,Regular,2023-09-29
883,Pari Chatterjee,pari.chatterjee883@brightmail.com,8878924162,Hyderabad,Telangana,SOUTH,Premium,2023-03-10
431,Vivaan Pillai,vivaan.pillai431@brightmail.com,+91-9530121196,Nagpur,Maharashtra,West,Regular,2026-01-24
259,Navya Joshi,navya.joshi259@brightmail.com,+91-8425304867,Patna,Bihar,East,Premium,2025-01-27
642,Rajesh Joshi,rajesh.joshi642@brightmail.com,7269863532,Hyderabad,Telangana,South,Regular,2022-01-01
588,Riya Verma,riya.verma588@brightmail.com,+91-9870278882,Ahmedabad,Gujarat,West,Regular,2025-03-10
559,Pooja Das,pooja.das559@brightmail.com,919111592554,Mumbai,Maharashtra,West,Regular,2025-09-05
263,Farhan Reddy,farhan.reddy263@brightmail.com,+91-9490239596,Guwahati,Assam,East,Premium,2022-08-06
207,Zoya Shetty,,9746459668,Chennai,Tamil Nadu,South,Premium,2023-04-18
765,Anika Joshi,anika.joshi765@brightmail.com,8055984144,Kochi,Kerala,south,Regular,2025-07-25
667,  Suresh Kulkarni  ,suresh.kulkarni667@brightmail.com,917114764073,Kochi,Kerala,South,Regular,2025-10-27
300,Karan Mehta,karan.mehta300@brightmail.com,8917835114,Bengaluru,Karnataka,South,Regular,2022-03-18
636,Rohan Reddy,rohan.reddy636@brightmail.com,917742800596,Surat,Gujarat,WEST,Regular,2022-03-03
703,Sunita Agarwal,sunita.agarwal703@brightmail.com,+91-8825368898,Jaipur,Rajasthan,North,Premium,2025-06-11
185,Amit Rao,amit.rao185@brightmail.com,+91-7594295246,Pune,Maharashtra,West,Regular,2024-06-19
589,Ritu Kapoor,ritu.kapoor589@brightmail.com,73130-74638,Surat,Gujarat,West,Premium,2026-04-07
709,Navya Menon,navya.menon709@brightmail.com,+91-7014589709,Nagpur,Maharashtra,West,Regular,2023-02-23
462,Rahul Nair,rahul.nair462@brightmail.com,71446-92116,Bengaluru,Karnataka,South,Regular,2025-09-14
170,Rohan Patel,rohan.patel170@brightmail.com,9640480829,Jaipur,Rajasthan,North,Premium,2026-01-14
925,Anika Gupta,anika.gupta925@brightmail.com,+91-7189399617,Coimbatore,Tamil Nadu,South,Regular,2022-06-22
791,Aarav Menon,aarav.menon791@brightmail.com,9961475809,Lucknow,Uttar Pradesh,North,Premium,2025-01-19
233,Aarav Chatterjee,aarav.chatterjee233@brightmail.com,+91-8459615576,Delhi,Delhi,North,Regular,2025-02-19
128,Navya Gupta,navya.gupta128@brightmail.com,9223871507,Pune,Maharashtra,West,Regular,2025-10-20
49,Rohan Chatterjee,rohan.chatterjee49@brightmail.com,96696-52955,Surat,Gujarat,West,Regular,2023-04-25
817,Anjali Shetty,anjali.shetty817@brightmail.com,7067153724,Nagpur,Maharashtra,West,VIP,2024-01-07
560,Pari Pillai,pari.pillai560@brightmail.com,9771364895,Guwahati,Assam,East,Premium,2025-02-26
887,Ishaan Kapoor,ishaan.kapoor887@brightmail.com,+91-7738013854,Jaipur,Rajasthan,North,Regular,2025-01-15
631,Navya Iyer,navya.iyer631@brightmail.com,+91-9751195013,Mumbai,Maharashtra,West,Regular,2026-04-01
1,Ishaan Kapoor,ishaan.kapoor1@brightmail.com,917339968745,Ranchi,Jharkhand,East,Regular,2025-03-18
971,Manoj Mehta,manoj.mehta971@brightmail.com,+91-7777883107,Guwahati,Assam,East,Premium,2025-08-07
225,Rajesh Menon,rajesh.menon225@brightmail.com,+91-9553791439,Patna,Bihar,East,Regular,2025-08-25
219,Myra Bhat,myra.bhat219@brightmail.com,919747652400,Delhi,Delhi,North,VIP,2023-07-18
411,Krishna Joshi,krishna.joshi411@brightmail.com,+91-9990786809,Lucknow,Uttar Pradesh,North,Premium,2026-04-09
238,Rajesh Das,rajesh.das238@brightmail.com,8734783685,Delhi,Delhi,North,Regular,2024-07-19
889,Myra Reddy,myra.reddy889@brightmail.com,+91-8540501098,Bhubaneswar,Odisha,East,Premium,2024-02-05
178,Saanvi Pillai,saanvi.pillai178@brightmail.com,96271-09223,Chandigarh,Punjab,North,Regular,2022-01-09
851,Meera Patel,meera.patel851@brightmail.com,+91-9074189341,Surat,Gujarat,West,Regular,2026-04-25
973,Rajesh Gupta,rajesh.gupta973@brightmail.com,96465-26896,Kochi,Kerala,South,Premium,2023-03-02
680,Pooja Verma,pooja.verma680@brightmail.com,84779-85693,Nagpur,Maharashtra,West,Regular,2023-12-14
141,Anika Iyer,anika.iyer141@brightmail.com,+91-8087459967,Delhi,Delhi,North,Regular,2025-10-11
742,Navya Verma,navya.verma742@brightmail.com,93720-89834,Mumbai,Maharashtra,west,Regular,2024-01-10
465,Neha Das,neha.das465@brightmail.com,89770-65718,Ahmedabad,Gujarat,West,Regular,2022-08-28
240,Anika Rao,anika.rao240@brightmail.com,918395244701,Patna,Bihar,East,Regular,2022-09-02
110,Neha Agarwal,neha.agarwal110@brightmail.com,8980296773,Mumbai,Maharashtra,West,Regular,2025-02-11
850,Aditya Nair,aditya.nair850@brightmail.com,+91-8130070866,Ahmedabad,Gujarat,West,Regular,2022-03-22
587,Suresh Agarwal,suresh.agarwal587@brightmail.com,+91-8979847089,Lucknow,Uttar Pradesh,North,Regular,2025-05-18
710,Amit Joshi,amit.joshi710@brightmail.com,+91-7739178252,Bhubaneswar,Odisha,East,Regular,2022-05-30
471,Sai Kapoor,sai.kapoor471@brightmail.com,+91-8847968853,Kolkata,West Bengal,East,Regular,2024-10-25
157,  Ritu Nair  ,ritu.nair157@brightmail.com,7451624168,Coimbatore,Tamil Nadu,South,Regular,2023-08-26
45,Krishna Reddy,krishna.reddy45@brightmail.com,8173670338,Kolkata,West Bengal,East,Regular,2024-01-05
363,Vihaan   Chatterjee,vihaan.chatterjee363@brightmail.com,+91-7318592389,Kochi,Kerala,South,Regular,2025-06-28
191,Vikram Patel,vikram.patel191@brightmail.com,79537-88620,Coimbatore,Tamil Nadu,South,Premium,2025-12-20
554,Pooja Joshi,pooja.joshi554@brightmail.com,+91-8854367312,Nagpur,Maharashtra,West,Regular,2026-05-10
922,Myra Bhat,myra.bhat922@brightmail.com,+91-9045563168,Delhi,Delhi,North,Regular,2022-04-21
394,Anjali Gupta,anjali.gupta394@brightmail.com,919515732419,Kochi,Kerala,South,Regular,2023-11-17
453,Rahul Agarwal,rahul.agarwal453@brightmail.com,70772-44929,Jaipur,Rajasthan,North,Regular,2026-03-16
108,Manoj Bhat,manoj.bhat108@brightmail.com,917029011321,Ranchi,Jharkhand,East,Regular,2026-05-09
24,Diya Sharma,diya.sharma24@brightmail.com,8882259971,Pune,Maharashtra,West,Premium,2025-02-12
757,Ishaan Gupta,ishaan.gupta757@brightmail.com,918218558334,Lucknow,Uttar Pradesh,North,Regular,2024-09-14
626,Sanya Rao,sanya.rao626@brightmail.com,+91-9057833198,Patna,Bihar,East,Regular,2022-05-20
58,Pari Pillai,pari.pillai58@brightmail.com,918250811259,Pune,Maharashtra,West,Premium,2022-05-13
643,Ananya Patel,,+91-9543945476,Guwahati,Assam,EAST,Premium,2022-03-19
279,Vikram Kulkarni,vikram.kulkarni279@brightmail.com,+91-9535249842,Pune,Maharashtra,West,Regular,2023-11-04
175,Vihaan Joshi,vihaan.joshi175@brightmail.com,84114-42247,Guwahati,Assam,East,Regular,2023-06-27
682,Vikram Menon,vikram.menon682@brightmail.com,9598127741,Bengaluru,Karnataka,South,Premium,2022-10-09
336,Zoya Agarwal,,+91-9025535675,Surat,Gujarat,West,Premium,2024-04-21
652,Divya Singh,divya.singh652@brightmail.com,92681-10368,Pune,Maharashtra,West,Premium,2025-12-08
749,Ritu Joshi,ritu.joshi749@brightmail.com,917852467497,Chennai,Tamil Nadu,South,Regular,2025-08-09
97,Zoya Patel,zoya.patel97@brightmail.com,82453-87288,Jaipur,Rajasthan,North,Regular,2022-12-26
956,Vihaan Gupta,vihaan.gupta956@brightmail.com,917396687484,Dehradun,Uttarakhand,North,Regular,2022-11-10
931,  Isha Sharma  ,isha.sharma931@brightmail.com,84524-70965,Ranchi,Jharkhand,East,Premium,2024-01-09
818,Vihaan Chatterjee,vihaan.chatterjee818@brightmail.com,918731284258,Chennai,Tamil Nadu,South,Regular,2022-04-24
270,Aditya   Joshi,aditya.joshi270@brightmail.com,9694233725,Dehradun,Uttarakhand,North,Regular,2023-09-22
145,Vihaan Sharma,vihaan.sharma145@brightmail.com,7689774583,Coimbatore,Tamil Nadu,South,VIP,2022-03-21
209,Priya Rao,priya.rao209@brightmail.com,+91-7169924229,Jaipur,Rajasthan,North,Regular,2024-10-12
830,Ishaan Kapoor,ishaan.kapoor830@brightmail.com,+91-8550126946,Chandigarh,Punjab,North,Regular,2022-06-12
637,Manoj Pillai,manoj.pillai637@brightmail.com,90157-14052,Mumbai,Maharashtra,West,Regular,2025-02-06
326,Sanya Rao,sanya.rao326@brightmail.com,77245-20275,Bhubaneswar,Odisha,East,Regular,2026-02-13
558,Isha Kapoor,isha.kapoor558@brightmail.com,919455697222,Lucknow,Uttar Pradesh,North,Regular,2023-05-28
938,Ananya Nair,ananya.nair938@brightmail.com,97173-22216,Dehradun,Uttarakhand,North,Regular,2025-10-22
121,Ananya Agarwal,,88653-76454,Kolkata,West Bengal,East,Regular,2022-01-02
935,Aarav Verma,aarav.verma935@brightmail.com,7625017960,Dehradun,Uttarakhand,North,Regular,2023-03-14
641,Manoj Gupta,manoj.gupta641@brightmail.com,82892-26671,Kochi,Kerala,South,Regular,2025-05-25
30,Pari Das,pari.das30@brightmail.com,+91-9268618432,Hyderabad,Telangana,South,Regular,2026-01-29
665,Karan Verma,karan.verma665@brightmail.com,+91-7594787973,Nagpur,Maharashtra,West,Regular,2024-11-30
539,Aarav Gupta,aarav.gupta539@brightmail.com,+91-9688956659,Surat,Gujarat,West,Regular,2023-12-21
523,Rohan Joshi,rohan.joshi523@brightmail.com,8959755829,Ranchi,Jharkhand,East,Regular,2023-05-16
565,Priya Mehta,priya.mehta565@brightmail.com,917358454154,Dehradun,Uttarakhand,North,Regular,2023-06-21
424,Isha Singh,isha.singh424@brightmail.com,+91-7570751181,Mumbai,Maharashtra,West,Regular,2022-09-27
7,Rohan Verma,rohan.verma7@brightmail.com,9293524993,Chandigarh,Punjab,North,Regular,2023-04-14
299,Divya Shetty,divya.shetty299@brightmail.com,917315410789,Kolkata,West Bengal,East,VIP,2022-09-20
352,Navya Gupta,navya.gupta352@brightmail.com,917025352167,Nagpur,Maharashtra,West,Regular,2025-04-14
524,Kavita Das,kavita.das524@brightmail.com,918370833950,Jaipur,Rajasthan,North,Regular,2023-06-05
902,Manoj Patel,manoj.patel902@brightmail.com,919179070335,Ranchi,Jharkhand,East,Regular,2026-03-25
285,Neha Iyer,neha.iyer285@brightmail.com,+91-9525496648,Lucknow,Uttar Pradesh,North,Regular,2023-12-15
871,Rohan Shetty,rohan.shetty871@brightmail.com,917831930793,Pune,Maharashtra,West,Regular,2023-02-25
921,Karan Joshi,karan.joshi921@brightmail.com,917837978425,Coimbatore,Tamil Nadu,South,Regular,2024-05-02
563,  Manoj Agarwal  ,manoj.agarwal563@brightmail.com,+91-8538378395,Jaipur,Rajasthan,North,VIP,2025-07-19
67,Pari Kapoor,pari.kapoor67@brightmail.com,+91-9622086821,Chandigarh,Punjab,North,Regular,2022-12-16
418,Rahul Chatterjee,rahul.chatterjee418@brightmail.com,86965-68213,Kolkata,West Bengal,East,Regular,2022-09-22
557,  Zoya Gupta  ,zoya.gupta557@brightmail.com,919725022083,Coimbatore,Tamil Nadu,South,Regular,2024-07-09
821,Isha Bhat,isha.bhat821@brightmail.com,+91-7211457758,Hyderabad,Telangana,South,VIP,2022-07-09
761,Sunita Pillai,sunita.pillai761@brightmail.com,90526-41119,Kolkata,West Bengal,East,Regular,2023-08-30
313,Anjali Bhat,anjali.bhat313@brightmail.com,7460626792,Ranchi,Jharkhand,East,Regular,2025-06-13
484,Ishaan Patel,,+91-9049067545,Hyderabad,Telangana,South,Regular,2022-05-13
75,Vivaan Gupta,vivaan.gupta75@brightmail.com,+91-7232572086,Patna,Bihar,East,Regular,2022-04-05
298,Anika Agarwal,anika.agarwal298@brightmail.com,9865904093,Kolkata,West Bengal,East,Regular,2022-07-22
271,Vikram Kulkarni,vikram.kulkarni271@brightmail.com,7077742761,Kochi,Kerala,South,VIP,2022-10-01
189,Isha Iyer,isha.iyer189@brightmail.com,8522187216,Jaipur,Rajasthan,North,Premium,2025-10-04
696,Neha Verma,neha.verma696@brightmail.com,918843590782,Lucknow,Uttar Pradesh,North,Regular,2023-11-18
16,Anjali Menon,anjali.menon16@brightmail.com,+91-9536400239,Lucknow,Uttar Pradesh,north,Regular,2022-05-31
283,Isha Verma,isha.verma283@brightmail.com,+91-7397822635,Kochi,Kerala,South,Premium,2024-04-21
29,Ritu Verma,ritu.verma29@brightmail.com,+91-8467193390,Kochi,Kerala,South,Premium,2025-10-27
866,Amit Verma,amit.verma866@brightmail.com,+91-9772465834,Hyderabad,Telangana,South,Regular,2024-04-18
738,Anjali Verma,anjali.verma738@brightmail.com,8211925926,Jaipur,Rajasthan,North,Regular,2026-01-22
400,Isha Pillai,isha.pillai400@brightmail.com,97876-17011,Kolkata,West Bengal,east,Regular,2025-09-04
847,Arjun Pillai,arjun.pillai847@brightmail.com,71551-08518,Chennai,Tamil Nadu,South,Regular,2025-03-05
948,Aarav Pillai,aarav.pillai948@brightmail.com,7298126469,Coimbatore,Tamil Nadu,South,Premium,2025-07-13
334,Manoj Menon,manoj.menon334@brightmail.com,+91-8177080604,Pune,Maharashtra,West,Regular,2023-02-09
222,Kavita Mehta,kavita.mehta222@brightmail.com,7843800664,Hyderabad,Telangana,South,Premium,2025-03-16
578,Ishaan Rao,ishaan.rao578@brightmail.com,83668-48704,Ahmedabad,Gujarat,West,Regular,2023-02-22
198,Arjun Verma,arjun.verma198@brightmail.com,9315236943,Ranchi,Jharkhand,East,Regular,2025-08-27
595,Zoya Joshi,zoya.joshi595@brightmail.com,7560954020,Surat,Gujarat,West,Regular,2022-01-26
671,Vikram Patel,vikram.patel671@brightmail.com,+91-9426723465,Nagpur,Maharashtra,West,Regular,2025-08-06
93,Pari Sharma,pari.sharma93@brightmail.com,+91-9093933242,Hyderabad,Telangana,South,Regular,2023-04-11
135,Aarav   Iyer,aarav.iyer135@brightmail.com,75628-49478,Coimbatore,Tamil Nadu,South,Premium,2023-09-10
184,Pooja   Gupta,pooja.gupta184@brightmail.com,917447114323,Surat,Gujarat,West,Premium,2026-05-09
262,Manoj Chatterjee,manoj.chatterjee262@brightmail.com,9816230344,Nagpur,Maharashtra,West,Regular,2024-07-09
659,Riya Patel,,917990584838,Hyderabad,Telangana,South,Regular,2025-06-02
567,Arjun Reddy,arjun.reddy567@brightmail.com,92458-99416,Mumbai,Maharashtra,West,Regular,2025-12-09
152,Isha Mehta,isha.mehta152@brightmail.com,97235-23163,Bhubaneswar,Odisha,East,Regular,2022-09-03
799,Navya Gupta,navya.gupta799@brightmail.com,+91-8192605602,Mumbai,Maharashtra,West,Regular,2023-11-05
358,Saanvi Agarwal,,917368244722,Nagpur,Maharashtra,West,VIP,2023-09-28
719,Zoya Agarwal,zoya.agarwal719@brightmail.com,78762-24517,Jaipur,Rajasthan,North,Regular,2023-08-13
68,Saanvi Singh,saanvi.singh68@brightmail.com,87666-36259,Chandigarh,Punjab,North,Regular,2023-03-05
854,Suresh Kapoor,suresh.kapoor854@brightmail.com,8234795248,Chandigarh,Punjab,North,VIP,2025-01-16
996,Rohan Chatterjee,rohan.chatterjee996@brightmail.com,+91-9188882166,Chandigarh,Punjab,North,Regular,2022-02-20
987,Navya Patel,navya.patel987@brightmail.com,95558-70258,Chennai,Tamil Nadu,South,Premium,2024-04-22
712,Kavita Sharma,kavita.sharma712@brightmail.com,+91-8495563363,Guwahati,Assam,East,Regular,2024-12-21
701,Sanya Joshi,sanya.joshi701@brightmail.com,917380002295,Chennai,Tamil Nadu,South,Premium,2022-05-24
770,Divya Bhat,divya.bhat770@brightmail.com,7915749820,Surat,Gujarat,West,Premium,2024-05-04
819,Pari Das,pari.das819@brightmail.com,+91-8840760056,Nagpur,Maharashtra,West,VIP,2022-06-04
419,Priya Verma,priya.verma419@brightmail.com,9536723385,Delhi,Delhi,North,Regular,2025-01-04
673,Zoya Rao,zoya.rao673@brightmail.com,7920771293,Bengaluru,Karnataka,South,Regular,2023-01-26
990,Karan Bhat,karan.bhat990@brightmail.com,+91-8933777433,Mumbai,Maharashtra,west,Regular,2024-02-23
330,Rajesh Kulkarni,rajesh.kulkarni330@brightmail.com,919144636140,Bhubaneswar,Odisha,East,Regular,2022-12-28
488,Rahul Kapoor,rahul.kapoor488@brightmail.com,7738364915,Coimbatore,Tamil Nadu,South,Regular,2022-04-27
981,Arjun Singh,arjun.singh981@brightmail.com,9152245644,Surat,Gujarat,West,Regular,2023-01-15
774,Pooja Mehta,,7772153475,Delhi,Delhi,North,Premium,2023-06-10
393,Riya Nair,,8472353424,Bhubaneswar,Odisha,East,Premium,2023-05-23
890,Kabir Das,kabir.das890@brightmail.com,+91-8397598280,Chandigarh,Punjab,North,Regular,2022-10-14
610,Rahul Iyer,rahul.iyer610@brightmail.com,7977010541,Chandigarh,Punjab,North,Premium,2024-02-17
901,Pooja Chatterjee,pooja.chatterjee901@brightmail.com,8636631128,Chandigarh,Punjab,North,Premium,2023-03-05
934,Karan Chatterjee,karan.chatterjee934@brightmail.com,917881457102,Lucknow,Uttar Pradesh,North,Premium,2023-03-22
949,  Rohan Sharma  ,,9456226760,Kochi,Kerala,South,Regular,2025-10-20
456,Krishna Chatterjee,krishna.chatterjee456@brightmail.com,83681-31054,Hyderabad,Telangana,South,Regular,2026-02-28
172,Divya Mehta,divya.mehta172@brightmail.com,+91-7933002231,Nagpur,Maharashtra,West,Regular,2023-10-28
857,Myra Bhat,myra.bhat857@brightmail.com,+91-9097316011,Patna,Bihar,East,Regular,2023-06-30
86,Aditya Sharma,aditya.sharma86@brightmail.com,89339-53890,Mumbai,Maharashtra,West,Regular,2024-10-30
508,Rohan Joshi,rohan.joshi508@brightmail.com,919760251870,Pune,Maharashtra,West,Regular,2023-05-29
85,Kavita Bhat,kavita.bhat85@brightmail.com,918757246317,Ahmedabad,Gujarat,West,Regular,2023-05-12
374,Anjali Menon,anjali.menon374@brightmail.com,+91-7888903187,Nagpur,Maharashtra,West,Premium,2024-10-11
514,Riya Sharma,riya.sharma514@brightmail.com,95219-68349,Guwahati,Assam,east,Premium,2024-04-19
203,Rohan Kapoor,rohan.kapoor203@brightmail.com,918320182234,Bhubaneswar,Odisha,East,Regular,2023-03-16
946,Ananya Mehta,ananya.mehta946@brightmail.com,+91-8253910299,Pune,Maharashtra,west,Regular,2026-04-23
242,Karan Gupta,karan.gupta242@brightmail.com,8563541106,Dehradun,Uttarakhand,North,Regular,2022-11-12
57,Karan Agarwal,karan.agarwal57@brightmail.com,78149-27865,Kolkata,West Bengal,East,Regular,2024-01-20
104,Saanvi Kapoor,,919455869501,Coimbatore,Tamil Nadu,South,Regular,2025-08-11
594,Diya Rao,diya.rao594@brightmail.com,7522507459,Coimbatore,Tamil Nadu,South,Regular,2023-02-09
978,Rohan Gupta,rohan.gupta978@brightmail.com,+91-9684388173,Patna,Bihar,East,Regular,2025-07-21
992,Suresh Kulkarni,suresh.kulkarni992@brightmail.com,8271766713,Dehradun,Uttarakhand,North,Premium,2023-04-06
751,Arjun Pillai,arjun.pillai751@brightmail.com,9837832857,Ranchi,Jharkhand,East,Regular,2023-01-24
315,Sai Chatterjee,sai.chatterjee315@brightmail.com,919366385240,Kochi,Kerala,South,Premium,2023-03-24
729,Sunita Agarwal,sunita.agarwal729@brightmail.com,918668222956,Chandigarh,Punjab,NORTH,VIP,2024-04-02
430,Divya Chatterjee,divya.chatterjee430@brightmail.com,90901-28040,Kochi,Kerala,South,Regular,2023-10-16
81,Farhan Das,farhan.das81@brightmail.com,+91-9432682421,Bhubaneswar,Odisha,East,Regular,2023-06-07
838,Divya Shetty,divya.shetty838@brightmail.com,85541-12712,Bhubaneswar,Odisha,East,Regular,2023-05-14
522,Aadhya Verma,aadhya.verma522@brightmail.com,+91-8316402442,Chennai,Tamil Nadu,South,Regular,2025-07-03
832,Suresh Rao,suresh.rao832@brightmail.com,+91-9730506155,Pune,Maharashtra,West,Regular,2024-11-02
386,Ishaan Reddy,ishaan.reddy386@brightmail.com,7929489528,Jaipur,Rajasthan,North,Regular,2025-05-01
303,Arjun Verma,arjun.verma303@brightmail.com,8554965104,Kochi,Kerala,South,Premium,2025-02-09
615,Zoya Joshi,zoya.joshi615@brightmail.com,98571-47275,Kochi,Kerala,South,Regular,2025-07-27
899,Krishna Kapoor,krishna.kapoor899@brightmail.com,918925144221,Chandigarh,Punjab,North,VIP,2023-04-17
756,Zoya Singh,zoya.singh756@brightmail.com,+91-7370698609,Nagpur,Maharashtra,West,Regular,2025-06-15
324,Pari Gupta,,9848252230,Chennai,Tamil Nadu,south,Regular,2022-04-10
274,Isha Reddy,isha.reddy274@brightmail.com,+91-9451903747,Pune,Maharashtra,West,Regular,2022-02-02
217,Ritu Verma,ritu.verma217@brightmail.com,80812-72134,Bengaluru,Karnataka,South,Regular,2024-11-03
663,Ritu Patel,ritu.patel663@brightmail.com,+91-7197346789,Nagpur,Maharashtra,West,Regular,2023-01-06
833,Diya Kapoor,diya.kapoor833@brightmail.com,+91-7718126712,Patna,Bihar,East,Regular,2024-04-12
506,Amit Joshi,amit.joshi506@brightmail.com,93808-49543,Chandigarh,Punjab,North,Regular,2023-07-07
44,Aarav Joshi,aarav.joshi44@brightmail.com,89918-75310,Ahmedabad,Gujarat,West,VIP,2024-09-19
839,Sunita Reddy,sunita.reddy839@brightmail.com,+91-7542147481,Coimbatore,Tamil Nadu,South,Premium,2023-11-14
437,Vikram Singh,vikram.singh437@brightmail.com,+91-7019680854,Chennai,Tamil Nadu,South,Regular,2024-01-27
421,Rajesh Das,rajesh.das421@brightmail.com,+91-9325155105,Guwahati,Assam,East,VIP,2025-12-10
607,Farhan Nair,farhan.nair607@brightmail.com,91183-69003,Delhi,Delhi,North,Regular,2022-10-19
460,Meera Verma,meera.verma460@brightmail.com,9764106035,Kochi,Kerala,South,Premium,2025-07-16
307,Meera Reddy,meera.reddy307@brightmail.com,+91-9067213120,Guwahati,Assam,East,Regular,2024-01-01
937,Manoj Chatterjee,manoj.chatterjee937@brightmail.com,917548987800,Chennai,Tamil Nadu,South,Regular,2023-07-14
824,Anika Reddy,anika.reddy824@brightmail.com,94743-42910,Bhubaneswar,Odisha,East,Regular,2025-12-03
125,Aadhya Pillai,aadhya.pillai125@brightmail.com,917530088221,Pune,Maharashtra,West,Regular,2024-03-10
15,Rohan Kulkarni,rohan.kulkarni15@brightmail.com,919877742558,Nagpur,Maharashtra,West,Regular,2022-10-05
621,Myra Shetty,myra.shetty621@brightmail.com,82274-79892,Hyderabad,Telangana,South,Regular,2025-07-24
176,Aadhya Singh,aadhya.singh176@brightmail.com,9190745957,Mumbai,Maharashtra,West,Premium,2024-08-09
264,Zoya Nair,zoya.nair264@brightmail.com,75485-70890,Guwahati,Assam,East,Regular,2025-08-14
118,Manoj Bhat,manoj.bhat118@brightmail.com,+91-9766152494,Ahmedabad,Gujarat,West,VIP,2022-08-03
204,Pari Sharma,pari.sharma204@brightmail.com,+91-8558542948,Hyderabad,Telangana,South,Premium,2022-11-19
365,Aadhya Sharma,aadhya.sharma365@brightmail.com,917632175769,Guwahati,Assam,East,Regular,2023-06-04
632,Priya Das,priya.das632@brightmail.com,+91-9875935662,Nagpur,Maharashtra,West,Regular,2025-03-13
276,Karan Kapoor,karan.kapoor276@brightmail.com,919230385560,Patna,Bihar,East,VIP,2022-02-13
391,Rajesh Singh,rajesh.singh391@brightmail.com,75976-63090,Hyderabad,Telangana,South,Regular,2022-12-12
9,Vikram Mehta,vikram.mehta9@brightmail.com,+91-9646109392,Hyderabad,Telangana,SOUTH,Regular,2025-05-08
985,Kavita Shetty,kavita.shetty985@brightmail.com,80522-91948,Lucknow,Uttar Pradesh,North,Premium,2022-05-24
662,Divya Agarwal,divya.agarwal662@brightmail.com,918670091731,Kochi,Kerala,South,Regular,2023-08-08
362,Saanvi Iyer,saanvi.iyer362@brightmail.com,9853403215,Guwahati,Assam,East,VIP,2023-11-23
341,Farhan   Mehta,farhan.mehta341@brightmail.com,74742-79667,Bengaluru,Karnataka,South,Premium,2023-10-27
517,Priya Sharma,priya.sharma517@brightmail.com,+91-9399409944,Nagpur,Maharashtra,West,Premium,2022-02-05
101,Farhan Bhat,farhan.bhat101@brightmail.com,919742749614,Patna,Bihar,East,Regular,2026-03-02
906,Ishaan Das,ishaan.das906@brightmail.com,8086885231,Bengaluru,Karnataka,South,Regular,2022-12-24
177,Krishna Sharma,krishna.sharma177@brightmail.com,78484-30671,Lucknow,Uttar Pradesh,North,Regular,2022-04-02
438,Aditya Sharma,aditya.sharma438@brightmail.com,8727202308,Patna,Bihar,east,Regular,2023-08-29
745,Sai Menon,,8312755787,Surat,Gujarat,West,Premium,2026-02-12
293,Aadhya Verma,,7096612589,Kochi,Kerala,South,Regular,2025-05-23
150,Sai Gupta,,9530099906,Ranchi,Jharkhand,East,Regular,2022-02-11
957,Myra Verma,myra.verma957@brightmail.com,80533-53101,Delhi,Delhi,North,Premium,2023-02-23
377,Pooja Chatterjee,pooja.chatterjee377@brightmail.com,95365-66458,Chandigarh,Punjab,North,Premium,2023-02-14
672,Kabir Menon,kabir.menon672@brightmail.com,918433745158,Bengaluru,Karnataka,South,Regular,2023-12-26
459,Ritu Menon,ritu.menon459@brightmail.com,8468862330,Lucknow,Uttar Pradesh,North,Regular,2025-10-09
472,Neha Verma,neha.verma472@brightmail.com,917590405021,Dehradun,Uttarakhand,North,Regular,2025-09-26
537,Vivaan Pillai,vivaan.pillai537@brightmail.com,98283-45900,Bengaluru,Karnataka,South,Premium,2023-04-10
332,Deepak Chatterjee,deepak.chatterjee332@brightmail.com,+91-8447723489,Bhubaneswar,Odisha,East,Regular,2024-09-28
555,Meera Gupta,meera.gupta555@brightmail.com,919129685334,Hyderabad,Telangana,South,Regular,2024-08-02
308,Isha Bhat,isha.bhat308@brightmail.com,+91-8379769461,Delhi,Delhi,North,Premium,2023-03-17
356,Myra Sharma,myra.sharma356@brightmail.com,7540474354,Guwahati,Assam,EAST,Regular,2025-03-18
305,Riya Joshi,riya.joshi305@brightmail.com,8655216600,Dehradun,Uttarakhand,North,Regular,2024-02-05
208,Pari Verma,pari.verma208@brightmail.com,8066804631,Ahmedabad,Gujarat,West,Regular,2025-04-09
154,Karan Rao,karan.rao154@brightmail.com,77542-61798,Kochi,Kerala,South,Regular,2024-11-27
193,Suresh Chatterjee,suresh.chatterjee193@brightmail.com,80161-72851,Hyderabad,Telangana,South,Regular,2024-12-03
47,Karan Chatterjee,karan.chatterjee47@brightmail.com,919398187901,Kolkata,West Bengal,East,Regular,2024-08-06
188,Arjun Gupta,arjun.gupta188@brightmail.com,88310-90036,Mumbai,Maharashtra,West,Regular,2024-12-13
945,Aadhya Kapoor,aadhya.kapoor945@brightmail.com,+91-9615476643,Pune,Maharashtra,West,Premium,2022-10-18
439,Rohan Iyer,rohan.iyer439@brightmail.com,917752050891,Mumbai,Maharashtra,West,Regular,2026-04-23
827,Navya Das,navya.das827@brightmail.com,7144999671,Jaipur,Rajasthan,North,Premium,2023-07-17
294,Krishna Sharma,krishna.sharma294@brightmail.com,94728-48859,Mumbai,Maharashtra,West,Premium,2025-04-07
553,Navya Bhat,navya.bhat553@brightmail.com,+91-8347019638,Jaipur,Rajasthan,North,Regular,2023-02-15
881,Divya Iyer,divya.iyer881@brightmail.com,8733561229,Dehradun,Uttarakhand,North,Regular,2024-08-02
164,Zoya Kapoor,,+91-9358575520,Kochi,Kerala,South,Premium,2022-04-19
929,Anjali Iyer,anjali.iyer929@brightmail.com,97143-52346,Delhi,Delhi,NORTH,Premium,2023-10-09
169,Manoj Gupta,manoj.gupta169@brightmail.com,+91-8638354028,Nagpur,Maharashtra,West,Regular,2024-12-18
272,Aditya Agarwal,aditya.agarwal272@brightmail.com,95459-32411,Kolkata,West Bengal,East,Regular,2022-09-16
130,  Isha Kulkarni  ,isha.kulkarni130@brightmail.com,+91-9052734192,Kochi,Kerala,South,VIP,2024-04-23
301,Myra Menon,myra.menon301@brightmail.com,89700-24531,Delhi,Delhi,North,Regular,2023-02-06
669,Suresh Menon,suresh.menon669@brightmail.com,71893-27405,Pune,Maharashtra,West,Regular,2022-06-11
793,Ananya Patel,ananya.patel793@brightmail.com,9697937897,Patna,Bihar,East,Regular,2025-01-11
994,  Anjali Pillai  ,anjali.pillai994@brightmail.com,+91-8189782837,Surat,Gujarat,West,Regular,2025-06-14
896,Sunita Kapoor,sunita.kapoor896@brightmail.com,7243843463,Jaipur,Rajasthan,North,Regular,2022-07-26
585,  Vivaan Menon  ,vivaan.menon585@brightmail.com,86498-98384,Pune,Maharashtra,West,Regular,2022-03-04
782,Neha Mehta,neha.mehta782@brightmail.com,+91-7530414222,Mumbai,Maharashtra,West,Regular,2024-07-23
535,Ananya Sharma,ananya.sharma535@brightmail.com,+91-8126860767,Coimbatore,Tamil Nadu,South,VIP,2022-08-06
491,Deepak Mehta,deepak.mehta491@brightmail.com,+91-7494221940,Kochi,Kerala,South,Regular,2024-12-02
786,Riya Nair,riya.nair786@brightmail.com,+91-8659774931,Patna,Bihar,East,Premium,2025-03-08
963,Ishaan Verma,ishaan.verma963@brightmail.com,+91-7221453304,Pune,Maharashtra,West,Regular,2022-08-24
914,Anika Singh,anika.singh914@brightmail.com,+91-9896589219,Mumbai,Maharashtra,West,Regular,2024-10-17
316,Ritu Shetty,ritu.shetty316@brightmail.com,88612-78546,Delhi,Delhi,North,Premium,2024-05-08
726,Aarav Kapoor,aarav.kapoor726@brightmail.com,7940286652,Bengaluru,Karnataka,South,Regular,2024-12-20
253,Pari Patel,pari.patel253@brightmail.com,+91-7766344237,Kolkata,West Bengal,East,Premium,2026-04-14
383,Priya Gupta,priya.gupta383@brightmail.com,+91-9441460572,Chandigarh,Punjab,North,Regular,2026-05-20
502,Kabir Das,kabir.das502@brightmail.com,+91-9418567988,Ahmedabad,Gujarat,West,Regular,2023-03-13
695,Aarav Joshi,aarav.joshi695@brightmail.com,919754359819,Coimbatore,Tamil Nadu,South,Premium,2024-10-11
835,Vikram Iyer,vikram.iyer835@brightmail.com,+91-9315617457,Kolkata,West Bengal,East,Regular,2024-09-15
656,Aditya Chatterjee,aditya.chatterjee656@brightmail.com,8014597028,Ahmedabad,Gujarat,West,Regular,2023-12-08
768,Neha Singh,neha.singh768@brightmail.com,919441582923,Bengaluru,Karnataka,South,Regular,2024-11-22
224,Meera Shetty,meera.shetty224@brightmail.com,917678388014,Kochi,Kerala,South,Regular,2023-11-15
51,Farhan Kapoor,farhan.kapoor51@brightmail.com,91949-57985,Patna,Bihar,East,Regular,2025-08-20
281,Saanvi Iyer,saanvi.iyer281@brightmail.com,85305-28832,Kochi,Kerala,south,Premium,2023-05-15
493,Riya Reddy,riya.reddy493@brightmail.com,71728-90077,Surat,Gujarat,West,Regular,2025-03-02
96,Zoya Singh,zoya.singh96@brightmail.com,+91-7340849564,Lucknow,Uttar Pradesh,North,Regular,2025-01-03
877,Neha Agarwal,,917356486807,Surat,Gujarat,West,Premium,2023-02-05
401,Kabir Rao,kabir.rao401@brightmail.com,7878093709,Pune,Maharashtra,West,Premium,2023-09-08
256,Deepak Pillai,deepak.pillai256@brightmail.com,98672-92337,Ranchi,Jharkhand,East,VIP,2025-04-30
520,Vikram Kapoor,vikram.kapoor520@brightmail.com,919974729824,Chennai,Tamil Nadu,South,Regular,2022-09-14
78,Ishaan Shetty,ishaan.shetty78@brightmail.com,85393-35391,Lucknow,Uttar Pradesh,North,Regular,2022-10-15
975,Ritu Nair,ritu.nair975@brightmail.com,8291321977,Lucknow,Uttar Pradesh,North,Regular,2026-01-10
55,Divya Patel,divya.patel55@brightmail.com,88659-74034,Bhubaneswar,Odisha,East,Regular,2022-08-10
290,Sanya Kapoor,,8280771007,Surat,Gujarat,West,Premium,2023-09-30
69,Navya Pillai,navya.pillai69@brightmail.com,98383-27121,Pune,Maharashtra,West,Regular,2026-01-03
229,Anjali Menon,anjali.menon229@brightmail.com,+91-9694593183,Bhubaneswar,Odisha,East,Regular,2025-07-09
580,Sai Singh,sai.singh580@brightmail.com,+91-8931219541,Mumbai,Maharashtra,West,Premium,2022-05-05
92,Ananya Agarwal,ananya.agarwal92@brightmail.com,72270-69024,Hyderabad,Telangana,South,Regular,2024-04-14
489,Pari Gupta,,918525201805,Dehradun,Uttarakhand,North,Regular,2023-02-27
4,Meera Reddy,meera.reddy4@brightmail.com,98965-42925,Guwahati,Assam,East,Premium,2024-01-26
634,Sai   Patel,sai.patel634@brightmail.com,74654-30984,Coimbatore,Tamil Nadu,South,Regular,2023-10-15
572,Priya Das,priya.das572@brightmail.com,918668478111,Surat,Gujarat,West,Regular,2022-04-11
310,Aditya Nair,aditya.nair310@brightmail.com,9291583008,Lucknow,Uttar Pradesh,North,Regular,2022-07-31
874,Manoj Agarwal,manoj.agarwal874@brightmail.com,88716-73620,Hyderabad,Telangana,South,Regular,2026-01-16
206,Anika Singh,anika.singh206@brightmail.com,84617-91986,Pune,Maharashtra,West,Premium,2024-11-29
801,Rohan Agarwal,rohan.agarwal801@brightmail.com,8014786460,Dehradun,Uttarakhand,North,Regular,2024-09-18
311,Rajesh Kulkarni,rajesh.kulkarni311@brightmail.com,919845264139,Mumbai,Maharashtra,West,Regular,2024-11-17
220,Myra Kapoor,myra.kapoor220@brightmail.com,8595211653,Bhubaneswar,Odisha,East,Regular,2024-09-11
221,Navya Mehta,navya.mehta221@brightmail.com,+91-7722238510,Mumbai,Maharashtra,West,Regular,2022-10-06
897,Rohan Joshi,rohan.joshi897@brightmail.com,+91-8743671259,Patna,Bihar,East,Premium,2022-05-09
63,Deepak Kulkarni,deepak.kulkarni63@brightmail.com,+91-9598178629,Guwahati,Assam,East,Regular,2022-03-12
783,Deepak Das,deepak.das783@brightmail.com,7925323200,Ahmedabad,Gujarat,West,Regular,2024-07-16
550,Anika Das,anika.das550@brightmail.com,919514391986,Kolkata,West Bengal,EAST,Regular,2023-08-18
3,Sunita Kapoor,sunita.kapoor3@brightmail.com,919957866880,Lucknow,Uttar Pradesh,North,Regular,2022-06-06
107,Amit Mehta,amit.mehta107@brightmail.com,7164714183,Mumbai,Maharashtra,West,Regular,2025-12-30
328,  Rajesh Menon  ,rajesh.menon328@brightmail.com,88308-58528,Hyderabad,Telangana,South,Regular,2023-07-09
372,Pari Bhat,,8839535934,Jaipur,Rajasthan,North,Premium,2025-08-19
697,Aadhya Singh,aadhya.singh697@brightmail.com,+91-7636686041,Delhi,Delhi,North,Premium,2022-12-29
346,Arjun Bhat,arjun.bhat346@brightmail.com,75822-95623,Nagpur,Maharashtra,West,Regular,2022-05-27
297,Ishaan Bhat,ishaan.bhat297@brightmail.com,+91-7161062348,Lucknow,Uttar Pradesh,North,Regular,2022-12-28
717,Arjun Pillai,arjun.pillai717@brightmail.com,7123842209,Kochi,Kerala,South,Premium,2023-12-05
766,Rohan Das,rohan.das766@brightmail.com,8966912991,Jaipur,Rajasthan,North,Regular,2026-05-15
923,Isha Joshi,isha.joshi923@brightmail.com,85975-59555,Dehradun,Uttarakhand,North,Regular,2022-06-08
519,Farhan Shetty,,7034870358,Delhi,Delhi,North,Regular,2025-08-26
810,Kavita Chatterjee,kavita.chatterjee810@brightmail.com,93799-36475,Lucknow,Uttar Pradesh,North,Regular,2025-07-14
87,Meera Das,meera.das87@brightmail.com,+91-7212542354,Jaipur,Rajasthan,North,Premium,2025-03-06
873,Kabir Shetty,kabir.shetty873@brightmail.com,+91-7745276818,Coimbatore,Tamil Nadu,South,Premium,2023-11-20
410,Riya Mehta,riya.mehta410@brightmail.com,918354594375,Nagpur,Maharashtra,West,Regular,2023-11-13
82,Ananya Verma,ananya.verma82@brightmail.com,918725527561,Dehradun,Uttarakhand,North,Regular,2025-11-22
593,Vikram Mehta,vikram.mehta593@brightmail.com,+91-9412631373,Surat,Gujarat,West,Regular,2025-10-14
689,Kabir Kulkarni,,7556339991,Guwahati,Assam,East,Premium,2025-02-16
684,Arjun Shetty,arjun.shetty684@brightmail.com,+91-9167028582,Chandigarh,Punjab,North,Regular,2025-01-28
28,Vivaan Menon,vivaan.menon28@brightmail.com,9957017385,Delhi,Delhi,North,Regular,2025-09-02
41,Ananya Bhat,ananya.bhat41@brightmail.com,87450-90429,Nagpur,Maharashtra,West,Regular,2023-01-24
941,Manoj Nair,manoj.nair941@brightmail.com,9039189025,Pune,Maharashtra,West,Regular,2023-08-24
670,Ishaan Iyer,ishaan.iyer670@brightmail.com,8453095838,Pune,Maharashtra,West,Regular,2023-06-16
406,Aarav Iyer,aarav.iyer406@brightmail.com,+91-8464832083,Delhi,Delhi,North,Regular,2026-02-01
788,Vihaan Menon,vihaan.menon788@brightmail.com,96910-19220,Bhubaneswar,Odisha,East,Premium,2024-05-21
194,Karan Iyer,karan.iyer194@brightmail.com,917337789687,Ahmedabad,Gujarat,West,Premium,2024-05-27
970,Navya Kulkarni,navya.kulkarni970@brightmail.com,73188-02469,Nagpur,Maharashtra,West,Premium,2024-03-15
900,Kabir Verma,kabir.verma900@brightmail.com,8954550704,Kolkata,West Bengal,East,Regular,2024-07-21
159,Ishaan Kulkarni,ishaan.kulkarni159@brightmail.com,7050081864,Kochi,Kerala,South,Regular,2025-01-02
237,Vikram Sharma,vikram.sharma237@brightmail.com,80252-41143,Patna,Bihar,East,Premium,2025-09-16
113,Deepak Kapoor,deepak.kapoor113@brightmail.com,917398718942,Delhi,Delhi,North,Regular,2024-08-03
562,Rahul Reddy,rahul.reddy562@brightmail.com,+91-9528225648,Patna,Bihar,East,Regular,2022-08-09
525,Manoj Das,manoj.das525@brightmail.com,918015335746,Hyderabad,Telangana,South,VIP,2026-01-21
657,Deepak Shetty,deepak.shetty657@brightmail.com,+91-9071875256,Dehradun,Uttarakhand,North,VIP,2025-11-14
872,Krishna Nair,krishna.nair872@brightmail.com,+91-8959098905,Chandigarh,Punjab,North,Premium,2023-01-30
924,Vihaan Patel,vihaan.patel924@brightmail.com,+91-7287907660,Ahmedabad,Gujarat,West,Regular,2022-12-11
775,Amit Pillai,,+91-8135046581,Coimbatore,Tamil Nadu,South,Regular,2023-05-15
158,Rohan Das,rohan.das158@brightmail.com,70897-14050,Jaipur,Rajasthan,North,Regular,2025-08-18
551,Ishaan Bhat,,+91-8898956650,Kolkata,West Bengal,East,Regular,2022-10-07
278,Sai Patel,sai.patel278@brightmail.com,+91-9261387040,Mumbai,Maharashtra,West,Regular,2023-11-23
10,Divya Bhat,divya.bhat10@brightmail.com,+91-9275171986,Dehradun,Uttarakhand,North,Premium,2024-06-08
91,Diya Menon,,+91-9933557996,Dehradun,Uttarakhand,North,Regular,2024-08-23
980,Sunita Kapoor,sunita.kapoor980@brightmail.com,73884-20729,Chennai,Tamil Nadu,South,Regular,2024-03-13
267,Suresh Pillai,,+91-7684337010,Chennai,Tamil Nadu,South,Regular,2022-06-21
570,Anika Chatterjee,anika.chatterjee570@brightmail.com,918941238774,Bhubaneswar,Odisha,East,Regular,2024-02-22
403,Diya Pillai,diya.pillai403@brightmail.com,71603-21833,Ahmedabad,Gujarat,West,Regular,2023-06-22
955,Vivaan Verma,vivaan.verma955@brightmail.com,+91-8433956749,Ahmedabad,Gujarat,West,Regular,2025-08-25
734,Ishaan Chatterjee,ishaan.chatterjee734@brightmail.com,918883519959,Ranchi,Jharkhand,East,Regular,2026-02-26
630,Saanvi Iyer,saanvi.iyer630@brightmail.com,7912413443,Bengaluru,Karnataka,South,Regular,2022-10-20
739,Arjun Kulkarni,arjun.kulkarni739@brightmail.com,919762980624,Jaipur,Rajasthan,North,Regular,2022-10-22
202,Anjali Rao,anjali.rao202@brightmail.com,8159041354,Bhubaneswar,Odisha,East,Premium,2026-03-15
473,Riya Patel,riya.patel473@brightmail.com,917259500657,Bengaluru,Karnataka,South,Regular,2024-06-23
867,Aarav Verma,aarav.verma867@brightmail.com,72515-03625,Hyderabad,Telangana,South,Regular,2023-02-11
402,Vihaan Pillai,vihaan.pillai402@brightmail.com,917451340520,Kochi,Kerala,South,Regular,2024-11-16
485,Farhan Joshi,farhan.joshi485@brightmail.com,70933-42243,Jaipur,Rajasthan,north,Regular,2026-03-14
993,Kabir Mehta,kabir.mehta993@brightmail.com,918021418215,Surat,Gujarat,West,Regular,2024-04-17
239,Aditya Mehta,aditya.mehta239@brightmail.com,8761551098,Mumbai,Maharashtra,West,Regular,2024-05-12
512,Navya Mehta,navya.mehta512@brightmail.com,919036451091,Lucknow,Uttar Pradesh,North,Regular,2025-10-29
126,Pari Shetty,pari.shetty126@brightmail.com,+91-7558268763,Kolkata,West Bengal,East,Regular,2022-10-05
137,Myra Agarwal,myra.agarwal137@brightmail.com,8545137134,Delhi,Delhi,North,Regular,2026-02-25
679,Aarav Pillai,aarav.pillai679@brightmail.com,72323-69191,Surat,Gujarat,West,Premium,2024-08-14
683,Saanvi Rao,saanvi.rao683@brightmail.com,+91-7294515238,Pune,Maharashtra,West,Regular,2022-09-12
18,Ishaan Mehta,ishaan.mehta18@brightmail.com,917489357819,Bhubaneswar,Odisha,East,Regular,2024-07-28
837,Pari   Agarwal,pari.agarwal837@brightmail.com,919034727355,Ranchi,Jharkhand,East,Regular,2022-08-02
144,  Aarav Kulkarni  ,aarav.kulkarni144@brightmail.com,+91-9215762104,Delhi,Delhi,North,Regular,2024-09-29
875,Aditya Iyer,aditya.iyer875@brightmail.com,72864-39726,Ahmedabad,Gujarat,West,Regular,2024-02-06
926,Aadhya Pillai,aadhya.pillai926@brightmail.com,84327-39169,Bengaluru,Karnataka,South,Regular,2024-12-18
481,Ishaan Rao,ishaan.rao481@brightmail.com,8141776688,Kochi,Kerala,South,Regular,2025-04-17
843,Sanya Singh,sanya.singh843@brightmail.com,73837-78796,Mumbai,Maharashtra,West,Regular,2022-04-01
953,Sanya Iyer,sanya.iyer953@brightmail.com,918129505859,Kolkata,West Bengal,EAST,Regular,2023-12-16
619,Meera Iyer,meera.iyer619@brightmail.com,8321495031,Mumbai,Maharashtra,West,Regular,2024-06-10
244,Pooja Singh,pooja.singh244@brightmail.com,8473841628,Bengaluru,Karnataka,South,Regular,2022-06-26
869,Isha Menon,isha.menon869@brightmail.com,89667-76803,Ranchi,Jharkhand,East,Regular,2025-04-11
965,Pooja Singh,pooja.singh965@brightmail.com,+91-8323064842,Bhubaneswar,Odisha,East,Regular,2024-01-03
655,Amit Joshi,amit.joshi655@brightmail.com,+91-9010828371,Surat,Gujarat,West,Premium,2023-04-30
674,Priya Nair,priya.nair674@brightmail.com,+91-7230333228,Chennai,Tamil Nadu,South,VIP,2024-06-25
646,Aadhya Iyer,aadhya.iyer646@brightmail.com,9627581410,Guwahati,Assam,East,Regular,2022-01-28
732,Vihaan Mehta,,919457680960,Lucknow,Uttar Pradesh,North,Regular,2023-09-09
322,Ishaan Bhat,ishaan.bhat322@brightmail.com,+91-8398789293,Surat,Gujarat,West,Regular,2026-05-09
446,Pari Kapoor,pari.kapoor446@brightmail.com,7395764148,Chennai,Tamil Nadu,South,Premium,2023-05-05
146,Priya   Pillai,,86740-82405,Dehradun,Uttarakhand,North,Regular,2022-07-17
1000,Farhan Shetty,farhan.shetty1000@brightmail.com,+91-9633975712,Jaipur,Rajasthan,North,Premium,2025-04-22
622,Kavita Bhat,kavita.bhat622@brightmail.com,70586-71208,Bengaluru,Karnataka,South,Regular,2025-04-09
370,Arjun Singh,arjun.singh370@brightmail.com,84981-21776,Guwahati,Assam,East,Regular,2023-12-19
730,Farhan Gupta,farhan.gupta730@brightmail.com,8023713760,Mumbai,Maharashtra,West,Regular,2022-06-05
463,Pari Rao,pari.rao463@brightmail.com,917350186820,Guwahati,Assam,East,VIP,2023-06-07
120,Priya Kulkarni,priya.kulkarni120@brightmail.com,+91-7165653827,Nagpur,Maharashtra,West,Regular,2025-01-03
162,Anjali Das,anjali.das162@brightmail.com,+91-8163893975,Bengaluru,Karnataka,South,Regular,2022-09-20
865,Aadhya Kapoor,,9863912983,Guwahati,Assam,East,Regular,2023-04-02
527,Rohan Iyer,rohan.iyer527@brightmail.com,8662034421,Pune,Maharashtra,West,Regular,2025-09-11
653,Rajesh Bhat,rajesh.bhat653@brightmail.com,+91-8488310594,Hyderabad,Telangana,South,Premium,2024-09-15
355,Priya Verma,priya.verma355@brightmail.com,74324-83900,Bhubaneswar,Odisha,East,Regular,2024-07-25
581,  Rohan Kulkarni  ,rohan.kulkarni581@brightmail.com,76960-23823,Guwahati,Assam,East,Regular,2024-05-23
255,Rohan Chatterjee,rohan.chatterjee255@brightmail.com,+91-7198134002,Mumbai,Maharashtra,West,VIP,2024-06-25
820,Vivaan Iyer,,+91-9043392761,Ahmedabad,Gujarat,West,Regular,2023-03-04
639,Rahul Gupta,rahul.gupta639@brightmail.com,95957-95049,Coimbatore,Tamil Nadu,south,Regular,2022-12-01
720,Farhan Gupta,farhan.gupta720@brightmail.com,7679245680,Jaipur,Rajasthan,North,Regular,2024-07-16
36,Karan Verma,,918517824479,Ahmedabad,Gujarat,West,Premium,2026-03-07
34,Kavita Das,kavita.das34@brightmail.com,+91-7047155703,Patna,Bihar,East,Regular,2023-10-07
611,Sanya Kulkarni,sanya.kulkarni611@brightmail.com,917720060092,Ranchi,Jharkhand,East,VIP,2024-02-14
483,Suresh Chatterjee,suresh.chatterjee483@brightmail.com,919223739880,Pune,Maharashtra,West,Regular,2023-07-07
624,Farhan Menon,farhan.menon624@brightmail.com,7027105425,Patna,Bihar,East,Regular,2024-11-22
986,Anika Rao,anika.rao986@brightmail.com,9870425903,Dehradun,Uttarakhand,North,Premium,2025-07-08
210,Kabir Rao,kabir.rao210@brightmail.com,+91-9729680932,Hyderabad,Telangana,South,Premium,2025-01-27
998,Pari Nair,pari.nair998@brightmail.com,9972376486,Kochi,Kerala,South,Regular,2024-01-23
273,Saanvi Mehta,saanvi.mehta273@brightmail.com,918775636648,Mumbai,Maharashtra,WEST,Regular,2023-05-24
72,Kavita Singh,kavita.singh72@brightmail.com,8816474011,Patna,Bihar,East,Regular,2025-10-28
20,Amit Patel,amit.patel20@brightmail.com,+91-9081126880,Pune,Maharashtra,West,Regular,2022-10-10
722,Sanya Iyer,sanya.iyer722@brightmail.com,917189646119,Ranchi,Jharkhand,East,Regular,2023-09-21
991,Saanvi Sharma,saanvi.sharma991@brightmail.com,918515487127,Ahmedabad,Gujarat,West,Regular,2023-09-10
586,Farhan Gupta,farhan.gupta586@brightmail.com,9792256459,Chennai,Tamil Nadu,South,Regular,2026-05-19
982,Vikram   Joshi,vikram.joshi982@brightmail.com,8096077669,Chandigarh,Punjab,North,VIP,2024-05-27
841,Vikram Patel,vikram.patel841@brightmail.com,9291181196,Bengaluru,Karnataka,South,Regular,2022-10-31
676,Farhan Sharma,farhan.sharma676@brightmail.com,+91-7329942580,Kolkata,West Bengal,East,Regular,2024-06-05
966,Kabir Agarwal,kabir.agarwal966@brightmail.com,+91-9996892842,Ahmedabad,Gujarat,West,Regular,2023-07-24
753,Pari Gupta,pari.gupta753@brightmail.com,+91-8924297093,Kolkata,West Bengal,EAST,Regular,2023-12-05
434,Kabir Rao,kabir.rao434@brightmail.com,83736-02028,Ahmedabad,Gujarat,West,VIP,2025-08-04
845,Karan Agarwal,karan.agarwal845@brightmail.com,+91-9041200745,Ahmedabad,Gujarat,West,Regular,2022-09-19
713,Farhan Kapoor,farhan.kapoor713@brightmail.com,8223896141,Mumbai,Maharashtra,West,Premium,2023-05-22
320,Suresh Singh,suresh.singh320@brightmail.com,+91-9371145155,Patna,Bihar,East,Regular,2023-09-29
878,Kabir Chatterjee,kabir.chatterjee878@brightmail.com,+91-7374868934,Jaipur,Rajasthan,North,Premium,2022-10-19
213,Ishaan Mehta,ishaan.mehta213@brightmail.com,918152478730,Kolkata,West Bengal,East,Regular,2026-03-13
200,Navya Nair,navya.nair200@brightmail.com,+91-8296671622,Guwahati,Assam,East,Regular,2022-07-16
375,Saanvi Joshi,saanvi.joshi375@brightmail.com,7073390823,Kochi,Kerala,SOUTH,Regular,2023-03-20
452,Arjun Das,arjun.das452@brightmail.com,9226804520,Bhubaneswar,Odisha,East,Regular,2022-04-12
398,Sai Patel,sai.patel398@brightmail.com,+91-7239209748,Chandigarh,Punjab,North,Regular,2025-05-27
725,Vihaan Gupta,vihaan.gupta725@brightmail.com,919625707867,Jaipur,Rajasthan,North,Regular,2023-11-16
566,Krishna Kulkarni,krishna.kulkarni566@brightmail.com,8082529800,Dehradun,Uttarakhand,North,Regular,2026-04-20
422,Diya Pillai,diya.pillai422@brightmail.com,7722974658,Kochi,Kerala,South,Regular,2024-08-15
983,Riya Patel,riya.patel983@brightmail.com,83989-44921,Ranchi,Jharkhand,East,Regular,2026-04-04
309,Riya Gupta,riya.gupta309@brightmail.com,918215636551,Pune,Maharashtra,West,Regular,2024-05-01
132,Vihaan Kapoor,vihaan.kapoor132@brightmail.com,918795091899,Bhubaneswar,Odisha,East,Regular,2026-04-12
331,Zoya Mehta,zoya.mehta331@brightmail.com,918744781007,Chennai,Tamil Nadu,South,Premium,2024-02-05
521,  Sai Reddy  ,sai.reddy521@brightmail.com,917089714157,Ahmedabad,Gujarat,West,Regular,2025-08-30
531,Vihaan Patel,vihaan.patel531@brightmail.com,917141587029,Kochi,Kerala,South,Regular,2022-10-20
735,Riya Chatterjee,riya.chatterjee735@brightmail.com,918763656166,Ranchi,Jharkhand,East,Premium,2024-02-28
466,Rohan Patel,rohan.patel466@brightmail.com,96685-68645,Jaipur,Rajasthan,North,Regular,2023-09-17
687,Vivaan Rao,vivaan.rao687@brightmail.com,90908-16759,Kolkata,West Bengal,East,Regular,2024-12-12
441,Krishna Pillai,krishna.pillai441@brightmail.com,95594-28250,Guwahati,Assam,EAST,Regular,2025-09-08
645,Suresh Nair,suresh.nair645@brightmail.com,86494-96385,Bhubaneswar,Odisha,East,Premium,2025-09-22
858,Myra Kulkarni,myra.kulkarni858@brightmail.com,+91-8564949265,Delhi,Delhi,North,Regular,2023-09-04
920,Rahul Shetty,rahul.shetty920@brightmail.com,95783-58753,Bengaluru,Karnataka,South,Premium,2026-03-17
211,Meera Gupta,meera.gupta211@brightmail.com,9531091240,Jaipur,Rajasthan,North,Regular,2025-06-13
844,Sunita Pillai,sunita.pillai844@brightmail.com,8837359386,Lucknow,Uttar Pradesh,North,Regular,2022-03-02
417,Amit Shetty,amit.shetty417@brightmail.com,918159288691,Nagpur,Maharashtra,West,Regular,2025-10-27
173,Riya Gupta,riya.gupta173@brightmail.com,96194-54289,Mumbai,Maharashtra,West,Premium,2025-07-10
494,Myra Rao,myra.rao494@brightmail.com,917476431594,Patna,Bihar,East,Regular,2022-05-23
853,Saanvi Shetty,saanvi.shetty853@brightmail.com,+91-8474213035,Bengaluru,Karnataka,South,Premium,2026-03-04
787,Riya Iyer,riya.iyer787@brightmail.com,+91-9428862121,Patna,Bihar,East,Regular,2025-05-10
840,Karan Reddy,karan.reddy840@brightmail.com,+91-8836607448,Dehradun,Uttarakhand,North,Regular,2024-04-20
124,Sai Rao,sai.rao124@brightmail.com,+91-7982351237,Patna,Bihar,East,Regular,2025-11-13
767,Ananya Iyer,ananya.iyer767@brightmail.com,+91-9318507262,Surat,Gujarat,West,Regular,2025-12-05
658,Aarav Gupta,aarav.gupta658@brightmail.com,96535-60935,Dehradun,Uttarakhand,North,Regular,2025-03-12
886,Aditya Menon,aditya.menon886@brightmail.com,+91-7027133370,Bengaluru,Karnataka,South,Premium,2023-12-05
140,Divya Kapoor,divya.kapoor140@brightmail.com,86785-97621,Chandigarh,Punjab,North,Regular,2022-09-03
248,Farhan   Das,farhan.das248@brightmail.com,99688-88409,Delhi,Delhi,North,Regular,2022-07-27
428,Zoya Joshi,zoya.joshi428@brightmail.com,93767-37724,Bengaluru,Karnataka,South,Regular,2024-11-19
412,Sunita Pillai,sunita.pillai412@brightmail.com,+91-7286692697,Kolkata,West Bengal,East,Regular,2022-12-29
280,Krishna Verma,krishna.verma280@brightmail.com,+91-8934881166,Nagpur,Maharashtra,West,VIP,2023-07-24
852,Vikram Verma,vikram.verma852@brightmail.com,87174-40008,Dehradun,Uttarakhand,North,Regular,2022-12-12
763,Krishna Chatterjee,krishna.chatterjee763@brightmail.com,99771-24370,Kolkata,West Bengal,East,Regular,2023-10-21
476,Ritu Verma,ritu.verma476@brightmail.com,+91-8742955166,Nagpur,Maharashtra,West,Regular,2025-10-17
197,Navya Das,navya.das197@brightmail.com,85567-76833,Ahmedabad,Gujarat,West,Regular,2026-04-01
111,Ritu Rao,ritu.rao111@brightmail.com,9744977265,Pune,Maharashtra,West,Premium,2025-04-24
796,Saanvi Mehta,saanvi.mehta796@brightmail.com,+91-8795787471,Guwahati,Assam,East,Regular,2024-01-10
432,Zoya Pillai,zoya.pillai432@brightmail.com,+91-8767617164,Kolkata,West Bengal,East,Regular,2023-09-30
597,Aditya Joshi,aditya.joshi597@brightmail.com,917341153509,Pune,Maharashtra,West,Regular,2022-12-07
895,Aarav Kulkarni,aarav.kulkarni895@brightmail.com,74597-30377,Chennai,Tamil Nadu,South,Premium,2024-05-10
354,Pooja Gupta,pooja.gupta354@brightmail.com,+91-9839431732,Kolkata,West Bengal,East,Premium,2024-10-24
381,Pooja Shetty,pooja.shetty381@brightmail.com,74835-32894,Ahmedabad,Gujarat,West,Regular,2025-03-16
513,Vihaan Pillai,vihaan.pillai513@brightmail.com,9863365981,Ahmedabad,Gujarat,West,Premium,2022-12-15
898,Rahul Sharma,,87207-02147,Surat,Gujarat,west,Regular,2022-08-23
579,Priya Joshi,priya.joshi579@brightmail.com,917912837555,Kolkata,West Bengal,East,Regular,2022-12-10
274,Isha Reddy,isha.reddy274@brightmail.com,+91-9451903747,Pune,Maharashtra,West,Regular,2022-02-02
