OrderID,CustomerID,ProductID,EmployeeID,StoreID,OrderDate,ShipDate,Quantity,UnitPrice,DiscountPercent,PaymentMode,OrderChannel,OrderStatus,ShippingCost,Notes
500405,892,113,36,7,2024-02-28,2024-03-07,3,243.19,15,UPI,Online,Completed,78.07,
500886,409,6,11,12,2026-05-07,2026-05-08,8,1797.08,25,Cash,In-Store,completed,0,
505124,354,59,20,19,2024-03-04,2024-03-08,2,995.97,10,Credit Card,Online,Completed,60.73,
501289,89,39,11,19,2025-12-19,2025-12-21,7,502.54,30,Net Banking,Online,completed,124.72,
508819,465,10,24,3,2024-06-24,2024-06-28,8,746.77,25,Credit Card,Online,completed,59.77,
502132,408,117,32,23,2024-09-26,,2,272.4,25,Upi,In-Store,cancelled,0,Corporate order
505104,982,93,8,15,2024-06-22,2024-06-30,2,383.49,20,Upi,Online,COMPLETED,145.25,
508185,206,1,35,24,2026-05-21,2026-05-22,1,2786.98,10,NEFT,Online,Completed,80.56,Loyalty discount applied manually
506469,527,91,16,16,2024-07-06,2024-07-12,2,479.42,30,CASH,In-Store,Completed,0,
501781,931,91,20,11,2024-03-01,2024-03-04,9,499.2,15,cash,In-Store,Compeleted,0,
508844,74,115,10,24,2024-10-31,2024-11-01,3,325.12,5,cash,In-Store,COMPLETED,0,
506002,293,62,8,3,2024-05-23,2024-05-25,9,912.22,25,CARD,In-Store,completed,0,
509553,956,91,19,9,2025-03-10,2025-03-14,8,505.58,20,NetBanking,Online,Completed,131.36,Bulk order - verify stock
501283,372,74,11,18,2025-05-18,2025-05-25,8,1300.34,0,CASH,In-Store,Compeleted,0,
506818,326,63,39,17,2024-01-28,2024-02-06,4,1241.68,0,NEFT,Online,Retuned,80.74,
505152,342,97,23,14,2025-10-11,,9,1725.15,20,cash,In-Store,completed,0,
500559,411,117,20,15,2026-03-21,2026-03-29,9,281.23,15,Upi,In-Store,Completed,0,
500967,273,2,4,17,2026-06-27,2026-06-28,3,2970.99,0,UPI,Online,Compeleted,110.04,Customer requested callback
500872,592,42,7,5,2024-10-28,2024-11-02,6,82.91,25,U.P.I,Online,Compeleted,105.72,
507090,406,63,26,22,2025-10-11,2025-10-13,6,,30,Net Banking,Online,Canceled,115.72,Customer requested callback
504222,8,3,14,1,2025-05-18,2025-05-19,7,4571.93,15,NetBanking,Online,Returned,61.48,Customer requested callback
503322,,94,36,2,2026-05-01,2026-05-09,7,1321,5,net banking,In-Store,Compeleted,0,
501219,254,107,11,6,2024-12-21,2024-12-27,8,363.98,10,UPI,Online,COMPLETED,52.12,Corporate order
502951,115,126,30,11,2026-03-13,2026-03-10,1,586.66,40,U.P.I,Online,Compeleted,33.73,
504081,288,119,33,2,2026-02-16,2026-02-25,5,220.75,20,cash,Online,completed,79.81,
502438,,45,10,14,2025-01-31,2025-02-04,9,165.3,5,CASH,In-Store,COMPLETED,0,
500170,536,6,17,19,2026-01-01,2026-01-08,10,1768.66,25,Cash,In-Store,Completed,0,
509060,540,44,27,4,2025-06-21,2025-06-28,6,415.9,5,CASH,In-Store,Completed,0,Bulk order - verify stock
503609,329,29,11,1,2026-01-20,2026-01-26,1,3071.55,0,Upi,Online,COMPLETED,72.99,
502942,218,19,18,13,2025-10-12,2025-10-18,3,2724.31,30,U.P.I,Online,COMPLETED,83.18,Customer requested callback
503626,626,1,24,18,2024-05-31,2024-06-05,2,2742.38,25,Cash,In-Store,completed,0,
504423,763,106,23,22,2026-02-19,2026-02-27,7,679.71,30,NetBanking,Online,completed,117.34,Gift wrap requested
509604,769,17,22,5,2026-03-03,2026-03-12,2,4333.33,20,net banking,In-Store,Pending,0,
503608,798,109,17,23,2025-01-18,2025-01-27,9,520.47,0,Cash,In-Store,Completed,0,
506712,330,42,14,10,2024-05-01,2024-05-06,7,87.22,10,Credit Card,Online,COMPLETED,134.13,
508684,87,67,25,13,2024-12-18,2024-12-19,9,1030.71,30,U.P.I,In-Store,Completed,0,Loyalty discount applied manually
508495,160,104,36,13,2024-06-04,2024-06-11,4,380.06,5,card,In-Store,Completed,0,
504712,632,99,6,4,2026-01-13,2026-01-16,2,1001.48,15,upi,In-Store,Completed,0,
507358,87,17,36,9,2024-04-04,2024-04-07,10,3967.26,5,cash,In-Store,Compeleted,0,
505656,45,123,13,17,2024-09-01,2024-09-06,-3,420.88,5,Cash,In-Store,Returned,0,Loyalty discount applied manually
500478,384,13,4,17,2026-01-09,2026-01-16,2,4148.54,10,Card,In-Store,Compeleted,0,
509822,233,63,10,11,2024-09-22,2024-09-30,4,1222.2,15,Card,In-Store,COMPLETED,0,
505188,831,88,15,17,2025-09-24,2025-09-25,3,738.02,10,card,Online,completed,147.46,Urgent delivery requested
503600,591,36,13,17,2024-12-08,2024-12-17,3,421.74,15,card,Online,returned,58.29,Corporate order
501035,628,27,34,23,2026-04-18,2026-04-27,9,3584.21,15,Upi,Online,Compeleted,77.23,Customer requested callback
502275,266,32,19,2,2025-12-27,2025-12-28,10,104.73,5,CASH,Online,COMPLETED,67.06,Bulk order - verify stock
501753,683,65,23,5,2026-04-19,2026-04-27,4,1567.92,20,cash,In-Store,Compeleted,0,Customer requested callback
500296,723,121,25,6,2024-04-12,2024-04-16,9,542.01,30,Upi,Online,Compeleted,121.73,
508629,506,77,12,12,2025-04-24,2025-04-28,8,1403.94,5,Card,In-Store,COMPLETED,0,
508310,886,102,4,1,2024-07-05,2024-07-14,4,1003.14,0,Net Banking,In-Store,COMPLETED,0,Bulk order - verify stock
500681,861,90,23,10,2024-06-18,2024-06-19,10,1488.93,20,Cash,Online,returned,78.5,
505287,578,29,9,6,2024-09-01,2024-09-03,3,2972.65,45,Net Banking,In-Store,completed,0,
509266,536,97,20,17,2026-01-26,2026-01-28,3,1878.39,10,CARD,Online,Pending,72.79,
502555,915,80,4,1,2024-11-07,2024-11-09,4,1300.23,15,CARD,Online,Compeleted,62.44,
501042,273,83,39,2,2025-08-11,2025-08-17,6,2372.41,20,card,In-Store,Compeleted,0,Customer requested callback
507514,74,105,40,16,2024-09-17,2024-09-18,8,494.48,30,U.P.I,Online,Compeleted,42.26,Loyalty discount applied manually
500553,309,84,3,7,2025-03-13,2025-03-18,6,706.9,25,cash,Online,CANCELLED ,47.94,Loyalty discount applied manually
505665,567,118,30,5,2025-04-24,2025-04-27,10,468.87,5,cash,In-Store,pending,0,
509259,451,66,8,15,2025-06-10,2025-06-14,10,1774.98,0,UPI,In-Store,Returned,0,Corporate order
502814,174,110,39,1,2024-10-11,2024-10-18,10,250.99,35,Net Banking,Online,COMPLETED,138.81,Loyalty discount applied manually
501661,467,27,20,17,2024-02-22,2024-02-29,1,3761.36,5,CASH,Online,COMPLETED,91.54,Loyalty discount applied manually
505117,266,124,36,1,2025-09-10,2025-09-14,8,268.88,15,Card,Online,returned,73.02,Loyalty discount applied manually
501637,761,49,15,19,2025-10-08,2025-10-09,2,186.33,0,Debit Card,Online,completed,85.18,
500399,356,57,4,20,2026-04-03,2026-04-07,9,1428.37,30,U.P.I,In-Store,Completed,0,Urgent delivery requested
509526,142,83,4,1,2026-06-06,2026-06-09,8,2421.51,10,upi,In-Store,pending,0,
503582,685,13,3,14,2025-12-02,2025-12-05,7,4039.01,20,Upi,In-Store,COMPLETED,0,
508622,688,8,14,19,2024-08-18,2024-08-26,3,2659.44,20,cash,In-Store,Completed,0,Corporate order
508218,565,83,17,15,2024-11-19,2024-11-27,1,2375.88,0,CARD,In-Store,Compeleted,0,
505779,855,117,6,22,2025-10-31,2025-11-02,3,299.95,10,card,In-Store,Completed,0,
502909,159,34,13,14,2024-05-09,2024-05-10,5,150.78,30,Credit Card,In-Store,completed,0,
501016,835,110,13,21,2024-07-18,2024-07-26,1,232.37,30,U.P.I,Online,Compeleted,132.39,
501031,741,1,22,17,2025-03-23,2025-03-18,9,2844.73,25,cash,In-Store,COMPLETED,0,
508188,,85,38,2,2024-06-10,2024-06-13,2,897.37,5,U.P.I,In-Store,Completed,0,
504672,329,26,37,6,2024-02-29,2024-03-07,2,3262.42,5,Upi,Online,Compeleted,102.37,
505379,859,88812,40,21,2025-04-29,2025-05-05,5,1656.04,15,NEFT,In-Store,PENDING,0,
504133,623,55,20,21,2024-12-13,2024-12-09,9,1733.67,0,cash,In-Store,Completed,0,
509376,167,19,34,19,2024-11-27,2024-11-30,10,2798.79,30,CASH,In-Store,COMPLETED,0,
505056,58,100,17,9,2025-05-25,2025-06-02,9,500.72,0,net banking,In-Store,completed,0,
501639,914,50,6,9,2024-09-21,2024-09-26,4,286.39,30,card,Online,Compeleted,85.02,Loyalty discount applied manually
504768,827,3,28,4,2025-04-24,2025-04-29,5,4786.05,30,Credit Card,Online,Cancelled,50.75,
507078,313,1,9,19,2026-05-06,2026-05-11,3,2680.74,10,Net Banking,In-Store,completed,0,
509201,353,5,30,11,2024-04-18,2024-04-25,1,3502.67,5,net banking,Online,Completed,97.1,Gift wrap requested
503937,,36,17,12,2025-06-17,2025-06-18,4,412.05,20,Upi,Online,Cancelled,86,
505170,909,1,13,20,2024-06-29,2024-07-08,2,2735.61,10,NetBanking,Online,completed,86.94,
505489,762,98,29,19,2025-04-08,2025-04-11,5,1911.12,25,Upi,In-Store,returned,0,
504453,16,84,3,24,2025-05-04,2025-05-05,6,760.57,20,cash,In-Store,Retuned,0,Urgent delivery requested
500353,181,74,10,16,2025-02-26,2025-03-01,5,1330.64,0,UPI,Online,COMPLETED,61.33,Gift wrap requested
502226,754,106,30,11,2024-10-31,2024-11-04,8,699.9,0,NEFT,Online,completed,46.93,
508658,,87,34,11,2024-02-17,2024-02-18,3,1274.3,25,Cash,Online,Completed,63.99,Bulk order - verify stock
506258,893,110,31,18,2026-03-11,2026-03-12,1,234.16,30,Credit Card,Online,Compeleted,42.62,
509444,731,69,23,16,2025-06-28,2025-07-02,3,1104.57,10,NetBanking,In-Store,Compeleted,0,Gift wrap requested
503504,308,73,21,11,2026-06-09,2026-06-15,5,1062.32,25,Net Banking,In-Store,pending,0,
505913,10,118,24,20,2026-02-08,2026-02-15,1,462.33,10,NEFT,Online,completed,110.79,
508213,457,92,7,8,2024-02-15,2024-02-20,10,1760.84,15,upi,In-Store,Canceled,0,Bulk order - verify stock
502592,314,10,35,20,2024-08-30,2024-09-07,7,742.18,20,Card,In-Store,Pending,0,
507484,427,109,38,20,2025-01-02,2025-01-10,9,477.57,20,UPI,Online,pending,74.28,Loyalty discount applied manually
502450,488,30,24,1,2024-03-06,2024-03-10,4,2882,0,Card,In-Store,Completed,0,
504044,984,16,16,9,2026-06-29,2026-07-06,8,2175.34,30,NetBanking,Online,completed,130.58,Bulk order - verify stock
506905,518,1,38,4,2024-04-08,2024-04-14,4,2911.65,5,CASH,Online,Canceled,126.98,
503999,573,125,6,19,2024-08-10,2024-08-17,6,381.28,15,upi,Online,COMPLETED,105.39,Customer requested callback
509813,26,22,33,7,2025-01-26,2025-02-04,7,1242.62,20,cash,In-Store,Pending,0,Gift wrap requested
506634,567,99,11,10,2025-02-02,2025-02-08,1,1007.78,0,net banking,In-Store,completed,0,Loyalty discount applied manually
505973,632,60,34,16,2026-02-20,2026-02-25,1,1590.99,30,CASH,In-Store,CANCELLED ,0,Loyalty discount applied manually
508109,885,122,27,4,2024-07-21,2024-07-26,1,167.52,10,U.P.I,Online,completed,91.5,
502019,63,93,29,10,2025-07-05,2025-07-10,3,395.1,10,cash,In-Store,Completed,0,
508127,53,44,14,23,2025-06-23,2025-07-01,10,419.61,10,cash,Online,pending,96.25,
506904,219,102,28,2,2024-10-21,2024-10-22,10,1046.65,15,cash,Online,Pending,47.47,Customer requested callback
504028,737,62,33,11,2025-05-05,2025-05-07,10,877.2,5,card,Online,completed,120.77,Customer requested callback
504250,339,48,20,7,2025-01-27,2025-02-01,10,127.28,10,net banking,In-Store,COMPLETED,0,
504622,622,102,24,10,2024-10-27,2024-11-04,3,1030.06,10,cash,Online,Compeleted,118.75,Corporate order
503924,950,20,8,11,2025-10-01,2025-10-10,3,3021.03,5,cash,In-Store,Compeleted,0,
507686,197,64,37,19,2024-08-01,2024-08-09,5,1322.48,15,Credit Card,In-Store,COMPLETED,0,Bulk order - verify stock
508890,117,107,21,12,2024-05-21,2024-05-22,3,379.2,50,NetBanking,Online,Cancelled,77.27,Customer requested callback
501208,94,45,12,4,2024-08-30,2024-09-02,1,158,20,NetBanking,In-Store,Retuned,0,Bulk order - verify stock
506049,356,124,27,10,2026-01-04,2026-01-07,4,290.37,20,U.P.I,Online,COMPLETED,84.97,Urgent delivery requested
502063,974,116,15,13,2025-05-31,2025-06-06,1,206.28,5,Cash,In-Store,completed,0,
507389,862,33,1,21,2025-03-29,2025-04-07,10,401.64,10,Card,Online,completed,63.05,
500137,867,124,24,19,2024-06-26,2024-06-30,0,287.65,25,Net Banking,In-Store,completed,0,Loyalty discount applied manually
508450,459,18,33,8,2025-10-21,2025-10-25,10,902.77,25,UPI,In-Store,cancelled,0,
500188,697,110,39,24,2025-04-27,2025-05-06,2,235.61,0,NetBanking,In-Store,COMPLETED,0,
503737,8,18,26,2,2024-09-22,2024-09-29,7,918.48,5,Upi,In-Store,Compeleted,0,
505495,979,21,28,4,2025-11-03,2025-11-08,10,656.33,5,Cash,In-Store,Completed,0,
503992,856,21,33,19,2025-08-10,2025-08-12,3,621.73,15,Cash,In-Store,COMPLETED,0,Customer requested callback
503514,141,16,13,17,2025-04-03,2025-04-07,5,2155.55,10,Net Banking,In-Store,COMPLETED,0,Customer requested callback
505872,466,62,37,24,2025-03-09,2025-03-11,4,898.18,25,UPI,In-Store,completed,0,
503353,347,25,26,20,2025-02-09,2025-02-17,10,1488.18,15,Net Banking,Online,Pending,88.33,Gift wrap requested
500600,676,57,35,6,2025-11-20,2025-11-23,5,1386.71,15,card,Online,Completed,76.57,
508756,999013,76,40,19,2025-06-09,2025-06-14,3,1770.73,20,Upi,In-Store,COMPLETED,0,Customer requested callback
503419,445,77,14,9,2024-05-20,2024-05-28,4,1470.53,20,Net Banking,Online,Canceled,45.04,Urgent delivery requested
502202,896,95,18,17,2025-10-03,2025-10-05,5,662.54,30,Credit Card,In-Store,Retuned,0,
506034,412,12,39,4,2026-03-20,2026-03-26,7,484.06,30,card,Online,Completed,140.25,Urgent delivery requested
506295,63,40,22,6,2026-05-30,2026-06-08,7,198.87,20,net banking,Online,Compeleted,96.43,Customer requested callback
507656,339,23,30,11,2025-11-10,2025-11-12,4,2091.88,0,cash,Online,completed,93,
508824,26,9,39,11,2024-09-25,2024-09-30,3,1235.46,5,NetBanking,In-Store,completed,0,
505345,654,3,28,12,2026-03-06,2026-03-09,8,4401.4,20,NetBanking,Online,Compeleted,-72.27,Bulk order - verify stock
501213,494,27,3,16,2024-01-06,2024-01-09,6,3508.23,30,NetBanking,In-Store,returned,0,
506125,486,10,23,19,2024-01-29,2024-01-31,6,757.33,10,U.P.I,In-Store,completed,0,
506239,716,114,3,16,2024-09-20,2024-09-23,2,199.21,10,upi,Online,Retuned,54.34,Gift wrap requested
501731,863,80,7,15,2025-06-10,2025-06-17,7,1323,30,card,In-Store,Completed,0,
505400,888,35,1,10,2025-07-13,2025-07-19,4,177.02,10,Net Banking,Online,pending,121.06,Customer requested callback
508977,753,108,18,4,2025-01-04,2025-01-09,7,173.8,5,cash,In-Store,COMPLETED,0,
503290,564,88804,10,6,2024-01-16,2024-01-18,6,2863.49,25,CASH,Online,Completed,129.49,Gift wrap requested
501413,244,63,38,11,2025-05-09,2025-05-10,5,1193.81,20,CARD,Online,Completed,98.73,
506982,443,41,38,17,2025-12-16,2025-12-18,6,243.6,10,NEFT,In-Store,completed,0,
507828,400,97,14,11,2025-10-09,2025-10-16,10,1860.47,15,Credit Card,In-Store,completed,0,
504082,186,40,13,2,2026-03-02,2026-03-06,2,193.75,0,U.P.I,In-Store,CANCELLED ,0,
502550,102,1,8,20,2025-09-03,2025-09-12,3,2757.46,30,CASH,In-Store,returned,0,
506693,117,11,5,4,2025-06-19,2025-06-22,6,4392.81,5,card,Online,Compeleted,72.52,Corporate order
506510,759,106,5,14,2025-01-20,2025-01-22,10,680.69,15,net banking,In-Store,completed,0,Corporate order
507517,273,58,18,12,2025-03-06,2025-03-12,8,2053.2,20,upi,In-Store,completed,0,
503787,932,31,36,21,2024-01-14,2024-01-17,2,162.23,25,NetBanking,In-Store,returned,0,Urgent delivery requested
504111,348,3,26,9,2025-04-24,2025-04-26,4,4624.79,10,UPI,Online,Compeleted,44.37,
501647,119,81,8,19,2025-10-20,2025-10-27,6,1847.61,20,CASH,In-Store,completed,0,
509571,238,65,27,21,2026-03-31,2026-04-03,1,1542.38,15,Cash,In-Store,COMPLETED,0,Bulk order - verify stock
501277,328,106,17,17,2026-04-06,2026-04-09,2,716.78,25,net banking,Online,Completed,92.09,Urgent delivery requested
500310,967,6,23,5,2024-12-05,2024-12-06,9,1698.59,25,cash,In-Store,Completed,0,Bulk order - verify stock
502425,385,10,27,8,2025-03-31,2025-04-08,2,742.22,10,Cash,In-Store,PENDING,0,Loyalty discount applied manually
502809,675,118,26,2,2024-01-24,2024-01-29,4,446.31,20,cash,Online,Completed,75.8,
507556,852,91,16,12,2024-12-09,2024-12-11,2,463.66,15,cash,Online,completed,68.53,Gift wrap requested
502162,559,104,34,6,2025-11-12,2025-11-17,6,375.52,5,U.P.I,In-Store,completed,0,Customer requested callback
508407,115,57,13,6,2026-05-15,2026-05-18,7,1375.17,15,cash,In-Store,returned,0,Gift wrap requested
501675,387,23,19,5,2026-03-29,2026-04-06,9,2011.63,10,Credit Card,Online,pending,34.31,Urgent delivery requested
506763,437,46,2,11,2026-03-13,2026-03-15,2,302.74,15,CARD,Online,Compeleted,114.48,
505751,725,78,5,4,2025-10-13,2025-10-17,2,532.67,30,Cash,In-Store,completed,0,Customer requested callback
505807,750,39,24,2,2025-02-22,2025-02-27,9,488.33,10,NEFT,Online,completed,102.19,Customer requested callback
506139,127,9,31,8,2026-03-22,2026-03-30,7,1153.46,0,Net Banking,In-Store,Pending,0,
509289,163,115,9,23,2026-06-27,2026-07-05,6,321.16,25,card,Online,completed,86.97,Gift wrap requested
502508,947,31,19,24,2026-01-30,2026-02-03,10,153.65,20,NEFT,Online,COMPLETED,122.9,
500256,587,62,4,19,2025-08-27,2025-08-28,3,906.77,0,Net Banking,Online,Returned,104.84,
505150,523,61,17,18,2025-12-03,2025-12-09,8,1155.43,15,Net Banking,In-Store,COMPLETED,0,
509009,225,88815,8,6,2024-07-01,2024-07-05,9,579.29,20,cash,Online,Completed,62.6,
501892,600,25,39,15,2026-03-20,2026-03-29,10,1399.53,10,Credit Card,In-Store,cancelled,0,
508182,522,63,35,1,2025-05-14,2025-05-19,-2,1238.71,20,Upi,In-Store,Completed,0,
501968,910,71,6,18,2024-07-21,2024-07-28,6,582.38,5,NetBanking,Online,completed,59,
502146,493,30,10,19,2025-06-24,2025-06-27,6,2626.22,25,Cash,Online,Completed,48.37,Bulk order - verify stock
507564,329,19,39,5,2026-01-29,2026-02-04,10,2772.24,25,net banking,Online,Completed,109.72,
501139,880,90,29,19,2024-05-24,2024-05-26,8,1579.6,30,UPI,In-Store,Retuned,0,
501887,243,115,16,12,2025-10-02,2025-10-05,8,354.67,10,upi,In-Store,Completed,0,Bulk order - verify stock
504242,167,26,33,3,2026-02-25,2026-03-03,6,3156.83,20,U.P.I,Online,Compeleted,129.59,Customer requested callback
504333,283,82,8,22,2024-08-23,2024-08-29,5,552.24,20,CASH,In-Store,completed,0,
503264,478,64,35,15,2025-11-17,2025-11-23,2,1329.03,20,NEFT,In-Store,Compeleted,0,
500533,48,26,30,9,2025-07-03,2025-07-10,8,3132.54,10,Credit Card,In-Store,Completed,0,Urgent delivery requested
505953,54,11,40,8,2025-03-07,2025-03-14,4,4827.93,5,Credit Card,In-Store,completed,0,
505052,702,78,1,3,2024-04-16,2024-04-18,7,527.24,0,UPI,In-Store,Completed,0,
504759,303,111,1,6,2025-10-17,2025-10-22,4,656.25,0,upi,Online,Completed,54.71,Loyalty discount applied manually
504952,355,110,31,13,2025-11-14,2025-11-17,-2,238.68,0,Card,Online,COMPLETED,145.91,Corporate order
502482,214,66,10,11,2024-09-07,2024-09-09,1,1857.23,25,Cash,Online,Returned,97.71,
508816,559,15,7,15,2026-01-14,2026-01-16,1,1877.43,30,cash,In-Store,CANCELLED ,0,
509770,911,50,32,14,2025-09-10,2025-09-11,5,290.56,15,U.P.I,In-Store,COMPLETED,0,Corporate order
508873,433,11,36,5,2025-12-04,2025-12-06,7,4382.44,5,U.P.I,In-Store,Completed,0,Gift wrap requested
507768,700,52,7,3,2024-03-15,2024-03-20,9,377.68,5,CARD,In-Store,completed,0,
502156,439,79,2,16,2024-02-21,2024-02-23,4,1173.73,15,Net Banking,In-Store,Returned,0,Urgent delivery requested
507976,735,124,14,11,2025-08-13,2025-08-16,2,295.97,10,cash,Online,Completed,145.1,
503703,528,45,21,6,2024-03-11,2024-03-19,4,165.89,0,U.P.I,Online,Completed,79.65,Corporate order
506580,465,88819,10,16,2025-05-21,2025-05-22,8,527.06,20,Debit Card,Online,completed,115.18,
504847,110,64,12,1,2024-10-23,2024-10-30,10,1354.41,20,card,Online,Completed,99.9,
508604,580,56,40,19,2024-11-13,2024-11-22,9,895.94,35,Credit Card,Online,Cancelled,45.17,Gift wrap requested
508322,574,124,8,3,2024-07-21,2024-07-28,9,287.35,5,upi,Online,PENDING,56.76,
504354,362,107,38,13,2026-03-19,2026-03-21,5,389.2,25,card,In-Store,Completed,0,
507441,217,42,27,16,2026-03-26,2026-04-04,7,85.83,25,CARD,Online,Completed,73.16,Gift wrap requested
507876,320,68,29,16,2025-10-25,2025-10-28,4,353.69,30,Upi,In-Store,CANCELLED ,0,Urgent delivery requested
504127,740,10,20,21,2026-04-02,2026-04-03,3,720.17,15,cash,In-Store,cancelled,0,
506643,862,107,31,20,2025-05-22,2025-05-26,9,364.51,25,Upi,Online,Compeleted,108.75,
502154,238,70,5,21,2025-06-06,2025-06-11,8,1813.84,20,cash,In-Store,CANCELLED ,0,Urgent delivery requested
509480,828,49,17,12,2024-07-02,2024-07-07,8,172.43,30,CASH,In-Store,Completed,0,
503306,929,29,15,16,2025-05-20,2025-05-23,10,3099.26,25,Upi,Online,Retuned,77.83,
508925,156,8,29,17,2024-05-31,2024-06-08,3,2645.16,0,Upi,In-Store,Returned,0,
507059,85,27,35,6,2025-05-10,2025-05-15,9,3760.18,30,Net Banking,In-Store,Compeleted,0,Loyalty discount applied manually
501958,356,89,29,7,2025-01-21,2025-01-19,4,1759.7,15,upi,Online,completed,61.11,Urgent delivery requested
509441,394,64,15,10,2026-01-11,2026-01-17,9,1280.5,15,U.P.I,In-Store,Completed,0,
502656,233,41,29,9,2025-07-30,2025-08-03,9,233.85,15,UPI,Online,completed,45.29,
507319,,92,40,17,2026-03-04,2026-03-08,6,1879.1,35,Upi,In-Store,Cancelled,0,
507565,580,62,38,6,2025-06-30,2025-07-05,5,833.79,5,card,In-Store,completed,0,Gift wrap requested
501224,184,98,35,9,2025-07-27,2025-07-28,7,2002.69,15,Credit Card,Online,pending,123.18,
507970,400,110,16,23,2026-05-22,2026-05-26,9,254.42,15,UPI,In-Store,PENDING,0,
505806,759,126,39,8,2024-12-13,2024-12-22,6,602.22,15,U.P.I,In-Store,Compeleted,0,
504355,912,55,10,23,2024-03-08,2024-03-10,3,1622.72,30,Net Banking,In-Store,Compeleted,0,
504745,217,4,1,24,2024-04-22,2024-04-24,9,4070.63,15,Upi,In-Store,pending,0,
504430,6,1,25,14,2026-03-28,2026-04-05,9,2884.29,10,Cash,Online,Compeleted,127.16,
506955,645,3,4,4,2026-01-08,2026-01-13,9,4608.26,25,Upi,Online,Completed,52.23,Gift wrap requested
503747,615,126,20,14,2024-03-12,2024-03-20,6,605.61,10,Credit Card,In-Store,pending,0,
508503,349,3,36,16,2025-01-19,2025-01-26,2,4657.86,5,Net Banking,Online,Retuned,112.74,
507741,75,79,7,24,2024-06-23,2024-06-29,5,1145.5,25,UPI,In-Store,Returned,0,
505942,706,31,20,2,2025-05-16,2025-05-19,5,167.49,25,Card,In-Store,Completed,0,
501232,890,75,33,1,2024-11-12,2024-11-16,4,1229.74,15,Cash,In-Store,Cancelled,0,
504164,247,46,19,11,2025-12-29,2026-01-06,7,329.7,5,NEFT,Online,completed,144.28,Customer requested callback
502439,487,50,15,23,2025-06-10,2025-06-18,6,274.69,20,Debit Card,In-Store,CANCELLED ,0,Loyalty discount applied manually
503184,77,78,8,15,2025-03-21,2025-03-23,6,540.39,25,Cash,Online,Compeleted,62.48,
502502,388,9,16,5,2026-03-14,2026-03-21,4,1243.9,0,Cash,In-Store,completed,0,
509080,631,12,40,3,2024-10-16,2024-10-25,9,475.73,30,card,In-Store,COMPLETED,0,Corporate order
503430,105,33,23,5,2024-06-04,2024-06-12,5,404.24,30,Card,In-Store,Completed,0,
502245,448,9,26,8,2026-02-11,2026-02-09,1,1188.16,0,Upi,Online,Cancelled,137.75,Loyalty discount applied manually
502881,238,14,20,5,2025-10-23,,10,4933.77,30,cash,In-Store,Retuned,0,Bulk order - verify stock
506919,440,41,23,18,2024-01-14,2024-01-18,10,233.1,20,Card,In-Store,cancelled,0,Bulk order - verify stock
507894,565,32,12,4,2024-02-16,2024-02-17,8,101.43,25,card,Online,completed,63.95,
502650,683,104,40,2,2024-12-02,,7,410.4,20,net banking,Online,PENDING,145.49,
505921,465,59,36,4,2026-02-12,2026-02-15,4,1052.49,0,U.P.I,In-Store,Returned,0,
506463,753,103,26,6,2026-01-27,2026-01-31,6,629.96,5,NEFT,Online,Completed,85.42,Urgent delivery requested
501472,509,120,5,13,2024-04-25,2024-04-27,5,154.27,30,UPI,Online,Compeleted,85.43,
506254,504,77,34,14,2024-09-13,2024-09-22,8,1454.27,10,CASH,Online,Completed,119.36,
500551,241,108,19,10,2024-06-14,2024-06-23,5,179.08,0,upi,In-Store,COMPLETED,0,
502808,753,6,5,21,2024-12-21,2024-12-25,7,1781.71,5,UPI,In-Store,completed,0,
507293,58,121,38,4,2025-09-04,2025-09-09,9,531.04,10,Upi,Online,Cancelled,63.03,Customer requested callback
500007,958,54,30,8,2025-09-01,2025-09-09,2,323.84,5,Debit Card,Online,returned,45.87,
506128,138,11,25,6,2024-03-03,2024-03-05,10,4608.85,10,NEFT,Online,Cancelled,43.78,Customer requested callback
504724,371,124,11,13,2024-04-11,2024-04-12,9,276.46,25,CARD,In-Store,COMPLETED,0,Loyalty discount applied manually
509360,566,73,33,19,2024-03-18,2024-03-25,10,1059.39,25,Credit Card,In-Store,COMPLETED,0,
507404,519,105,15,4,2024-11-21,2024-11-22,6,453.56,20,Card,In-Store,Compeleted,0,
507795,766,72,28,6,2025-01-26,2025-02-01,9,1270.91,5,U.P.I,In-Store,COMPLETED,0,
509573,51,115,24,15,2024-04-18,2024-04-25,1,350.81,5,Upi,Online,Compeleted,118.64,
504476,982,105,32,19,2025-09-14,2025-09-20,5,456.27,15,CARD,Online,Compeleted,85.83,
507207,895,14,39,23,2026-06-20,2026-06-26,9,4918.54,5,cash,Online,COMPLETED,141.9,
502614,77,28,13,9,2025-11-08,2025-11-13,6,3730.48,0,cash,Online,Completed,93.29,
506249,874,26,23,19,2025-12-22,2025-12-29,7,3259.33,25,Net Banking,In-Store,Compeleted,0,
509664,999033,34,7,3,2024-05-02,2024-05-03,7,145.44,30,NEFT,Online,COMPLETED,132.23,Corporate order
508640,921,25,9,6,2024-05-26,2024-06-04,10,1427.01,45,cash,In-Store,Completed,0,Customer requested callback
506775,414,70,25,12,2024-12-31,2025-01-01,10,1865.09,5,U.P.I,Online,Pending,144.5,
502090,637,91,18,8,2026-03-27,2026-03-28,7,483.94,25,CARD,In-Store,Compeleted,0,
504614,936,122,40,7,2024-07-26,2024-08-03,10,165.51,0,card,In-Store,cancelled,0,
501375,317,33,12,14,2026-02-06,2026-02-15,9,379.39,15,U.P.I,Online,PENDING,30.8,Customer requested callback
502887,208,15,5,22,2024-02-21,2024-02-29,10,1837.78,5,U.P.I,Online,Compeleted,123.35,Customer requested callback
509229,187,124,12,14,2026-01-29,2026-02-06,10,277.67,35,CASH,In-Store,completed,0,
502936,467,42,6,20,2026-03-21,,9,86.22,20,cash,Online,Completed,126.8,Loyalty discount applied manually
502717,253,23,40,10,2025-10-08,2025-10-14,10,2091.31,15,CARD,Online,Compeleted,59.42,
509758,886,41,24,20,2025-09-18,2025-09-21,5,240.02,20,CASH,Online,Canceled,143.42,
503221,11,88,1,2,2026-01-27,,6,751.77,15,cash,In-Store,completed,0,
505371,960,54,29,4,2026-03-18,2026-03-21,2,314.96,5,NetBanking,Online,Compeleted,33.54,
508786,637,56,4,3,2024-02-08,,2,876.64,5,CASH,In-Store,Compeleted,0,
508660,29,30,6,14,2025-07-01,,1,2642.87,10,Credit Card,In-Store,returned,0,Loyalty discount applied manually
501660,204,106,10,6,2024-12-01,2024-12-06,3,664.24,20,UPI,In-Store,Retuned,0,Gift wrap requested
501071,561,102,9,23,2024-12-17,2024-12-18,1,1029.67,20,Credit Card,Online,Completed,117.08,Urgent delivery requested
507128,178,16,14,9,2025-02-18,2025-02-27,1,2180.28,15,net banking,Online,Pending,78.87,
501176,749,98,8,24,2025-12-05,2025-12-09,4,1964.03,10,Debit Card,In-Store,CANCELLED ,0,
506726,134,37,32,3,2025-08-12,2025-08-18,4,198.49,10,U.P.I,In-Store,Retuned,0,
500578,129,123,28,20,2025-04-30,2025-05-09,7,429.89,10,cash,Online,CANCELLED ,62.22,
502060,298,26,40,11,2025-11-14,2025-11-21,2,3191.48,25,card,In-Store,COMPLETED,0,
507064,159,116,4,24,2024-10-18,2024-10-19,2,205.73,20,NEFT,In-Store,Completed,0,
508307,376,52,13,14,2025-02-12,2025-02-21,10,368.06,25,NetBanking,Online,completed,59.9,
507479,409,46,8,22,2024-07-23,2024-07-26,1,320.06,15,net banking,In-Store,Completed,0,
507443,908,96,27,7,2024-12-28,2025-01-02,7,2006.41,25,card,Online,returned,80.74,Customer requested callback
501449,424,26,14,24,2025-05-24,2025-05-28,9,3091.15,0,Credit Card,In-Store,COMPLETED,0,Loyalty discount applied manually
509653,351,19,40,16,2024-10-22,2024-10-26,3,2647.96,25,cash,Online,Completed,119.99,Loyalty discount applied manually
509095,940,33,35,8,2025-04-17,2025-04-26,10,407.4,10,NetBanking,In-Store,completed,0,Bulk order - verify stock
503677,976,42,7,9,2025-06-19,2025-06-23,8,82.38,30,Upi,In-Store,Compeleted,0,Loyalty discount applied manually
508178,208,106,11,1,2025-10-29,2025-11-02,9,680.63,5,cash,In-Store,completed,0,
506481,579,67,40,19,2025-01-24,2025-02-01,3,1079.95,45,Upi,Online,Compeleted,139.45,
505511,689,37,6,3,2025-08-01,2025-08-05,2,206.12,5,net banking,In-Store,Compeleted,0,Customer requested callback
506845,56,115,39,18,2026-05-16,2026-05-21,7,321.89,10,Net Banking,In-Store,Completed,0,
502353,526,124,8,1,2025-11-08,2025-11-15,10,284.6,20,Card,Online,Compeleted,67.94,Customer requested callback
500541,525,106,11,12,2024-06-04,2024-06-05,2,694.89,20,net banking,Online,Completed,88.71,Customer requested callback
506260,140,42,2,23,2025-06-15,2025-06-21,1,87.54,10,Cash,Online,Completed,147.44,Bulk order - verify stock
505682,735,69,27,17,2024-09-14,2024-09-12,7,1106.14,10,net banking,In-Store,completed,0,
505529,701,70,31,14,2025-05-10,2025-05-16,7,1960.86,20,CASH,Online,completed,80.13,
507736,203,122,29,9,2025-01-12,2025-01-14,5,168.53,0,Upi,Online,PENDING,48.61,Urgent delivery requested
500044,131,48,38,21,2026-01-15,2026-01-21,10,131.89,30,CARD,Online,COMPLETED,118.86,
501244,319,74,36,10,2026-01-26,2026-01-28,9,1308.45,10,CASH,Online,Completed,91.46,Loyalty discount applied manually
503130,236,80,24,16,2024-11-09,2024-11-18,10,1365.16,25,Net Banking,In-Store,Compeleted,0,
502469,999047,25,39,19,2024-06-09,2024-06-14,6,,30,Net Banking,Online,CANCELLED ,123.68,Gift wrap requested
503867,235,25,12,17,2025-09-17,2025-09-20,2,1493.06,15,Cash,In-Store,returned,0,
500263,452,13,3,8,2025-10-25,2025-10-27,2,4315.94,30,Net Banking,Online,Pending,90.05,
501343,135,1,21,23,2024-02-23,2024-02-28,2,2768.61,25,Net Banking,Online,completed,124.03,
505516,720,2,11,1,2025-12-19,2025-12-28,4,2766.76,10,Card,Online,Pending,69.82,
509375,468,95,10,2,2024-05-07,,9,691.65,10,Net Banking,Online,completed,100.4,Bulk order - verify stock
507526,426,25,17,24,2025-10-24,2025-11-02,10,1434.01,10,NetBanking,Online,Pending,139.32,
508013,691,17,11,6,2024-10-28,2024-11-02,4,4300.62,30,NEFT,In-Store,PENDING,0,
502161,617,70,20,21,2024-05-28,2024-05-30,4,1925.28,5,Cash,Online,COMPLETED,65.38,Loyalty discount applied manually
503022,770,55,22,19,2024-03-29,2024-04-01,2,1660.54,15,Cash,Online,pending,126.89,Bulk order - verify stock
502531,177,81,9,3,2025-11-21,2025-11-23,7,1759.79,5,UPI,In-Store,COMPLETED,0,Bulk order - verify stock
500267,535,93,20,11,2024-10-11,2024-10-16,6,400.26,10,card,Online,pending,91.04,Bulk order - verify stock
500796,43,38,25,16,2024-05-05,2024-05-14,3,304.96,15,Credit Card,Online,Compeleted,72.73,Gift wrap requested
501685,424,32,5,1,2025-03-04,2025-03-09,5,103.24,10,Cash,Online,COMPLETED,76.52,Urgent delivery requested
502528,815,117,8,23,2024-10-08,2024-10-14,5,287.09,25,Cash,In-Store,Returned,0,Loyalty discount applied manually
503241,150,33,24,23,2025-07-13,2025-07-20,4,408.35,30,Card,Online,returned,82.46,
500525,431,62,17,7,2025-07-17,2025-07-22,3,895.79,0,upi,Online,completed,138.42,
507030,616,88807,33,22,2025-10-31,2025-11-08,1,2696.17,15,NetBanking,Online,Pending,76.62,Loyalty discount applied manually
503072,688,94,26,21,2024-12-23,2024-12-30,4,1338,15,upi,In-Store,Canceled,0,Gift wrap requested
508593,921,46,20,6,2025-10-31,2025-11-03,1,323.96,10,cash,In-Store,COMPLETED,0,Bulk order - verify stock
500349,551,89,28,23,2024-09-22,2024-09-27,7,1841.63,5,CARD,Online,Completed,145.57,Urgent delivery requested
504150,231,115,25,20,2025-04-27,2025-04-29,7,327.68,5,NEFT,In-Store,Completed,0,Bulk order - verify stock
509755,924,2,3,23,2025-02-13,2025-02-17,10,2978.52,15,Cash,In-Store,Compeleted,0,Corporate order
506529,326,33,39,18,2026-01-20,2026-01-29,5,370.9,25,Net Banking,Online,Completed,58.49,Bulk order - verify stock
507322,373,29,33,16,2025-03-10,2025-03-19,8,3102.05,5,card,Online,COMPLETED,45.65,Loyalty discount applied manually
502582,670,52,40,24,2025-06-11,2025-06-18,1,381.91,15,CASH,In-Store,cancelled,0,Corporate order
507379,928,92,29,21,2024-07-28,2024-07-31,4,1772.51,20,Cash,Online,Completed,103.2,Urgent delivery requested
506915,149,68,8,19,2025-08-13,2025-08-18,9,377.52,25,CASH,Online,COMPLETED,67.62,Corporate order
507423,638,95,15,23,2024-07-11,2024-07-15,4,661.49,20,cash,Online,Compeleted,127.49,Bulk order - verify stock
508286,604,126,18,20,2026-06-05,2026-06-14,7,584.98,10,net banking,Online,Completed,66.53,
500431,942,71,11,10,2024-11-30,2024-12-08,1,599.74,10,Card,In-Store,completed,0,
506978,90,68,20,4,2025-08-11,2025-08-13,9,354.63,30,U.P.I,In-Store,COMPLETED,0,
508265,549,101,32,19,2025-06-25,2025-06-30,4,2299.38,20,Net Banking,In-Store,Canceled,0,Gift wrap requested
503785,19,44,11,15,2024-09-19,2024-09-28,3,413.62,0,upi,Online,Completed,81.81,
500819,629,123,30,7,2026-02-15,2026-02-21,6,413.58,30,card,In-Store,Retuned,0,
506120,782,69,40,10,2026-06-11,2026-06-13,9,1068.4,15,Cash,Online,returned,45.69,
509331,348,100,32,2,2024-10-18,2024-10-19,5,494.03,5,NEFT,Online,Completed,89.27,
500489,196,50,25,1,2024-08-23,2024-08-25,3,293.2,5,Cash,In-Store,Completed,0,Corporate order
505418,618,7,38,17,2026-04-28,2026-05-06,7,736.31,0,U.P.I,Online,completed,99.58,
500669,931,20,30,1,2024-10-09,2024-10-13,8,3165.82,25,NetBanking,Online,Completed,80.56,
508233,734,68,37,1,2024-12-19,2024-12-24,9,365.76,25,cash,Online,COMPLETED,41.48,Corporate order
504566,885,64,19,5,2026-02-09,2026-02-14,8,1344.22,20,cash,In-Store,Completed,0,
505749,493,46,31,7,2025-09-02,2025-09-07,4,308.39,0,CASH,In-Store,completed,0,
504854,523,39,1,24,2025-08-29,2025-09-07,3,482.54,30,net banking,Online,completed,120.44,
501599,654,81,3,23,2025-07-25,2025-07-31,2,1876.45,0,NEFT,In-Store,completed,0,
504490,222,41,3,9,2026-02-10,2026-02-12,3,231.2,0,cash,In-Store,COMPLETED,0,Bulk order - verify stock
503882,815,77,24,22,2024-07-19,2024-07-25,10,1521.19,30,card,Online,pending,56.62,
507108,391,89,28,19,2024-06-16,2024-06-25,4,1826.11,20,Upi,Online,completed,106.83,
506354,22,105,10,11,2025-12-03,2025-12-08,4,478.12,15,UPI,Online,Completed,43.28,Bulk order - verify stock
503427,538,52,14,4,2024-12-27,2025-01-03,1,396.96,10,NetBanking,In-Store,Retuned,0,Customer requested callback
500006,675,11,29,13,2026-03-31,2026-04-09,7,4394.27,5,CASH,In-Store,completed,0,
507017,420,70,20,10,2024-01-04,,5,1845.91,15,Upi,Online,pending,135.05,
503413,1000,78,22,5,2024-07-24,2024-08-01,4,517.74,0,Upi,In-Store,Compeleted,0,
509122,133,58,34,13,2024-07-23,2024-07-29,9,1936.07,20,net banking,In-Store,completed,0,Gift wrap requested
509030,883,121,20,14,2025-12-27,2025-12-28,8,540.92,25,Card,Online,completed,108.32,
505776,746,98,26,1,2024-02-03,2024-02-05,2,1944.52,15,U.P.I,In-Store,Canceled,0,Customer requested callback
502595,,10,25,9,2026-05-26,2026-06-02,5,717.34,20,UPI,Online,Compeleted,39.51,
501215,345,23,35,16,2025-08-12,2025-08-16,5,2099,5,U.P.I,In-Store,COMPLETED,0,
505012,915,93,17,20,2025-04-21,2025-04-25,8,396.55,10,Upi,Online,COMPLETED,102,
508225,163,83,6,3,2025-08-06,2025-08-12,4,2291.11,25,Upi,Online,COMPLETED,91.74,
504996,910,60,12,11,2024-11-16,2024-11-25,5,1589.47,25,CASH,In-Store,Completed,0,Bulk order - verify stock
502908,931,42,6,14,2024-07-22,2024-07-27,4,86.89,10,Credit Card,In-Store,Canceled,0,
507528,972,46,5,19,2024-09-01,2024-09-04,6,331.55,25,U.P.I,Online,returned,117.41,
500962,318,55,19,10,2025-04-22,2025-04-26,5,1756.76,15,Debit Card,In-Store,completed,0,Customer requested callback
509085,760,28,21,24,2025-08-19,2025-08-23,2,4096.28,45,CASH,In-Store,COMPLETED,0,Customer requested callback
508978,400,41,28,5,2025-02-20,2025-02-28,5,241.33,5,Card,Online,pending,110.18,Corporate order
504093,879,59,37,6,2024-09-06,2024-09-10,9,1080.97,20,NetBanking,Online,Returned,103.53,
506154,618,93,39,8,2026-02-16,2026-02-22,7,391.93,0,NetBanking,Online,COMPLETED,98.85,Gift wrap requested
504253,956,111,33,22,2024-09-07,2024-09-13,5,645.87,35,upi,In-Store,COMPLETED,0,Urgent delivery requested
504400,999046,123,25,6,2025-01-17,2025-01-24,5,394.32,10,Card,In-Store,Retuned,0,
509584,142,35,27,21,2025-09-15,2025-09-21,5,180.02,25,Credit Card,In-Store,COMPLETED,0,Urgent delivery requested
505956,531,61,26,5,2025-05-27,2025-05-30,4,1085.47,0,U.P.I,Online,completed,47.82,Customer requested callback
507639,257,110,34,7,2025-01-23,2025-01-24,8,250.93,30,Credit Card,In-Store,Compeleted,0,
505740,68,14,32,18,2024-11-10,2024-11-17,1,4926.9,30,card,Online,COMPLETED,81.82,
503922,423,63,29,2,2024-06-15,2024-06-23,3,1209.66,20,cash,In-Store,COMPLETED,0,
507388,437,45,9,22,2025-11-22,2025-11-28,1,161.39,25,upi,In-Store,Compeleted,0,
505166,25,16,15,23,2025-06-20,2025-06-27,10,2144.96,30,Cash,In-Store,COMPLETED,0,
509800,129,81,19,1,2026-06-06,2026-06-11,10,1721.33,10,cash,Online,COMPLETED,122.82,
500716,179,96,39,11,2025-08-20,2025-08-27,5,1865.22,35,Cash,Online,CANCELLED ,84.16,Customer requested callback
500126,636,18,37,5,2024-01-17,2024-01-18,8,930.44,5,Cash,Online,Cancelled,77.37,Urgent delivery requested
503925,895,58,19,17,2025-11-16,2025-11-24,9,1957.76,0,U.P.I,Online,Completed,30.5,
501253,361,22,23,10,2026-06-19,2026-06-20,3,1339.25,15,U.P.I,In-Store,COMPLETED,0,Bulk order - verify stock
504441,242,68,11,23,2025-01-22,2025-01-31,9,387.1,15,NetBanking,Online,completed,93.56,Urgent delivery requested
500853,551,117,2,16,2026-03-10,2026-03-12,5,296.45,20,upi,Online,Completed,44.85,Bulk order - verify stock
503984,986,86,15,10,2024-08-07,2024-08-09,9,467.22,30,Credit Card,Online,completed,52.22,
506219,16,107,3,8,2025-01-16,2025-01-21,2,387.1,5,Card,Online,Completed,86.99,Gift wrap requested
502400,463,25,19,11,2025-09-21,2025-09-24,10,1392.83,20,NEFT,In-Store,PENDING,0,
505615,180,84,30,9,2024-08-26,2024-08-30,7,714.55,10,NEFT,Online,Compeleted,82.91,Urgent delivery requested
503398,249,89,32,8,2024-03-02,2024-03-11,7,1781,25,Cash,In-Store,COMPLETED,-50.65,
508545,282,85,28,6,2025-10-17,2025-10-22,9,919.86,0,U.P.I,In-Store,Retuned,0,Gift wrap requested
505297,202,105,28,21,2024-08-28,2024-09-01,4,490.51,15,Upi,In-Store,Compeleted,0,
506339,32,105,20,4,2026-06-09,2026-06-10,10,479.33,20,Cash,Online,Returned,106.31,Loyalty discount applied manually
507598,177,114,9,20,2025-06-22,2025-06-26,3,187.37,5,cash,Online,COMPLETED,128.49,
501570,360,1,7,14,2025-03-06,2025-03-14,10,2762.05,25,Credit Card,Online,Completed,37.85,
508251,,13,9,21,2024-12-01,,1,4244.39,15,U.P.I,In-Store,Canceled,0,Urgent delivery requested
509569,370,82,35,20,2026-04-01,2026-04-06,5,521.91,20,NEFT,Online,Compeleted,78.83,
509250,912,58,33,18,2024-12-01,2024-12-02,1,1869.06,0,Credit Card,In-Store,COMPLETED,0,
500123,731,102,5,10,2024-09-25,2024-09-29,3,990.75,30,net banking,In-Store,Completed,0,
507328,516,56,17,6,2024-09-17,2024-09-25,1,888.32,5,CARD,Online,COMPLETED,59.71,
500664,915,23,15,22,2026-06-25,2026-07-02,4,2014.25,10,NetBanking,In-Store,completed,0,
506037,861,108,35,18,2024-03-07,2024-03-11,2,164.61,0,card,Online,Completed,41.9,Urgent delivery requested
508587,784,28,39,7,2024-12-31,2025-01-04,10,3925.35,40,NetBanking,Online,COMPLETED,114.47,
506508,244,95,9,16,2026-01-15,2026-01-19,4,652.31,20,net banking,In-Store,completed,0,
501272,646,110,1,1,2025-09-06,2025-09-14,7,241.37,30,CASH,Online,Compeleted,136.62,
509829,273,42,32,21,2025-10-25,2025-10-30,7,84.44,15,Upi,In-Store,returned,0,Loyalty discount applied manually
509692,709,14,13,14,2025-08-28,2025-09-05,2,5215.94,15,net banking,In-Store,completed,0,
509383,854,36,33,22,2024-03-30,2024-04-04,5,407.02,10,CASH,In-Store,Retuned,0,
505492,375,115,20,15,2026-06-14,2026-06-21,3,333.96,10,NetBanking,In-Store,COMPLETED,0,Loyalty discount applied manually
508136,602,114,29,11,2024-08-17,2024-08-21,8,202.59,20,NEFT,In-Store,cancelled,0,
509415,660,113,22,23,2024-07-03,2024-07-07,4,239.31,30,Credit Card,Online,pending,91.09,
504467,834,9,8,7,2025-04-30,2025-05-06,10,1151.41,20,Upi,In-Store,Pending,0,Urgent delivery requested
501671,288,105,34,6,2025-10-26,2025-11-04,10,489.11,10,Cash,Online,Completed,57.23,
509825,16,57,39,6,2025-07-06,2025-07-14,10,1377.86,0,Net Banking,In-Store,Compeleted,0,
502337,269,123,9,6,2026-02-24,2026-03-03,8,413.41,5,Cash,In-Store,Completed,0,
503146,347,102,37,5,2025-10-18,2025-10-24,10,1025.15,10,Upi,Online,Pending,136.11,Urgent delivery requested
503921,248,44,7,12,2025-07-29,2025-08-06,6,445.04,30,Card,In-Store,Compeleted,0,
506433,344,123,10,15,2025-10-13,2025-10-22,8,396.04,10,UPI,Online,Completed,112.23,Corporate order
500881,438,38,10,24,2025-08-06,2025-08-14,7,301.49,15,Credit Card,Online,Canceled,58.33,Customer requested callback
502192,103,63,18,8,2026-06-21,2026-06-30,6,1231.26,10,net banking,In-Store,Compeleted,0,
507432,436,13,14,2,2025-05-24,2025-05-26,9,4364.68,30,CASH,In-Store,COMPLETED,0,Gift wrap requested
504884,238,22,6,17,2024-09-04,2024-09-12,9,1361.9,35,cash,Online,Compeleted,128.46,Customer requested callback
503802,342,91,38,19,2026-04-06,2026-04-14,5,474.21,30,net banking,Online,COMPLETED,46.97,Bulk order - verify stock
500009,442,86,11,2,2024-10-05,2024-10-01,2,453.63,5,NetBanking,Online,CANCELLED ,97.15,
503972,496,120,23,1,2025-08-02,2025-08-09,8,155.71,5,card,In-Store,COMPLETED,0,
505637,291,23,39,20,2024-03-16,2024-03-21,8,2071.63,0,cash,Online,Returned,69.39,
509746,296,69,9,8,2025-06-23,2025-06-30,1,1090.29,20,cash,In-Store,Pending,-22.14,
501616,348,18,19,15,2025-07-17,2025-07-23,5,929.84,15,Credit Card,Online,CANCELLED ,147.52,Customer requested callback
501371,808,73,22,5,2026-04-08,2026-04-11,8,1107.94,15,upi,Online,Completed,43.51,
506547,107,116,17,23,2025-12-27,2026-01-04,10,200.48,20,Debit Card,Online,Canceled,138.36,Loyalty discount applied manually
507088,691,59,12,12,2024-05-13,2024-05-21,1,1081.99,50,NetBanking,Online,Compeleted,51.95,Urgent delivery requested
507396,56,8,14,19,2024-05-11,2024-05-14,9,2769.55,25,CARD,In-Store,cancelled,0,
500966,152,88,1,17,2024-08-12,2024-08-19,1,714.24,20,cash,In-Store,COMPLETED,0,
506157,760,121,4,16,2024-06-26,2024-07-04,3,505.24,5,Credit Card,In-Store,returned,0,Bulk order - verify stock
500811,799,72,23,21,2026-03-25,,7,1313.04,25,UPI,Online,completed,142.63,
509583,762,104,28,16,2024-04-19,2024-04-25,7,374.54,35,Cash,In-Store,PENDING,0,
502922,503,5,15,5,2024-03-10,2024-03-17,8,3653.88,30,net banking,In-Store,COMPLETED,0,Loyalty discount applied manually
503895,700,88819,39,18,2024-02-28,2024-02-29,10,1525.77,20,U.P.I,In-Store,Compeleted,0,
500491,584,11,8,12,2025-04-14,2025-04-23,10,4650.37,15,upi,Online,CANCELLED ,72.46,
508601,66,108,18,11,2026-03-17,2026-03-22,3,170.08,5,Cash,In-Store,Completed,0,
506209,819,71,17,15,2024-11-10,2024-11-18,5,627.44,20,Credit Card,Online,Completed,117.5,Gift wrap requested
502426,730,19,35,18,2024-05-28,2024-06-06,2,2733.67,20,Card,Online,Completed,123.48,
506873,766,19,1,16,2026-03-18,2026-03-19,9,2726.12,10,cash,Online,Compeleted,145.39,
508612,998,21,24,5,2025-07-13,2025-07-17,7,653.18,25,UPI,In-Store,Compeleted,0,
500946,985,51,28,8,2024-05-23,2024-05-29,10,394.96,30,card,Online,CANCELLED ,39.32,Urgent delivery requested
504032,264,67,5,22,2024-08-03,2024-08-11,2,1074.61,20,CARD,In-Store,Pending,0,
503155,985,4,38,4,2024-02-04,2024-02-11,3,4139.38,0,cash,Online,Compeleted,122.3,
503837,169,93,11,11,2024-02-27,2024-03-01,9,402.03,5,CARD,In-Store,returned,0,
502103,1,31,5,15,2026-05-11,2026-05-20,10,160.73,30,NetBanking,Online,CANCELLED ,115.52,Gift wrap requested
502740,895,104,32,17,2025-05-28,2025-06-01,10,390.95,10,NetBanking,In-Store,Compeleted,0,Bulk order - verify stock
502624,47,9,29,5,2024-07-02,2024-07-09,4,1149.95,20,cash,In-Store,completed,0,
509435,893,25,40,18,2026-04-28,2026-05-03,3,1408.64,45,cash,Online,COMPLETED,73.71,Customer requested callback
502333,815,11,40,8,2025-08-12,2025-08-13,2,4706.74,30,Card,Online,Completed,32.6,Bulk order - verify stock
502138,721,31,13,2,2024-08-26,2024-08-30,1,153.68,25,Net Banking,Online,Completed,121.63,Loyalty discount applied manually
507945,323,20,25,1,2025-05-03,2025-05-07,7,,10,net banking,Online,Compeleted,51.73,
505839,736,62,38,18,2024-06-21,2024-06-28,2,849.18,15,NEFT,In-Store,Compeleted,0,
505811,240,115,1,20,2025-10-19,2025-10-23,3,322.85,5,CARD,In-Store,cancelled,0,
503843,536,12,38,18,2026-02-12,2026-02-17,4,477.08,20,Debit Card,Online,Compeleted,133.62,Gift wrap requested
505854,378,78,34,1,2024-02-23,2024-03-03,1,511.89,15,cash,Online,Completed,100.1,
501746,230,24,15,5,2024-09-28,2024-09-29,10,4623.63,25,U.P.I,In-Store,Returned,0,
507557,905,59,36,21,2024-07-28,2024-08-05,9,1078.24,25,Debit Card,In-Store,returned,0,
507612,176,32,10,4,2024-12-08,2024-12-14,2,101.11,10,Cash,Online,Compeleted,63.84,Bulk order - verify stock
501188,812,76,38,14,2025-12-17,2025-12-26,3,1695.74,25,U.P.I,Online,CANCELLED ,35.02,
503216,602,98,8,21,2026-01-07,2026-01-14,4,1964.25,5,card,In-Store,Retuned,0,
501318,689,61,18,8,2025-11-23,2025-12-01,5,1063.01,30,CASH,Online,COMPLETED,51.58,Corporate order
509643,303,33,5,24,2025-11-25,2025-11-27,3,378.84,0,UPI,Online,Completed,93.6,Bulk order - verify stock
504564,710,36,39,18,2025-11-01,2025-11-05,5,405.8,40,Debit Card,Online,COMPLETED,42.49,
500255,100,16,16,16,2025-02-23,2025-02-27,5,2188.82,30,Credit Card,Online,cancelled,93.83,Loyalty discount applied manually
503207,977,24,4,7,2026-06-03,2026-06-08,10,4881.34,0,CASH,In-Store,pending,0,Customer requested callback
506633,958,34,7,17,2024-11-21,2024-11-25,8,145.72,10,CARD,Online,Completed,38.93,Urgent delivery requested
501962,575,28,20,6,2024-12-23,2024-12-28,2,3979.09,30,Upi,Online,Completed,113.09,
503697,733,18,21,11,2024-03-09,2024-03-12,5,876.07,20,UPI,Online,COMPLETED,55.17,
500139,746,2,17,7,2024-10-07,2024-10-16,7,2971.76,10,NetBanking,In-Store,completed,0,
501582,601,61,28,24,2024-09-05,2024-09-14,10,1091.31,30,cash,In-Store,Completed,0,Loyalty discount applied manually
503781,168,47,23,10,2026-01-01,2026-01-06,8,123.12,15,Card,Online,completed,107.38,
509416,612,37,14,22,2024-05-15,2024-05-19,10,197.92,15,Net Banking,In-Store,completed,0,Corporate order
506380,721,84,1,9,2025-04-26,,5,773.24,20,NetBanking,Online,Completed,96.55,
504792,848,22,21,8,2024-02-06,2024-02-15,8,1289.77,5,Net Banking,Online,Returned,92.6,Gift wrap requested
503147,543,116,18,17,2025-05-05,2025-05-08,7,205.84,30,NetBanking,Online,completed,113.91,Gift wrap requested
507004,589,17,13,24,2025-07-12,2025-07-13,4,4254.83,30,Net Banking,In-Store,completed,0,Gift wrap requested
508937,345,38,30,5,2025-01-09,2025-01-14,5,302.06,25,NetBanking,Online,COMPLETED,131.89,Customer requested callback
506406,286,125,34,1,2025-11-02,2025-11-10,2,408.19,20,Debit Card,In-Store,PENDING,0,Bulk order - verify stock
501478,34,52,11,7,2025-03-07,2025-03-16,7,367.36,5,NetBanking,Online,COMPLETED,62.67,Urgent delivery requested
506338,276,102,11,10,2026-02-28,2026-03-06,6,1041.76,25,NEFT,Online,completed,78.72,
505707,830,111,29,19,2026-04-01,2026-04-08,6,666.57,5,CASH,In-Store,Completed,0,
508295,536,115,19,12,2025-06-01,2025-06-05,5,324.27,15,CASH,In-Store,completed,0,
509533,603,88,6,2,2024-07-31,2024-08-04,4,752.51,30,net banking,Online,Compeleted,74.99,Gift wrap requested
505979,668,95,14,17,2026-04-29,2026-04-30,10,682.41,25,UPI,Online,completed,147.41,
508959,861,105,38,12,2026-06-16,2026-06-24,4,478.21,5,CASH,Online,completed,137.88,Bulk order - verify stock
504426,390,80,26,17,2026-02-17,2026-02-26,6,1424.94,5,Credit Card,In-Store,Cancelled,0,
509104,383,31,23,13,2024-09-07,2024-09-10,5,163.64,30,U.P.I,Online,completed,44.99,Gift wrap requested
508853,397,54,15,19,2026-04-08,2026-04-12,8,315.78,0,cash,Online,completed,46.84,
501093,376,23,22,23,2024-11-05,2024-11-09,3,1926.38,20,Upi,In-Store,Compeleted,0,
509801,231,61,34,23,2024-03-06,2024-03-08,9,1049.03,10,card,In-Store,COMPLETED,0,
502925,547,81,40,16,2025-07-24,2025-07-28,5,1807.43,5,Debit Card,In-Store,returned,0,
505153,150,26,6,2,2025-04-07,2025-04-12,10,3276.82,20,Cash,In-Store,completed,0,Bulk order - verify stock
509530,931,105,11,17,2024-02-24,2024-03-01,3,498.57,30,Cash,Online,COMPLETED,71.15,Bulk order - verify stock
505990,704,67,8,7,2024-07-31,2024-08-07,9,1092.17,0,NetBanking,In-Store,Compeleted,0,
502102,859,108,17,10,2024-01-05,2024-01-10,2,179.52,30,net banking,In-Store,Completed,0,Corporate order
508255,275,14,10,22,2026-01-20,2026-01-24,2,5173.63,5,CASH,In-Store,completed,0,Loyalty discount applied manually
502699,708,117,37,17,2024-11-05,2024-11-08,7,294.05,20,Upi,Online,returned,148.66,
505385,34,27,9,5,2025-02-05,2025-02-08,2,3574.35,10,CASH,Online,pending,32.92,Bulk order - verify stock
504819,300,72,12,3,2026-05-05,2026-05-06,10,1343.08,0,net banking,Online,returned,109.55,Urgent delivery requested
503856,742,77,12,7,2026-02-26,2026-03-06,1,1442.13,25,CARD,Online,completed,51.38,
500789,452,45,4,1,2026-04-17,2026-04-24,6,154.44,15,Net Banking,Online,cancelled,147.78,
509300,279,6,16,10,2026-06-01,2026-05-27,2,1650.57,15,Credit Card,In-Store,completed,0,Gift wrap requested
507398,781,116,7,18,2025-11-15,2025-11-21,1,202.83,15,cash,Online,pending,84.21,Bulk order - verify stock
503180,687,101,4,16,2025-09-15,2025-09-17,8,2282.08,30,U.P.I,Online,Completed,112.59,Urgent delivery requested
505810,605,76,14,14,2025-11-07,2025-11-16,2,1816.13,0,Debit Card,Online,COMPLETED,140.15,
503760,232,109,11,10,2025-03-25,2025-03-31,5,511.93,20,UPI,In-Store,Returned,0,Gift wrap requested
504323,778,19,19,16,2025-05-23,2025-05-26,10,2763.86,20,Net Banking,In-Store,COMPLETED,0,Bulk order - verify stock
504786,685,73,10,14,2024-11-21,2024-11-29,1,1058.16,30,Debit Card,Online,Compeleted,-23.55,Customer requested callback
504089,730,19,8,13,2024-03-28,2024-04-01,5,2602.17,25,Card,In-Store,Compeleted,0,Customer requested callback
508967,708,89,38,17,2026-06-09,2026-06-15,8,1808.84,20,UPI,Online,Canceled,120.04,
508373,63,22,33,23,2025-07-04,2025-07-01,9,1314.17,10,Upi,Online,returned,134.52,
502042,396,118,19,13,2025-05-29,2025-06-04,9,473.94,0,NetBanking,In-Store,COMPLETED,0,
505447,32,28,26,22,2024-07-24,2024-07-31,6,3772.29,5,CARD,In-Store,Retuned,0,
502961,558,56,6,21,2025-12-21,2025-12-30,2,947.69,10,UPI,In-Store,pending,0,
506531,981,46,28,24,2025-12-19,2025-12-22,9,325.38,0,U.P.I,In-Store,Compeleted,0,Bulk order - verify stock
508542,348,115,25,16,2025-05-22,2025-05-24,3,329.45,15,CASH,In-Store,CANCELLED ,0,
505338,230,89,34,11,2025-06-20,2025-06-29,9,1885.81,30,Net Banking,In-Store,Returned,0,
504033,365,80,36,3,2024-01-01,2024-01-08,8,1295.93,5,Card,Online,Completed,134.97,
503966,682,98,15,6,2026-03-19,2026-03-20,6,1982.16,15,CASH,Online,COMPLETED,137.51,
501626,187,2,40,14,2025-10-07,2025-10-13,8,2934.19,5,Cash,Online,CANCELLED ,121.26,Customer requested callback
500566,34,24,17,10,2025-07-06,2025-07-07,9,4857.9,10,cash,Online,pending,148.89,Gift wrap requested
507402,409,91,14,13,2025-03-17,2025-03-24,3,491.87,5,Cash,Online,completed,111.09,
504505,275,118,37,12,2025-08-14,2025-08-15,7,451.05,10,CASH,Online,Returned,133.32,Gift wrap requested
502253,538,70,31,22,2024-11-08,2024-11-17,3,,40,NEFT,Online,Completed,47.01,
503661,94,39,39,9,2024-07-28,2024-08-01,2,475.22,25,NEFT,In-Store,COMPLETED,0,
501668,562,93,27,3,2025-12-24,2025-12-26,2,,25,Upi,In-Store,Retuned,0,Loyalty discount applied manually
506010,964,95,33,11,2024-02-14,2024-02-23,10,652.05,15,U.P.I,In-Store,Compeleted,0,
509243,949,35,27,18,2025-01-01,2025-01-06,7,191.19,30,NetBanking,Online,Completed,79.42,Loyalty discount applied manually
508256,570,28,38,19,2025-07-29,2025-07-30,9,3943.04,20,Cash,In-Store,cancelled,0,
501254,93,120,36,18,2025-03-17,2025-03-23,7,152.34,15,net banking,In-Store,cancelled,0,Customer requested callback
508554,90,104,2,12,2024-03-15,2024-03-23,8,394.74,0,net banking,In-Store,returned,0,Corporate order
500531,267,33,16,4,2025-12-20,2025-12-19,5,399.58,20,Card,Online,PENDING,140.7,
507321,750,21,21,9,2024-08-22,2024-08-31,5,637.09,5,UPI,In-Store,completed,0,
505890,564,100,14,21,2024-07-08,2024-07-13,1,501.7,10,NetBanking,Online,Compeleted,88.61,Loyalty discount applied manually
504080,779,119,6,16,2025-05-12,2025-05-15,3,209.35,25,cash,In-Store,Compeleted,0,
508869,660,16,11,20,2024-06-20,2024-06-24,5,2021,15,NetBanking,Online,Compeleted,94,
504282,17,11,1,7,2025-04-07,2025-04-13,4,4657.26,5,Cash,Online,returned,71.93,
502020,824,25,1,15,2024-12-20,2024-12-25,2,1493.31,30,card,In-Store,CANCELLED ,0,
502941,780,87,36,15,2026-04-15,2026-04-21,7,1271.16,10,NEFT,In-Store,Completed,0,
505082,561,102,8,8,2025-10-20,2025-10-27,2,982,30,Cash,Online,COMPLETED,44.84,Bulk order - verify stock
509139,358,110,35,5,2024-05-26,2024-05-30,10,249.53,45,UPI,In-Store,Completed,0,Customer requested callback
505442,586,36,22,3,2026-02-10,2026-02-15,8,435.42,10,NetBanking,Online,Completed,92.94,Urgent delivery requested
506123,676,19,27,15,2025-04-19,2025-04-23,7,2727.85,25,UPI,In-Store,completed,0,Gift wrap requested
504244,300,5,22,7,2025-05-22,,10,3420.35,30,Credit Card,Online,Retuned,64.44,
507456,142,73,8,2,2025-01-10,2025-01-19,6,1074.33,25,Cash,In-Store,COMPLETED,0,
505669,212,31,39,7,2024-04-04,2024-04-07,9,165.54,10,card,In-Store,Compeleted,0,Bulk order - verify stock
502127,90,35,5,10,2026-01-31,2026-02-01,10,175.82,15,Credit Card,Online,COMPLETED,147.92,Loyalty discount applied manually
500483,361,22,10,22,2025-10-09,2025-10-15,10,1266.62,15,NetBanking,Online,Returned,68.41,Customer requested callback
508645,722,124,16,22,2026-05-05,2026-05-14,6,273.26,0,Cash,In-Store,Retuned,-32.78,
500516,377,81,22,3,2024-05-11,2024-05-15,10,1743.74,25,cash,In-Store,completed,0,Urgent delivery requested
501420,791,51,23,1,2024-08-30,2024-09-04,9,370.68,25,Upi,In-Store,Completed,0,Bulk order - verify stock
500889,171,121,26,13,2025-12-30,2026-01-02,8,513.52,5,upi,In-Store,Retuned,0,
507864,162,3,23,1,2024-10-25,2024-10-27,2,4729.86,5,UPI,In-Store,Completed,0,
507994,563,32,4,10,2024-04-05,2024-04-07,9,107.92,15,Net Banking,In-Store,Pending,0,Urgent delivery requested
500933,452,88,20,14,2024-11-30,2024-12-01,2,752.89,25,Cash,Online,PENDING,145.77,
506613,609,117,3,5,2025-02-09,2025-02-13,6,281.17,30,CASH,Online,Compeleted,88.05,
503334,267,119,22,24,2025-03-31,2025-04-06,3,212.21,25,NEFT,In-Store,COMPLETED,0,Corporate order
500805,199,81,27,12,2024-02-10,2024-02-14,3,1721.93,5,Upi,Online,Completed,103.28,Gift wrap requested
509674,867,74,4,16,2025-05-20,2025-05-29,4,1304.14,25,Card,Online,COMPLETED,105.99,Corporate order
509574,322,67,28,4,2024-05-25,2024-06-02,6,1062,25,card,In-Store,Returned,0,
503378,743,68,10,15,2024-08-10,2024-08-13,10,363.8,15,UPI,In-Store,COMPLETED,0,
504018,940,20,4,20,2026-03-03,2026-03-04,3,3120.87,15,net banking,In-Store,completed,0,Bulk order - verify stock
503911,652,21,7,21,2025-10-01,2025-10-06,4,674.1,25,U.P.I,In-Store,Returned,0,Urgent delivery requested
500499,175,102,40,18,2024-05-06,2024-05-11,3,1048.27,20,Cash,Online,COMPLETED,61.04,
501830,883,101,18,17,2025-03-27,2025-03-28,10,2131.16,5,NEFT,In-Store,completed,0,
505420,418,78,9,10,2024-02-27,2024-03-07,2,505.24,0,Card,In-Store,Compeleted,0,Loyalty discount applied manually
509212,661,26,21,9,2024-09-23,2024-10-01,5,3187.36,30,U.P.I,In-Store,returned,0,
504326,244,55,22,10,2025-01-22,2025-01-24,7,1690.72,30,CARD,Online,pending,119.36,
509248,729,30,30,2,2024-02-07,2024-02-14,7,2734.55,5,NetBanking,Online,Compeleted,120.41,
509303,172,40,16,11,2025-05-12,2025-05-14,5,195.55,20,upi,In-Store,completed,0,
504725,394,3,39,11,2026-06-27,2026-06-29,9,4689.74,30,card,In-Store,completed,0,
500608,635,92,40,19,2025-06-14,2025-06-18,8,1884.8,10,card,In-Store,Completed,0,Loyalty discount applied manually
505315,283,88,4,3,2026-02-11,2026-02-13,1,751.24,30,upi,Online,Pending,91.64,
500792,592,72,38,12,2024-07-11,2024-07-14,10,1276.11,30,Debit Card,Online,COMPLETED,76.68,Bulk order - verify stock
509506,916,73,22,14,2024-07-13,2024-07-17,6,1116.74,0,NEFT,In-Store,completed,0,Loyalty discount applied manually
501787,347,99,39,11,2026-01-15,2026-01-18,6,943.86,0,Credit Card,In-Store,Completed,0,Loyalty discount applied manually
504121,408,71,1,18,2024-09-05,2024-09-09,10,608.82,10,Cash,Online,Completed,129.42,Urgent delivery requested
507673,92,13,7,20,2024-12-06,2024-12-12,4,4211.61,15,NEFT,Online,Completed,38.98,Corporate order
509002,529,5,3,1,2024-07-01,2024-06-26,7,3393.23,0,Net Banking,Online,cancelled,52.78,
507429,281,43,13,11,2025-09-27,2025-10-01,6,316.6,30,Net Banking,In-Store,returned,0,
506558,843,28,10,7,2025-06-22,2025-06-24,6,3768.99,20,net banking,Online,Completed,78.28,
507975,13,116,15,16,2024-04-28,2024-05-07,7,198.17,15,Card,In-Store,Compeleted,0,
501727,295,123,32,16,2025-05-08,2025-05-11,8,413.53,20,card,Online,COMPLETED,147.81,Urgent delivery requested
506071,784,117,33,4,2026-05-23,2026-05-31,4,275.02,5,upi,In-Store,cancelled,0,Loyalty discount applied manually
500739,16,27,33,6,2025-04-29,2025-05-06,7,3819.03,15,upi,Online,COMPLETED,110.81,
504926,999042,113,1,9,2025-04-10,2025-04-18,2,246.65,30,cash,In-Store,Completed,0,Customer requested callback
504860,707,60,1,9,2026-05-05,2026-05-09,2,,30,Cash,Online,returned,85.05,
509221,817,105,11,18,2025-11-26,2025-12-02,2,465.17,10,Debit Card,Online,Completed,138.34,Corporate order
509718,897,82,26,4,2025-05-03,2025-05-09,2,548.69,25,CARD,Online,Pending,109.82,Loyalty discount applied manually
509646,980,83,16,15,2025-11-10,2025-11-15,7,2477.68,20,NetBanking,Online,Compeleted,128.38,Loyalty discount applied manually
502402,799,74,32,6,2026-02-04,2026-02-05,1,1356.79,30,NetBanking,In-Store,completed,0,
506190,519,35,20,15,2024-09-01,2024-09-02,9,176.38,5,NEFT,In-Store,Retuned,0,
503525,144,32,23,11,2024-04-21,2024-04-25,2,106.76,20,U.P.I,In-Store,completed,0,Bulk order - verify stock
501966,88,59,12,24,2025-10-10,2025-10-12,8,1017.8,25,NEFT,Online,Retuned,55.21,
508430,220,67,25,22,2024-09-14,2024-09-15,6,1067.6,0,CASH,Online,COMPLETED,108.06,Corporate order
500599,273,66,16,13,2026-04-08,2026-04-09,10,1833.33,30,Net Banking,In-Store,COMPLETED,0,Customer requested callback
506713,886,14,19,11,2024-01-11,2024-01-12,3,5105.22,25,cash,In-Store,Retuned,0,
503713,920,11,27,10,2024-08-31,2024-09-02,8,4702.26,10,CASH,In-Store,cancelled,0,Customer requested callback
500806,430,21,27,12,2024-09-27,2024-09-28,9,645.02,10,Net Banking,In-Store,COMPLETED,0,Bulk order - verify stock
503789,711,21,22,2,2026-03-27,2026-04-05,6,622.63,0,Upi,In-Store,Completed,0,Customer requested callback
509462,766,71,16,12,2026-05-30,2026-06-05,6,607.38,20,Upi,Online,PENDING,35.28,
503059,254,121,38,24,2026-03-23,2026-03-27,3,526.25,5,cash,In-Store,Completed,0,
507483,999005,4,32,12,2026-01-26,2026-01-27,2,4335.77,40,Upi,In-Store,completed,0,Gift wrap requested
503062,966,89,30,24,2025-05-05,2025-05-06,10,,15,Card,In-Store,Completed,0,Loyalty discount applied manually
501205,838,31,36,19,2025-07-20,2025-07-24,4,155.98,20,NetBanking,In-Store,Compeleted,0,
505933,98,55,3,10,2025-07-02,2025-07-09,4,1656.48,20,Cash,Online,Returned,85.78,Bulk order - verify stock
508346,293,117,20,4,2026-05-30,2026-06-05,10,295.96,45,NEFT,In-Store,Completed,0,
507895,925,109,35,24,2025-08-11,2025-08-13,6,523.92,10,UPI,In-Store,COMPLETED,0,Customer requested callback
507144,492,43,2,24,2024-11-11,2024-11-17,1,312.72,25,card,In-Store,completed,0,Bulk order - verify stock
508818,108,54,1,10,2025-11-13,2025-11-20,3,326.5,15,Card,Online,Compeleted,91.18,
504931,337,19,9,9,2024-09-13,2024-09-18,9,2740.09,20,cash,Online,Returned,143.06,Urgent delivery requested
508627,143,61,22,7,2025-01-14,2025-01-17,10,1086.63,30,Credit Card,Online,PENDING,120.28,
500473,222,6,40,24,2025-09-12,2025-09-15,1,,25,cash,Online,COMPLETED,133.6,Customer requested callback
502967,621,48,26,7,2024-06-14,2024-06-19,3,133.35,15,Net Banking,In-Store,completed,0,
507806,40,91,23,10,2025-05-10,2025-05-15,5,475.24,20,NetBanking,Online,COMPLETED,89.49,
501481,430,115,38,19,2025-01-07,,10,331.9,30,Debit Card,Online,completed,137.94,
502645,365,69,19,23,2026-04-13,2026-04-14,4,1036.99,30,card,In-Store,COMPLETED,0,
508132,10,67,32,18,2024-03-25,2024-04-02,4,1070.41,0,NetBanking,Online,Pending,133.63,Loyalty discount applied manually
505604,773,35,22,9,2025-10-25,,2,174.68,20,Credit Card,Online,COMPLETED,65.27,Urgent delivery requested
506134,79,49,5,18,2025-03-11,2025-03-13,5,183.59,20,Net Banking,Online,Completed,135.28,Loyalty discount applied manually
508193,965,78,22,6,2025-06-27,2025-07-03,10,519.64,0,Cash,In-Store,completed,0,
503332,769,15,8,13,2024-02-10,2024-02-19,6,1781.2,5,NetBanking,Online,COMPLETED,99.6,
500742,714,51,13,15,2025-10-24,2025-10-31,8,359.32,35,UPI,In-Store,COMPLETED,0,
503428,356,64,3,14,2026-04-24,2026-05-02,10,1319.39,10,Debit Card,Online,COMPLETED,133.36,Urgent delivery requested
507465,993,44,13,8,2024-02-15,2024-02-17,10,445.97,25,CASH,Online,Compeleted,83.39,Gift wrap requested
502149,280,67,23,12,2026-03-30,2026-04-02,8,1107.16,20,NEFT,In-Store,Completed,-76.71,
505481,802,48,37,13,2026-03-07,2026-03-16,6,136.84,15,upi,Online,COMPLETED,87.45,
500756,325,47,24,11,2024-01-18,2024-01-25,2,120.21,15,Credit Card,In-Store,completed,0,
502225,202,28,2,13,2025-06-07,2025-06-08,4,3821.18,20,Cash,In-Store,completed,0,Customer requested callback
501268,756,38,27,19,2025-03-19,2025-03-23,5,322.6,15,Card,Online,returned,52.62,
507791,976,35,16,10,2024-07-24,2024-08-01,5,175.5,30,Debit Card,Online,completed,37.27,
506323,183,4,10,14,2026-06-19,2026-06-22,4,4387.95,30,Net Banking,Online,Retuned,70.36,
503390,814,50,2,14,2024-08-28,2024-09-05,2,277.02,20,NetBanking,In-Store,completed,0,
503443,862,102,30,1,2024-05-21,2024-05-29,1,971.5,10,Debit Card,In-Store,Compeleted,0,
504060,155,46,13,15,2026-01-01,2026-01-04,2,325.06,15,card,Online,Compeleted,78.07,Bulk order - verify stock
503329,229,62,13,20,2024-04-01,2024-04-10,7,842.11,15,NetBanking,In-Store,Compeleted,0,
502186,402,29,3,10,2024-10-23,2024-10-27,1,2991.38,15,CASH,Online,cancelled,46.76,
501082,561,105,22,7,2025-02-02,2025-02-09,6,472.04,15,net banking,In-Store,Completed,0,
505402,7,89,10,20,2024-06-05,2024-06-08,6,1834.75,5,net banking,In-Store,Compeleted,0,
508730,644,22,13,7,2025-04-06,2025-04-08,7,1307.34,5,card,In-Store,pending,0,
509211,548,117,25,6,2025-02-01,2025-02-03,3,286.77,50,CASH,Online,completed,140.55,Urgent delivery requested
506015,731,51,33,7,2025-03-23,2025-03-25,1,390.66,30,card,In-Store,CANCELLED ,-42.75,
509665,568,45,28,21,2026-06-16,,5,164.24,15,Debit Card,Online,COMPLETED,41.83,Corporate order
507117,144,83,39,6,2025-07-10,2025-07-18,9,2305.82,0,NetBanking,Online,completed,79.79,
505792,568,81,36,10,2025-11-30,,6,1738.22,10,U.P.I,Online,completed,114.13,
501534,473,99,9,7,2025-02-04,2025-02-05,3,971.86,20,cash,Online,COMPLETED,100.41,
506272,418,99,38,2,2024-04-02,2024-04-06,10,983.86,10,Cash,Online,Retuned,138.1,
504482,590,86,1,15,2025-05-09,2025-05-14,7,458.56,25,CARD,Online,completed,41,Bulk order - verify stock
502560,104,92,32,1,2024-07-02,2024-07-11,5,1902.44,30,CARD,Online,COMPLETED,127.06,Gift wrap requested
508908,860,5,39,13,2024-01-26,2024-01-28,5,3543.1,25,net banking,In-Store,Retuned,0,Gift wrap requested
505991,891,93,37,8,2024-01-28,2024-02-03,1,400.27,0,Net Banking,Online,Compeleted,109.61,Customer requested callback
504428,101,21,21,18,2024-05-06,2024-05-02,8,655.15,10,Cash,In-Store,Returned,0,
501345,595,2,11,11,2025-07-02,2025-07-06,1,2828.44,20,U.P.I,In-Store,Compeleted,0,Corporate order
503124,184,20,24,21,2024-11-10,2024-11-18,4,3044.79,15,CASH,In-Store,Returned,0,
506212,14,121,29,7,2025-04-23,2025-04-28,5,504.13,5,Credit Card,Online,Pending,66.22,Urgent delivery requested
504448,224,62,13,6,2025-03-14,2025-03-21,7,906.76,20,U.P.I,Online,CANCELLED ,68.14,
505146,152,60,19,2,2024-06-02,2024-06-03,6,1558.25,15,upi,In-Store,CANCELLED ,0,
506229,573,73,23,15,2025-03-11,2025-03-17,5,1038.52,25,UPI,Online,Compeleted,55.65,
509562,685,41,28,9,2026-01-20,2026-01-29,3,229.11,5,cash,In-Store,COMPLETED,0,
501329,896,44,40,15,2025-05-10,2025-05-15,8,416.73,10,net banking,In-Store,returned,0,Corporate order
500138,114,88805,10,12,2026-05-21,2026-05-23,6,2848.43,5,CASH,In-Store,completed,0,Bulk order - verify stock
509311,657,47,4,19,2026-01-16,2026-01-25,8,117.48,30,cash,In-Store,completed,0,
507503,456,86,7,15,2025-08-17,2025-08-26,8,459.16,20,Cash,Online,completed,98.92,
502799,295,94,13,22,2025-04-07,2025-04-11,6,1382.67,5,Net Banking,In-Store,completed,0,
507005,702,26,29,14,2024-03-06,2024-03-13,7,3081.97,10,Card,Online,completed,115.17,Loyalty discount applied manually
500290,201,37,20,21,2025-06-01,2025-06-05,7,195.24,20,U.P.I,In-Store,completed,0,
505443,260,58,32,18,2024-01-30,2024-02-05,6,1946.84,5,Debit Card,In-Store,Cancelled,0,
504237,750,62,19,13,2024-10-03,2024-10-07,1,880.45,30,Debit Card,In-Store,COMPLETED,0,
509846,768,29,32,4,2024-01-24,,4,3107.02,15,Cash,In-Store,completed,0,Urgent delivery requested
505838,167,50,14,5,2024-10-05,2024-10-09,6,,5,upi,In-Store,completed,0,Loyalty discount applied manually
504011,968,102,23,7,2024-01-29,2024-01-31,3,986.66,10,card,In-Store,completed,0,Loyalty discount applied manually
509284,357,86,15,17,2024-03-13,2024-03-20,9,454.23,15,Upi,Online,Compeleted,49.87,
504700,413,88810,31,3,2024-06-11,2024-06-18,6,606.53,20,net banking,In-Store,Compeleted,0,Customer requested callback
502297,997,38,16,10,2025-03-16,2025-03-15,7,297.88,30,Debit Card,In-Store,Cancelled,0,
507119,654,83,35,15,2026-04-21,2026-04-25,3,2364.11,10,net banking,Online,completed,80.8,Gift wrap requested
509400,264,80,8,7,2024-12-09,2024-12-15,5,1391.97,15,NEFT,Online,pending,118.83,
505298,999013,47,13,14,2025-07-29,2025-08-04,7,119.58,50,NEFT,In-Store,Cancelled,0,
500379,418,56,23,1,2024-09-20,2024-09-26,5,931.79,25,net banking,Online,Completed,147.04,
509684,475,78,21,23,2026-02-04,,9,517.05,0,cash,Online,Completed,60.11,
504148,173,125,15,3,2024-06-28,2024-07-04,2,401.45,10,CASH,In-Store,PENDING,0,
506423,207,85,35,19,2024-03-30,2024-04-04,5,896.41,40,UPI,In-Store,Completed,0,Bulk order - verify stock
505026,983,20,16,3,2025-10-06,2025-10-09,8,2998.02,0,upi,In-Store,PENDING,0,Gift wrap requested
505824,88,84,11,11,2024-07-16,2024-07-18,4,762.84,5,net banking,Online,Returned,126.54,
503370,286,54,37,10,2026-05-09,2026-05-17,9,308.25,10,Credit Card,Online,completed,111.47,
508788,457,44,20,3,2025-02-07,2025-02-14,10,435.28,15,cash,Online,returned,33.52,Loyalty discount applied manually
508979,558,111,15,12,2025-12-31,2026-01-06,9,685.55,30,NetBanking,Online,COMPLETED,44.14,
509484,746,70,25,8,2025-06-15,2025-06-24,7,1965.96,15,Debit Card,In-Store,PENDING,0,
503382,121,2,34,20,2024-06-26,2024-07-05,7,2831.93,30,U.P.I,Online,Compeleted,145.97,
502777,557,56,32,19,2025-08-16,2025-08-19,2,883.48,5,upi,Online,completed,65.15,Bulk order - verify stock
503592,871,125,13,11,2025-05-24,2025-06-02,7,416.34,15,cash,In-Store,completed,0,
509323,284,92,35,5,2024-10-01,2024-10-04,6,1781.13,20,Cash,Online,COMPLETED,86.67,Bulk order - verify stock
500680,715,45,11,23,2025-12-03,2025-12-06,3,167.26,5,Upi,In-Store,completed,0,Bulk order - verify stock
505688,667,69,14,7,2025-01-29,2025-01-31,4,1053.58,20,UPI,Online,completed,78.32,
500443,152,113,30,12,2025-01-11,2025-01-18,3,227.1,10,Credit Card,In-Store,COMPLETED,0,
502386,622,106,33,20,2024-07-01,2024-07-10,8,716.78,30,net banking,Online,COMPLETED,146.37,
507174,192,88,32,13,2024-12-08,2024-12-17,4,705.55,0,Card,In-Store,Completed,0,
507511,942,88,27,18,2024-04-21,2024-04-28,7,759.34,0,cash,In-Store,Returned,0,Corporate order
508834,818,27,26,24,2024-10-23,2024-10-30,4,3709.1,25,UPI,Online,completed,129.57,
502371,317,62,40,1,2025-09-03,2025-09-12,10,873.97,30,cash,In-Store,Completed,0,
505522,237,64,32,7,2024-11-16,2024-11-23,9,1315.91,0,Cash,In-Store,COMPLETED,0,
504254,444,62,18,21,2025-11-01,2025-11-04,2,869.91,25,Credit Card,In-Store,cancelled,0,
504735,818,2,19,9,2024-04-05,2024-04-06,5,2964.88,30,Upi,In-Store,Returned,0,
504357,636,122,3,3,2025-06-14,2025-06-15,8,159.73,25,UPI,Online,Completed,44.8,
505453,945,61,27,18,2026-01-10,2026-01-14,1,1081.81,5,Debit Card,In-Store,completed,0,
506576,455,73,26,24,2025-05-04,2025-05-12,7,1073.1,15,Card,Online,Completed,48.98,Gift wrap requested
503465,830,10,36,1,2025-05-26,2025-05-29,6,745.48,25,Cash,In-Store,completed,0,
508306,158,28,31,19,2024-03-11,2024-03-17,10,3725.57,25,cash,Online,COMPLETED,34.75,
509732,999045,11,17,23,2024-08-09,2024-08-17,6,4393.27,5,Credit Card,In-Store,Completed,0,
500167,671,13,12,14,2024-08-22,2024-08-29,1,4090.24,10,UPI,Online,completed,88.92,Customer requested callback
504981,765,77,31,23,2026-06-18,2026-06-21,3,1479.88,0,Upi,In-Store,COMPLETED,0,
503229,791,100,25,21,2026-04-28,2026-05-03,2,512.14,5,NetBanking,In-Store,Completed,0,
501686,326,7,16,10,2024-04-27,2024-05-02,-1,738.3,5,UPI,In-Store,completed,0,Gift wrap requested
502630,366,104,20,15,2024-10-01,2024-10-05,3,380.78,25,Credit Card,In-Store,COMPLETED,0,
501416,897,83,29,14,2025-09-14,2025-09-19,1,2442.08,0,Credit Card,In-Store,Returned,0,Customer requested callback
501091,724,124,29,20,2025-12-10,2025-12-17,3,284.84,15,upi,In-Store,Pending,0,
506001,569,71,30,13,2024-06-12,2024-06-11,6,618.39,0,net banking,In-Store,COMPLETED,0,Loyalty discount applied manually
507786,95,31,16,15,2025-03-02,2025-03-06,2,165.57,15,cash,In-Store,Retuned,0,
506748,556,47,27,17,2025-04-05,2025-04-12,2,114.69,15,card,In-Store,completed,0,Corporate order
504169,668,61,14,20,2025-11-26,2025-11-27,10,1138.89,25,Debit Card,In-Store,completed,0,Bulk order - verify stock
509336,227,113,24,4,2025-11-14,2025-11-19,1,227.62,20,Debit Card,Online,completed,141.43,
502340,828,21,36,10,2025-02-25,2025-03-01,8,645.01,30,Cash,In-Store,Completed,0,Loyalty discount applied manually
500380,224,18,18,6,2024-07-06,2024-07-13,10,886.18,30,U.P.I,In-Store,returned,0,
507386,,13,34,4,2024-02-08,2024-02-14,6,4026.77,30,Cash,In-Store,COMPLETED,0,
501032,739,100,3,3,2025-05-27,2025-05-31,7,485.54,25,upi,Online,Completed,104.39,
509067,472,81,32,16,2025-08-16,2025-08-20,3,1720.95,30,Cash,Online,COMPLETED,88.34,Gift wrap requested
501729,10,38,3,10,2025-07-10,2025-07-13,4,308.51,25,net banking,In-Store,Retuned,0,Loyalty discount applied manually
503328,975,88,33,1,2024-01-14,2024-01-23,3,709.65,15,U.P.I,In-Store,Completed,0,Loyalty discount applied manually
508866,719,126,34,14,2026-06-14,2026-06-17,2,562,15,Credit Card,Online,Completed,84.22,Gift wrap requested
508876,629,84,9,9,2024-09-21,2024-09-23,2,704.35,25,NetBanking,Online,COMPLETED,49.64,Customer requested callback
507574,645,35,14,14,2024-09-22,2024-10-01,6,187.47,10,net banking,Online,Completed,74.23,
502217,557,19,27,4,2026-06-11,2026-06-17,5,2630.14,25,U.P.I,Online,Compeleted,52.04,
504649,555,3,34,2,2024-12-31,2025-01-06,4,4821.52,20,Upi,In-Store,Completed,0,
500986,431,88814,21,20,2025-05-01,2025-05-09,5,2131.7,10,Cash,Online,Canceled,30.24,
508377,860,18,36,16,2026-02-05,2026-02-12,10,863.72,5,upi,In-Store,cancelled,0,
506667,150,76,8,23,2025-09-06,2025-09-07,1,1757.3,5,cash,In-Store,Returned,0,
507964,576,87,36,23,2026-05-03,2026-05-10,7,1261.49,0,CARD,Online,COMPLETED,85.95,
507196,154,81,5,11,2025-10-31,2025-11-08,8,1749.22,20,U.P.I,Online,Compeleted,134.64,
504629,803,124,2,5,2025-01-22,2025-01-28,2,275.09,20,NEFT,Online,Compeleted,122.42,
503599,204,74,21,24,2024-04-21,2024-04-29,4,1363.28,15,NetBanking,Online,COMPLETED,127.36,Corporate order
505610,661,70,19,24,2025-05-03,2025-05-11,9,1869.53,0,cash,Online,Completed,142.29,
507862,554,89,9,5,2026-06-11,2026-06-12,1,1880.15,20,NetBanking,In-Store,returned,0,
508037,596,121,13,18,2025-12-16,2025-12-19,6,529.81,5,Cash,Online,Completed,128.14,
506413,580,15,21,21,2024-10-24,2024-11-02,7,1795.88,15,NEFT,Online,completed,105.06,Bulk order - verify stock
509687,880,22,1,10,2025-06-12,2025-06-14,10,1372.12,5,Upi,In-Store,cancelled,0,Bulk order - verify stock
508096,141,88,27,22,2025-03-11,2025-03-17,9,708.91,25,UPI,In-Store,Compeleted,0,
509479,103,88804,25,10,2026-03-09,2026-03-14,7,1178.69,15,NetBanking,In-Store,Completed,0,Loyalty discount applied manually
507931,552,54,30,21,2024-01-24,,1,308.4,20,net banking,In-Store,completed,0,Urgent delivery requested
500975,697,37,1,6,2024-04-23,2024-05-02,8,205.04,20,NEFT,Online,Pending,136.74,
504652,597,89,29,19,2024-12-06,2024-12-07,1,1825.45,0,net banking,In-Store,completed,0,
507536,480,113,6,13,2024-10-05,2024-09-30,3,243.93,0,NEFT,In-Store,Compeleted,0,Corporate order
504450,833,111,12,14,2024-07-04,2024-07-11,10,682.8,0,CASH,In-Store,Completed,0,
505834,999034,113,29,14,2025-03-07,2025-03-09,8,232.13,25,Credit Card,Online,completed,123.77,Loyalty discount applied manually
502948,390,78,37,5,2026-03-09,2026-03-14,8,518.92,25,CARD,In-Store,COMPLETED,0,Gift wrap requested
501464,987,74,27,22,2026-05-20,2026-05-27,4,1352.94,25,Net Banking,In-Store,Compeleted,0,Corporate order
500744,428,47,24,17,2024-08-18,2024-08-19,4,115.77,20,net banking,In-Store,Compeleted,0,
506355,827,123,19,18,2024-08-12,2024-08-15,10,418.27,5,Card,In-Store,Retuned,0,Gift wrap requested
503017,710,64,37,23,2024-01-20,2024-01-22,7,1275.44,5,net banking,Online,Completed,120.53,
504036,264,14,14,5,2025-04-24,2025-04-29,9,4731.68,5,CASH,Online,completed,118.63,Bulk order - verify stock
501721,326,113,25,15,2025-08-29,2025-09-02,7,230.38,30,Credit Card,Online,COMPLETED,91.25,
506331,593,58,3,1,2024-12-25,2024-12-24,3,2044.69,30,cash,In-Store,completed,0,Gift wrap requested
509759,13,28,27,24,2024-06-03,2024-06-08,7,3857.44,10,net banking,Online,Completed,116.83,
502094,502,33,11,20,2025-12-28,2025-12-30,9,388.37,15,NEFT,Online,completed,140.08,Urgent delivery requested
509258,662,122,19,23,2026-04-05,2026-04-11,5,160.57,20,Card,Online,returned,39.45,Bulk order - verify stock
500702,940,11,14,5,2025-05-08,2025-05-14,9,4476.09,15,CASH,In-Store,completed,0,Customer requested callback
501454,129,76,30,2,2026-06-03,2026-06-10,6,1755.34,40,Upi,In-Store,returned,0,Corporate order
502507,619,9,6,8,2026-05-02,2026-05-05,6,1145.48,25,NetBanking,In-Store,Returned,0,
501220,472,59,8,3,2025-03-14,2025-03-16,9,1051.52,25,upi,Online,Retuned,95.36,Gift wrap requested
504680,500,44,14,22,2025-01-26,2025-01-27,8,423.76,20,cash,Online,pending,63.61,Corporate order
502676,20,126,10,12,2026-01-11,2026-01-17,4,586.39,5,CASH,In-Store,completed,0,
503260,123,64,19,18,2024-10-14,2024-10-19,4,1294.26,10,Card,Online,completed,48.9,Loyalty discount applied manually
504493,810,40,40,1,2025-01-13,2025-01-21,2,199.06,25,NEFT,Online,Pending,140.11,
505266,756,7,20,14,2024-05-26,2024-06-03,10,714.43,20,NEFT,Online,COMPLETED,106.16,
503822,123,125,18,24,2025-02-04,2025-02-13,9,388.11,25,Cash,In-Store,Pending,0,
502959,53,37,21,16,2026-04-30,2026-05-03,10,200.64,10,upi,Online,Retuned,99.07,Gift wrap requested
503396,289,106,5,7,2024-06-19,2024-06-24,3,697.07,5,CARD,Online,Returned,135.12,
508108,698,18,36,2,2026-06-02,2026-06-07,9,940.93,30,Net Banking,In-Store,completed,0,Urgent delivery requested
503816,642,121,22,4,2025-09-04,2025-09-09,5,524.69,25,upi,In-Store,Completed,0,Gift wrap requested
505595,625,59,10,15,2026-01-03,2026-01-06,0,1049.5,30,upi,Online,Completed,39.46,Corporate order
509386,745,27,26,2,2025-03-18,2025-03-25,2,3649.62,30,CASH,Online,COMPLETED,33.43,Customer requested callback
505833,573,46,14,2,2025-03-10,2025-03-11,2,307.77,15,UPI,Online,COMPLETED,58.24,
504325,734,66,8,2,2024-03-08,2024-03-13,2,1835.16,30,CASH,In-Store,Returned,0,
506875,739,52,24,21,2024-05-04,2024-05-05,1,379.98,15,card,In-Store,Compeleted,0,Bulk order - verify stock
502609,93,114,23,13,2026-06-15,2026-06-18,7,186.61,15,CARD,Online,Completed,70.47,Loyalty discount applied manually
506776,923,92,37,8,2026-06-15,,4,1823.28,0,Upi,Online,COMPLETED,144.6,
505022,172,61,26,2,2024-08-31,2024-09-05,6,1102.25,50,U.P.I,Online,Retuned,29.95,Loyalty discount applied manually
502458,317,41,2,19,2025-07-26,2025-08-01,3,239.81,5,CASH,In-Store,COMPLETED,0,
508528,110,108,5,10,2025-03-09,2025-03-16,7,175.98,30,net banking,Online,COMPLETED,81.71,
507699,280,48,21,19,2025-03-27,2025-04-05,6,127.64,10,Upi,Online,COMPLETED,50.4,
501840,828,85,39,11,2025-03-28,2025-03-31,10,868.05,5,Debit Card,In-Store,completed,0,Loyalty discount applied manually
507280,296,46,2,10,2025-12-30,2026-01-05,1,317.41,10,Credit Card,Online,completed,112.13,
507778,456,15,6,24,2024-03-13,2024-03-18,9,1762.43,0,net banking,In-Store,COMPLETED,0,
501052,548,119,39,9,2025-01-12,2025-01-21,10,208.96,5,NetBanking,Online,Compeleted,96.16,
506292,317,113,40,23,2026-06-28,2026-07-07,9,242.43,20,upi,Online,Retuned,147.39,Gift wrap requested
504406,924,122,3,24,2026-02-16,2026-02-24,6,161.86,20,Card,Online,Canceled,51.63,Loyalty discount applied manually
504439,339,29,10,18,2024-09-30,2024-10-08,6,2981.54,30,Card,In-Store,completed,0,
506468,901,80,23,1,2024-07-08,2024-07-11,3,,10,net banking,Online,completed,105.55,Loyalty discount applied manually
505581,721,11,2,23,2025-09-08,2025-09-14,10,4588.13,15,Cash,Online,Retuned,57.07,
500749,91,29,31,10,2026-01-25,2026-02-01,6,2843.54,20,Card,In-Store,Completed,0,
503502,271,20,40,4,2025-12-06,2025-12-09,8,3134.92,30,Net Banking,Online,COMPLETED,102.77,
501125,600,40,1,13,2024-08-29,2024-08-31,4,190.84,0,Net Banking,In-Store,Compeleted,0,Urgent delivery requested
502238,428,93,2,1,2026-01-14,2026-01-16,6,390.24,25,CARD,In-Store,pending,0,Bulk order - verify stock
504273,126,88,26,4,2024-10-07,2024-10-13,2,734.46,0,upi,Online,Compeleted,37.4,Gift wrap requested
502452,519,96,2,21,2025-08-16,2025-08-18,6,1886.1,15,Upi,Online,Completed,35.74,
501279,99,42,13,3,2025-01-14,2025-01-20,6,81.38,0,CASH,In-Store,completed,0,Bulk order - verify stock
508454,410,44,32,20,2024-04-14,2024-04-18,6,452.35,5,net banking,In-Store,Compeleted,0,
507299,92,96,15,14,2026-02-25,2026-03-06,4,1906.13,15,cash,Online,returned,135.18,Corporate order
505390,903,1,2,14,2025-08-25,2025-09-01,8,2757.41,25,U.P.I,Online,Compeleted,110.04,
504200,331,34,12,11,2024-10-07,2024-10-16,9,155.82,30,cash,In-Store,returned,0,Loyalty discount applied manually
504980,414,120,17,2,2024-06-17,2024-06-18,8,159.02,15,net banking,Online,Returned,85.92,
502840,404,37,30,5,2024-03-13,2024-03-21,9,199.85,15,Cash,In-Store,Compeleted,0,
507229,462,67,31,11,2026-05-08,2026-05-16,4,1021.8,15,Credit Card,Online,completed,143.81,Urgent delivery requested
506900,524,9,12,18,2026-04-02,2026-04-08,1,1227.96,0,Upi,Online,cancelled,136.86,Gift wrap requested
508439,492,113,11,4,2024-02-28,2024-03-01,4,229.67,25,cash,In-Store,Compeleted,0,Bulk order - verify stock
502081,485,107,15,18,2024-06-19,2024-06-20,8,362.2,5,Net Banking,In-Store,Retuned,0,
501461,149,86,14,7,2024-08-23,2024-08-27,1,453.33,5,cash,Online,Cancelled,148.17,
502171,924,118,14,11,2025-01-26,2025-01-28,10,460.42,25,Net Banking,Online,Compeleted,93.16,Gift wrap requested
500729,774,34,8,22,2025-12-05,2025-12-10,10,145.5,30,U.P.I,In-Store,returned,0,Customer requested callback
500814,292,13,37,22,2025-05-11,2025-05-16,9,4106.81,30,card,Online,completed,114.48,Corporate order
502782,218,14,25,17,2025-07-25,2025-07-29,5,4774.98,5,cash,In-Store,Completed,0,Gift wrap requested
500424,580,62,11,24,2026-01-02,2026-01-05,5,891.89,20,CARD,In-Store,Compeleted,0,
503091,983,35,35,6,2026-06-25,2026-06-27,9,179.59,25,Cash,Online,Retuned,57.82,Loyalty discount applied manually
505694,165,67,18,1,2024-12-29,2025-01-04,4,1033.81,0,Debit Card,In-Store,returned,0,
506225,159,3,9,19,2024-03-07,2024-03-13,4,4813,0,Debit Card,Online,Compeleted,84.07,
508666,539,81,28,23,2024-07-26,2024-07-28,1,1820.34,25,cash,In-Store,Completed,0,
502892,293,66,17,1,2026-04-19,2026-04-25,5,1888.3,15,UPI,Online,COMPLETED,133.61,
507256,961,91,22,11,2025-02-10,2025-02-17,7,480.06,25,net banking,Online,completed,140.98,
503646,118,99,21,20,2024-06-03,2024-06-10,4,1001.77,15,upi,Online,COMPLETED,69.46,
505262,948,112,1,18,2024-08-06,2024-08-12,2,527.35,20,NEFT,In-Store,completed,0,Corporate order
503211,272,93,27,24,2025-10-31,2025-11-05,7,399.67,20,Upi,In-Store,Completed,0,
504919,148,89,24,19,2024-12-19,2024-12-25,0,1812.19,20,U.P.I,Online,COMPLETED,119.15,Urgent delivery requested
500236,805,11,23,21,2025-12-22,2025-12-23,5,4510.92,0,U.P.I,In-Store,COMPLETED,0,
507831,359,74,36,13,2026-02-22,2026-02-23,6,1312.23,25,NetBanking,In-Store,Returned,0,Loyalty discount applied manually
506927,11,74,24,2,2024-11-19,2024-11-28,4,1375.77,0,Upi,In-Store,Compeleted,0,Gift wrap requested
503318,158,76,7,8,2025-05-12,2025-05-19,7,1699.53,20,net banking,In-Store,Compeleted,0,Corporate order
509066,692,80,32,10,2024-04-17,2024-04-22,5,1291.22,15,Upi,Online,returned,132.03,
505532,493,59,35,5,2024-12-05,2024-12-11,10,1002.36,0,card,Online,Compeleted,115.18,
506148,986,41,34,6,2026-05-03,2026-05-10,3,238.16,25,cash,In-Store,completed,0,
506140,24,22,18,6,2024-08-29,2024-08-30,3,1253.56,15,Cash,In-Store,Completed,0,
500067,51,30,32,23,2024-12-30,2025-01-02,5,2808.23,30,CARD,In-Store,Compeleted,0,Loyalty discount applied manually
508041,879,116,18,3,2025-06-13,2025-06-15,2,199.34,15,Upi,In-Store,Completed,0,
503660,196,82,17,8,2026-05-20,2026-05-24,7,563.54,10,Card,Online,Canceled,90.23,Gift wrap requested
507339,183,126,32,5,2024-03-16,2024-03-25,3,589.1,10,Cash,Online,Compeleted,43.78,Urgent delivery requested
509403,216,88807,9,3,2024-06-07,2024-06-12,10,2131.95,5,Cash,Online,Compeleted,102.26,
501106,732,59,24,15,2025-02-18,2025-02-22,4,1059.14,15,NEFT,In-Store,Completed,0,
502810,717,100,29,6,2024-06-16,2024-06-24,2,525.35,25,Upi,Online,pending,69.16,Loyalty discount applied manually
503974,727,58,30,1,2025-11-06,2025-11-10,8,1896.31,20,Upi,In-Store,Returned,0,
506440,367,7,14,18,2025-09-02,2025-09-10,0,765.25,5,CASH,In-Store,COMPLETED,0,
507906,932,32,38,3,2026-06-02,2026-06-07,2,105.57,0,NEFT,Online,Completed,131.94,
508809,835,78,29,16,2024-10-30,2024-11-08,5,515.74,25,Card,Online,Returned,36.54,
508898,65,16,39,9,2025-04-09,2025-04-16,6,2015.87,10,Net Banking,In-Store,completed,0,Customer requested callback
506944,522,87,36,11,2026-03-28,2026-04-06,8,1299.57,5,Cash,In-Store,PENDING,0,Bulk order - verify stock
509127,903,67,1,21,2025-02-17,2025-02-24,10,1020.56,15,upi,Online,Compeleted,122.96,
507479,409,46,8,22,2024-07-23,2024-07-26,1,320.06,15,net banking,In-Store,Completed,0,
504042,253,83,8,3,2024-07-10,2024-07-11,7,2428.2,5,CASH,In-Store,COMPLETED,0,Customer requested callback
501529,852,107,1,12,2026-04-30,2026-05-09,6,380.85,25,cash,In-Store,Completed,0,Customer requested callback
504924,199,92,12,17,2025-04-25,2025-04-27,4,1731.97,30,CASH,In-Store,COMPLETED,0,Gift wrap requested
502350,114,34,38,20,2026-05-21,2026-05-29,2,153.77,30,CARD,In-Store,Completed,0,
502945,101,124,26,10,2025-01-29,2025-02-07,3,,5,net banking,Online,COMPLETED,43.8,
501576,37,124,28,11,2024-08-29,2024-09-07,10,292.59,20,Cash,In-Store,Pending,0,
508586,23,25,26,20,2024-10-01,2024-10-08,3,1508.4,25,cash,Online,Returned,117.27,Gift wrap requested
506626,405,119,31,21,2025-02-09,2025-02-18,9,217.42,15,NetBanking,Online,completed,110.29,Gift wrap requested
502848,68,57,6,3,2025-09-14,2025-09-15,1,1416.83,25,UPI,Online,PENDING,74.73,
501531,446,66,32,18,2025-10-27,2025-11-01,8,1763.28,5,upi,In-Store,Completed,0,
504653,507,44,21,4,2024-05-20,2024-05-26,5,456.08,10,NetBanking,In-Store,Completed,0,
509240,804,126,16,8,2025-06-11,2025-06-20,7,612.26,5,CARD,In-Store,returned,0,
501517,107,99,14,17,2025-03-20,2025-03-29,5,968.03,15,Net Banking,Online,COMPLETED,105.03,Bulk order - verify stock
506834,330,63,15,14,2024-06-13,2024-06-16,4,1164.51,10,CASH,Online,completed,33.92,
502481,772,48,4,11,2025-08-26,2025-08-31,8,128.35,10,Cash,Online,COMPLETED,84.4,
506666,518,89,3,2,2024-01-17,2024-01-25,1,1887.63,15,Card,In-Store,completed,0,Gift wrap requested
500893,166,66,1,19,2024-07-06,2024-07-13,9,1897.95,20,NetBanking,Online,COMPLETED,110.71,Corporate order
504645,495,119,4,5,2025-01-18,2025-01-19,10,217.98,20,Net Banking,In-Store,COMPLETED,0,Corporate order
503144,1000,48,31,19,2026-03-19,2026-03-28,10,129.58,20,upi,Online,CANCELLED ,40.23,Loyalty discount applied manually
505999,201,46,37,24,2025-06-27,2025-07-04,7,332.52,15,Cash,In-Store,Completed,0,
508093,433,78,25,15,2026-04-17,2026-04-26,1,510.68,30,Credit Card,Online,Compeleted,90.44,
500738,498,35,11,3,2025-07-29,2025-07-31,5,180.83,0,CARD,In-Store,Completed,0,Bulk order - verify stock
509771,205,72,15,24,2025-12-05,2025-12-06,2,1246.8,5,Net Banking,Online,COMPLETED,104.46,
506819,239,31,30,17,2025-08-11,2025-08-13,2,154.96,30,Credit Card,In-Store,COMPLETED,0,
504465,335,75,31,7,2024-02-07,2024-02-12,4,1219.4,30,NetBanking,Online,Completed,74.85,
509576,969,97,10,14,2026-05-16,2026-05-19,2,1721.23,10,cash,Online,returned,126.19,
506903,512,75,27,1,2024-06-24,2024-06-26,9,1245.1,5,Card,Online,Compeleted,79.21,Loyalty discount applied manually
509778,261,18,18,4,2024-03-17,2024-03-26,1,929.01,25,Credit Card,In-Store,completed,0,
500462,399,18,6,20,2024-09-21,2024-09-30,4,884.4,20,Card,In-Store,COMPLETED,0,Bulk order - verify stock
505994,435,43,32,6,2024-04-07,2024-04-13,4,293.39,10,NetBanking,In-Store,Completed,0,
504890,279,18,30,10,2026-05-26,2026-06-03,10,863.93,5,CASH,Online,completed,31.57,
504578,842,50,22,16,2024-02-03,2024-02-11,5,276.79,10,CASH,In-Store,completed,0,Customer requested callback
505381,978,49,29,21,2025-04-29,2025-04-28,4,176.49,30,Card,In-Store,Completed,0,
501612,754,38,28,7,2024-03-25,2024-03-31,5,293.83,25,CASH,In-Store,Completed,0,
500959,30,74,14,8,2025-09-13,2025-09-22,4,1371.75,30,UPI,In-Store,COMPLETED,0,
501295,559,49,5,12,2025-04-13,2025-04-14,4,178.81,0,cash,In-Store,PENDING,0,
501926,896,12,39,4,2024-04-06,2024-04-13,7,499.89,5,UPI,In-Store,COMPLETED,0,
508409,627,87,40,12,2024-08-20,2024-08-21,6,1292.99,5,NetBanking,In-Store,completed,0,
506612,142,85,40,17,2025-02-09,2025-02-13,8,934.33,20,Net Banking,Online,Compeleted,85.62,Urgent delivery requested
507734,401,97,7,10,2024-05-04,2024-05-07,9,1828.91,10,Net Banking,In-Store,Retuned,0,
502328,182,92,33,14,2026-05-14,2026-05-19,0,1817.63,25,cash,Online,Compeleted,80.77,
503857,672,18,32,20,2024-01-05,2024-01-04,8,865.54,25,Cash,Online,Returned,109.57,Loyalty discount applied manually
507132,713,74,5,6,2024-12-07,2024-12-12,2,1315.44,15,NEFT,Online,Completed,114.11,
504879,270,65,23,10,2024-11-16,2024-11-23,6,1536.57,10,U.P.I,In-Store,Retuned,0,Urgent delivery requested
500328,246,73,5,15,2024-06-30,2024-07-02,10,1062.45,25,U.P.I,In-Store,completed,0,Customer requested callback
502839,251,13,1,6,2025-06-28,2025-07-01,1,4071.63,30,CASH,In-Store,COMPLETED,0,
502785,575,68,34,4,2026-02-23,2026-02-24,3,364.62,0,U.P.I,In-Store,COMPLETED,0,
506687,152,28,17,20,2025-12-27,2026-01-03,1,4037.66,20,CASH,In-Store,Completed,0,
504291,719,121,16,24,2024-08-22,,8,512.13,20,Cash,Online,Completed,123.22,
503005,78,105,21,3,2024-11-24,2024-11-30,9,484.28,30,net banking,In-Store,completed,0,
500418,465,43,1,23,2025-08-15,2025-08-22,10,293.92,10,Debit Card,In-Store,cancelled,0,
505721,972,76,29,4,2024-12-16,2024-12-22,9,1650.79,25,U.P.I,Online,COMPLETED,57.86,
504964,655,60,37,7,2025-12-08,2025-12-17,4,1558.12,25,Upi,Online,Completed,76.3,
504810,961,106,10,11,2025-03-14,2025-03-19,2,704.64,5,Card,Online,PENDING,126.15,
500817,463,51,34,8,2026-02-27,2026-02-24,2,382.4,15,net banking,Online,completed,34.44,
509626,367,98,40,18,2026-01-20,,2,1897.5,20,card,Online,completed,110.03,Bulk order - verify stock
504459,442,44,35,20,2025-10-13,2025-10-20,2,434.37,10,CASH,Online,Canceled,60.85,Corporate order
503659,364,62,19,16,2025-03-20,2025-03-29,7,836.34,40,cash,In-Store,returned,0,
507473,616,73,17,24,2024-10-19,2024-10-22,3,1101.6,0,NetBanking,Online,Completed,127.31,Customer requested callback
506454,300,86,4,15,2025-01-07,2025-01-16,4,439.74,25,Cash,In-Store,returned,0,Bulk order - verify stock
505259,866,31,36,12,2025-05-02,2025-05-07,1,156.48,15,NEFT,Online,Pending,115.11,
502133,477,70,13,16,2024-04-12,2024-04-13,4,1970.7,15,Credit Card,Online,Compeleted,144.85,
504433,572,6,24,21,2024-10-28,2024-11-06,2,1658.25,25,Debit Card,In-Store,Completed,0,Gift wrap requested
502342,952,41,3,13,2025-06-03,2025-06-09,5,233.68,10,CASH,In-Store,Completed,0,
500753,874,23,29,20,2024-08-14,2024-08-16,7,2038.22,15,Net Banking,Online,Retuned,77.06,
505179,489,59,32,18,2024-09-18,2024-09-25,8,998.94,5,Cash,In-Store,PENDING,0,
507591,631,2,30,11,2026-05-25,2026-06-03,8,,15,NetBanking,In-Store,COMPLETED,0,
507289,753,44,1,18,2026-06-04,2026-06-12,6,430.4,10,Net Banking,Online,Returned,47.35,Bulk order - verify stock
501893,242,3,25,13,2024-03-11,2024-03-18,5,4553.87,20,upi,Online,completed,61.46,Loyalty discount applied manually
504844,118,107,16,7,2025-09-08,2025-09-09,5,360.48,10,CASH,In-Store,cancelled,0,
507405,,69,7,1,2025-11-05,2025-11-06,2,1053.01,10,card,Online,COMPLETED,112.2,
500850,101,22,18,23,2026-06-13,2026-06-14,4,1245.64,15,card,In-Store,Cancelled,-85.46,
504425,282,59,29,11,2026-04-25,2026-04-20,2,1043.74,5,UPI,Online,Completed,31.3,
503908,949,44,36,21,2026-03-27,2026-03-29,10,442.25,0,UPI,In-Store,Retuned,0,
503025,294,76,39,20,2024-10-16,2024-10-23,10,1674.73,5,NEFT,In-Store,completed,0,
507065,904,34,10,10,2024-03-24,2024-03-26,10,157.68,5,Cash,Online,COMPLETED,40.43,Customer requested callback
504984,5,13,24,3,2026-03-11,2026-03-20,6,4232.09,30,NEFT,Online,Cancelled,142.07,
504933,909,109,23,11,2025-10-16,2025-10-19,4,475.89,45,cash,Online,COMPLETED,89.08,Corporate order
508038,218,87,22,4,2026-02-12,2026-02-14,7,1320.26,5,Upi,Online,completed,143.87,Corporate order
509545,784,52,31,19,2026-01-16,,4,383.86,15,net banking,In-Store,completed,0,Corporate order
501631,957,84,39,18,2025-08-05,2025-08-07,10,747.62,5,net banking,Online,completed,42.93,
507478,394,75,31,7,2024-09-09,2024-09-15,4,1181.53,10,upi,Online,Completed,52.26,Bulk order - verify stock
501012,65,61,30,11,2025-07-09,,1,1115.91,20,net banking,In-Store,Compeleted,0,
504154,387,57,22,2,2024-02-27,2024-03-06,10,1389.74,5,card,In-Store,Compeleted,0,Corporate order
501785,971,101,17,12,2025-08-15,2025-08-18,5,2203.01,0,cash,In-Store,returned,0,Gift wrap requested
503145,968,95,30,12,2024-03-30,2024-04-02,5,645.61,25,cash,In-Store,completed,0,
501297,938,10,29,16,2025-09-01,2025-09-07,1,775.75,5,cash,In-Store,Compeleted,0,Gift wrap requested
500122,471,44,37,7,2024-07-27,2024-07-30,0,430.8,30,CASH,In-Store,Compeleted,0,Corporate order
507481,380,96,24,9,2025-09-20,2025-09-26,1,1967.36,20,cash,Online,cancelled,66.14,
505752,932,41,14,9,2025-05-11,2025-05-15,6,251.49,15,upi,Online,Compeleted,136.89,
505479,214,27,15,11,2024-11-07,2024-11-04,10,3501.16,10,net banking,In-Store,Returned,0,Bulk order - verify stock
503577,540,115,24,20,2024-06-01,2024-06-07,4,346.98,5,Debit Card,Online,PENDING,138.55,
503944,454,14,2,20,2024-07-26,2024-07-28,4,5017.35,25,Upi,In-Store,Completed,0,Customer requested callback
506727,223,95,4,12,2024-03-18,2024-03-23,6,679.18,10,UPI,Online,Compeleted,43.8,
501433,50,122,10,1,2025-04-09,2025-04-15,4,168.19,20,U.P.I,In-Store,Canceled,0,
505791,693,114,23,19,2024-06-06,2024-06-08,6,189.99,20,Debit Card,Online,Completed,48.14,
503161,380,37,5,6,2025-01-28,2025-02-05,2,196.31,30,Card,Online,COMPLETED,79.27,
501847,74,96,3,16,2025-05-10,2025-05-12,10,1978.57,15,Credit Card,Online,COMPLETED,102.79,Corporate order
501944,910,11,35,10,2025-12-29,2026-01-02,6,4783.43,25,card,Online,completed,114.77,
508064,186,83,26,10,2024-04-19,2024-04-23,6,2301.22,20,Upi,Online,completed,139.86,Urgent delivery requested
502003,721,8,7,24,2025-10-13,2025-10-16,10,2640.14,20,card,Online,Retuned,46.48,Urgent delivery requested
508754,423,72,21,16,2024-10-21,2024-10-25,7,1299.87,5,card,In-Store,Completed,0,Urgent delivery requested
508734,368,57,32,16,2025-10-05,2025-10-08,6,1406.81,15,NEFT,In-Store,cancelled,0,Loyalty discount applied manually
509385,947,85,2,14,2024-12-25,2024-12-28,3,942.84,5,cash,In-Store,completed,0,Customer requested callback
508305,495,17,26,24,2025-08-14,2025-08-16,6,4086.13,15,Debit Card,Online,CANCELLED ,45.57,
505929,395,123,4,7,2024-01-01,2024-01-03,8,400.79,25,net banking,Online,completed,86.71,Corporate order
504627,190,55,29,2,2024-12-28,2025-01-01,3,1669.38,10,cash,Online,Completed,85.35,
509368,167,112,35,12,2026-02-18,2026-02-19,10,574.03,0,NEFT,In-Store,COMPLETED,0,
505231,837,87,2,11,2025-09-17,2025-09-25,7,1318.85,0,CASH,Online,completed,111.4,Loyalty discount applied manually
501076,149,44,16,21,2026-05-08,2026-05-09,3,424.97,45,CASH,Online,cancelled,103.74,
507957,726,20,22,21,2026-02-17,2026-02-22,1,,10,net banking,In-Store,COMPLETED,0,Loyalty discount applied manually
501459,621,117,38,1,2024-12-26,2025-01-02,3,281.68,20,Credit Card,Online,completed,37.28,
508567,901,115,1,19,2024-06-23,2024-07-01,6,350.61,20,NEFT,Online,COMPLETED,108.55,
503617,385,78,5,1,2026-05-31,2026-06-07,10,526.95,10,CASH,In-Store,Compeleted,0,Loyalty discount applied manually
500363,479,125,29,21,2026-02-26,2026-03-07,6,393.7,30,Net Banking,Online,returned,78.28,
504527,228,124,40,6,2024-09-02,2024-09-10,1,292.61,20,Net Banking,Online,Completed,104.04,
500471,484,17,38,23,2024-09-18,2024-09-26,10,4343.28,5,net banking,In-Store,pending,0,
507372,510,102,22,24,2026-04-06,2026-04-10,8,1064.04,5,UPI,Online,Completed,95.13,Corporate order
500522,767,115,21,3,2026-01-22,2026-01-29,10,322.47,0,CASH,Online,Compeleted,43.17,
503255,936,8,34,17,2024-07-20,2024-07-25,9,2632.56,20,U.P.I,Online,completed,105.13,
501940,208,9,18,14,2025-02-16,2025-02-21,7,1194.17,0,CASH,In-Store,Cancelled,0,Loyalty discount applied manually
508976,201,52,32,8,2024-07-08,2024-07-16,4,380.8,15,net banking,Online,completed,44.15,Corporate order
500377,423,20,13,15,2025-02-10,2025-02-15,5,3097.8,25,UPI,Online,Completed,78.43,Customer requested callback
501426,288,25,32,9,2024-10-17,2024-10-20,8,1379.99,25,CASH,In-Store,Retuned,0,
505847,626,73,35,7,2024-06-09,2024-06-14,9,1051.44,25,Cash,Online,COMPLETED,108.95,Bulk order - verify stock
502379,471,71,18,16,2024-10-02,2024-10-10,6,626.44,20,Card,Online,Completed,112.71,
508822,52,1,9,19,2025-12-01,2025-12-03,10,2679.36,30,upi,Online,CANCELLED ,29.25,
509042,723,9,40,23,2024-11-10,2024-11-12,3,1222.17,10,Cash,In-Store,COMPLETED,0,
508795,272,123,4,23,2025-01-29,2025-02-03,2,430.11,5,NEFT,In-Store,COMPLETED,0,Bulk order - verify stock
508405,465,71,16,13,2024-11-03,2024-11-08,8,600.19,5,Credit Card,Online,COMPLETED,48.72,
503171,252,126,23,15,2024-06-18,2024-06-20,2,567.15,30,Debit Card,In-Store,completed,0,
500335,616,30,5,16,2024-11-01,2024-11-05,4,2768.4,20,cash,Online,Completed,136.69,Loyalty discount applied manually
502177,366,43,31,16,2025-05-23,2025-05-26,5,312.37,15,CARD,Online,COMPLETED,141.17,
504869,584,21,6,16,2024-05-13,2024-05-21,6,624.44,25,CARD,In-Store,completed,0,
500189,578,85,31,16,2024-03-08,2024-03-13,2,868.59,0,CASH,Online,Completed,112.62,Urgent delivery requested
505596,999044,78,11,21,2024-03-15,2024-03-17,6,523.07,25,CASH,In-Store,Canceled,0,
508968,998,39,38,16,2024-02-26,2024-03-06,9,491.81,10,U.P.I,Online,completed,31.06,
507946,546,92,18,20,2026-04-21,2026-04-27,8,1807.27,15,upi,In-Store,completed,0,
502551,886,77,5,19,2024-06-05,2024-06-13,7,1486.92,30,NEFT,Online,returned,123.31,
504716,287,86,26,20,2024-04-19,2024-04-20,5,466.99,15,Card,In-Store,Compeleted,0,Loyalty discount applied manually
500545,548,64,8,3,2024-06-28,2024-07-04,1,1361.45,0,Net Banking,Online,completed,82.39,Gift wrap requested
502930,901,100,39,8,2025-11-02,2025-11-11,7,525.48,0,NetBanking,In-Store,completed,0,Corporate order
500278,964,24,34,7,2024-05-29,2024-06-02,6,4867.67,5,Card,In-Store,Compeleted,0,Bulk order - verify stock
500822,601,46,29,21,2025-01-11,2025-01-20,7,318.79,0,cash,In-Store,completed,0,Bulk order - verify stock
503807,46,96,33,20,2026-02-11,2026-02-15,8,2020.93,35,net banking,Online,Cancelled,80.97,
506491,440,40,23,1,2026-06-10,2026-06-14,7,207.41,0,upi,In-Store,returned,0,Gift wrap requested
503940,662,72,11,5,2024-08-11,2024-08-12,2,1313.22,15,Cash,In-Store,pending,0,Customer requested callback
509638,716,114,23,22,2025-12-18,2025-12-23,2,188.55,10,Debit Card,In-Store,returned,0,Urgent delivery requested
505931,815,78,38,9,2024-06-21,2024-06-22,6,514.08,10,Cash,Online,COMPLETED,134.22,
501792,94,88801,24,11,2026-04-08,2026-04-17,4,2085.75,25,NetBanking,Online,Compeleted,103.55,Gift wrap requested
507551,17,93,14,5,2025-12-20,2025-12-22,9,380.23,10,CARD,In-Store,Completed,0,Corporate order
508594,73,98,23,4,2024-04-01,2024-04-06,4,1918.89,0,cash,In-Store,completed,0,
508412,301,54,12,14,2024-03-29,2024-04-04,0,310.54,30,UPI,Online,COMPLETED,54.35,
502440,263,88,22,19,2024-06-23,2024-06-27,5,697.93,15,UPI,Online,completed,60.74,
502262,314,46,31,6,2025-10-18,2025-10-24,1,332.97,15,cash,In-Store,COMPLETED,0,Corporate order
504749,247,108,17,13,2024-08-05,2024-08-11,6,170.26,15,Cash,Online,cancelled,70,
505397,572,66,30,17,2026-02-02,2026-02-11,9,1856.57,10,upi,Online,Completed,98.07,Loyalty discount applied manually
500790,205,105,40,2,2024-08-20,2024-08-26,8,472.77,0,Debit Card,In-Store,completed,0,Customer requested callback
503468,607,112,8,16,2025-03-03,2025-03-09,3,531.39,10,UPI,In-Store,Completed,0,
503417,359,75,31,10,2024-01-30,2024-01-31,9,1155.39,10,net banking,Online,Retuned,108.92,
501780,369,98,33,16,2025-06-23,2025-06-30,3,2056.24,30,cash,Online,Compeleted,87.8,
505781,641,86,6,16,2026-06-14,2026-06-18,4,466.25,30,CARD,Online,returned,128.74,Urgent delivery requested
509838,86,114,1,12,2025-04-16,2025-04-24,1,199.25,25,Net Banking,In-Store,PENDING,0,
504247,399,76,21,14,2026-03-11,2026-03-16,5,1822.14,20,Upi,Online,Completed,128.39,
507809,280,119,27,11,2026-01-15,2026-01-19,8,211.17,25,CARD,Online,completed,63.01,
502583,546,94,21,21,2026-06-17,2026-06-25,6,1286.3,10,UPI,In-Store,COMPLETED,0,Customer requested callback
503139,840,54,13,8,2024-05-16,2024-05-23,8,335.47,10,Cash,In-Store,Completed,0,Corporate order
503989,921,120,40,8,2024-07-11,2024-07-16,10,157.41,10,net banking,Online,Compeleted,127.89,
501874,999020,91,18,18,2026-01-16,2026-01-23,7,496.9,30,Cash,In-Store,Pending,0,Gift wrap requested
506501,697,115,34,3,2026-01-03,2026-01-12,3,342.21,0,Net Banking,In-Store,Compeleted,0,
500565,44,40,3,18,2024-05-11,2024-05-18,2,189.81,20,Card,In-Store,returned,0,
503846,207,41,9,1,2024-04-10,2024-04-18,6,244.1,10,Net Banking,Online,Returned,78.92,
500151,893,87,40,10,2024-09-07,2024-09-16,9,1333.07,30,UPI,Online,Completed,111.03,Bulk order - verify stock
505421,184,60,5,7,2026-05-18,2026-05-20,8,1624.81,0,Upi,In-Store,PENDING,0,Customer requested callback
509117,141,74,36,18,2024-02-16,2024-02-19,10,1307.1,25,Net Banking,In-Store,Completed,0,
502293,438,25,12,18,2025-08-24,2025-08-26,6,1429.26,30,upi,In-Store,COMPLETED,0,
502039,16,4,35,18,2024-11-15,2024-11-20,8,4369.52,0,net banking,In-Store,Completed,0,Loyalty discount applied manually
508098,841,82,7,10,2025-01-27,2025-01-31,3,551.42,15,UPI,Online,COMPLETED,101.83,
508330,997,62,13,21,2026-04-05,2026-04-07,5,915.48,5,card,In-Store,COMPLETED,0,
509404,215,17,32,24,2024-02-10,2024-02-12,8,4037.09,20,Upi,Online,Returned,33.73,
501226,940,36,26,5,2026-05-13,2026-05-19,9,440.34,0,card,In-Store,Compeleted,0,
500215,869,112,20,8,2024-02-22,2024-02-27,3,577.45,30,UPI,In-Store,completed,0,Customer requested callback
502306,495,114,18,7,2025-11-11,2025-11-12,6,188.79,20,NEFT,In-Store,Completed,0,
500919,741,56,26,15,2025-10-28,2025-11-02,6,952.83,30,CASH,In-Store,completed,0,Customer requested callback
505066,107,30,13,24,2024-11-26,2024-12-04,10,2631.68,10,card,Online,COMPLETED,36.69,
502330,555,89,3,23,2025-05-10,2025-05-11,9,1821.14,0,UPI,In-Store,completed,0,
504192,896,59,27,17,2024-02-18,2024-02-20,9,1030.86,20,CASH,Online,completed,125.22,Bulk order - verify stock
505405,784,4,20,1,2025-01-25,2025-01-30,3,4162.05,25,upi,In-Store,Completed,0,Loyalty discount applied manually
506663,728,43,35,10,2024-02-20,2024-02-21,9,290.9,15,Debit Card,In-Store,Completed,0,
505940,371,111,28,4,2026-02-01,2026-02-03,4,626.68,30,upi,Online,Canceled,69.9,Urgent delivery requested
505510,441,103,25,19,2025-06-03,2025-06-07,6,643.96,5,Net Banking,In-Store,Returned,0,
506965,956,101,17,2,2024-02-13,2024-02-22,9,2216.27,15,CASH,In-Store,completed,-32.33,
500593,359,77,17,4,2025-05-13,2025-05-15,4,1463.67,15,upi,In-Store,Completed,0,Bulk order - verify stock
509391,467,41,16,8,2025-06-21,2025-06-30,8,241.25,5,Cash,In-Store,Completed,0,Customer requested callback
506630,999003,28,1,10,2026-05-11,2026-05-13,7,3884.88,20,U.P.I,Online,Compeleted,32.14,
507165,429,114,28,22,2024-04-05,2024-04-12,2,202.47,0,UPI,Online,COMPLETED,76.4,Urgent delivery requested
502184,602,3,40,8,2024-05-30,2024-06-04,8,4694.08,5,CARD,Online,Completed,140.78,Loyalty discount applied manually
508379,960,62,28,19,2024-10-12,2024-10-16,4,874.91,30,net banking,In-Store,completed,0,Loyalty discount applied manually
504304,296,97,25,10,2026-01-23,,7,1823.55,30,Cash,In-Store,COMPLETED,0,Urgent delivery requested
506062,622,109,3,9,2025-12-19,2025-12-25,8,479.93,15,UPI,In-Store,Completed,0,
508466,706,41,3,1,2025-08-17,2025-08-23,6,233.85,15,Upi,Online,Canceled,134.39,Urgent delivery requested
508700,908,53,13,1,2025-08-05,2025-08-13,8,287.41,25,Cash,In-Store,pending,0,
501418,578,35,14,21,2026-04-25,2026-04-30,8,181.14,30,U.P.I,In-Store,completed,0,
501316,467,23,32,11,2025-04-04,2025-04-09,7,2074.27,30,Debit Card,In-Store,Compeleted,0,Urgent delivery requested
509040,313,38,26,2,2024-04-20,2024-04-28,4,322.58,0,CASH,Online,completed,31.12,
507515,484,5,10,6,2026-01-08,2026-01-15,4,3398.8,15,upi,In-Store,completed,0,
508050,359,8,27,9,2024-10-28,2024-11-06,10,2784.16,20,Credit Card,In-Store,completed,0,Gift wrap requested
502632,532,96,39,19,2025-04-28,2025-04-30,7,1964.99,5,CASH,In-Store,completed,0,Urgent delivery requested
508030,747,55,22,24,2025-04-07,2025-04-08,10,1625.02,0,Card,Online,completed,98.97,
509525,276,8,39,16,2025-11-11,2025-11-13,-1,2680.04,0,net banking,In-Store,Completed,0,
501510,303,117,24,14,2025-05-05,2025-05-12,4,299.12,25,card,In-Store,Compeleted,0,Customer requested callback
503036,262,79,16,3,2025-05-09,2025-05-14,5,1186.85,5,NEFT,Online,Cancelled,70.28,Urgent delivery requested
507344,205,20,5,3,2026-03-29,2026-04-01,4,2933.19,10,Card,In-Store,Completed,-80.57,Urgent delivery requested
508871,338,115,20,1,2025-12-16,,8,332.58,0,cash,In-Store,COMPLETED,0,Customer requested callback
507777,815,84,5,1,2024-05-29,2024-06-06,1,772.79,0,CARD,In-Store,COMPLETED,0,Bulk order - verify stock
506319,944,87,30,24,2026-06-17,2026-06-22,4,1339.87,5,Cash,Online,COMPLETED,80.49,
501919,535,27,18,13,2024-07-08,2024-07-10,9,3740.78,10,Credit Card,Online,Completed,118.38,Gift wrap requested
501945,230,35,31,22,2024-05-20,2024-05-28,6,180.85,15,CARD,Online,Compeleted,43.61,
506757,429,13,13,21,2025-10-02,2025-10-08,1,4034.19,5,Credit Card,In-Store,completed,0,Loyalty discount applied manually
507462,733,119,2,2,2024-12-27,2024-12-31,3,214.6,10,U.P.I,In-Store,Pending,0,Gift wrap requested
504034,144,1,36,18,2026-06-10,2026-06-15,2,2739.03,20,Debit Card,Online,pending,34.58,
506201,914,118,36,9,2025-11-24,2025-12-03,4,473.26,15,upi,Online,CANCELLED ,112.85,
502749,58,46,1,15,2025-10-20,2025-10-21,9,321.27,10,UPI,In-Store,Compeleted,0,Loyalty discount applied manually
500841,98,116,35,15,2025-08-01,2025-08-10,8,211.1,25,net banking,In-Store,Canceled,0,
509605,678,103,3,4,2025-11-19,2025-11-24,8,633.78,0,Credit Card,Online,Completed,88.55,
507331,491,96,22,9,2025-11-07,2025-11-13,2,1960.11,10,NEFT,In-Store,completed,0,
500458,484,21,7,23,2025-01-15,2025-01-23,2,618.73,30,UPI,Online,COMPLETED,68.72,
503111,416,42,21,9,2025-08-28,2025-08-31,10,85.24,15,Card,Online,completed,66.75,Urgent delivery requested
509450,973,18,20,6,2024-06-14,2024-06-18,6,880.33,20,CARD,Online,completed,62.8,Gift wrap requested
505111,805,116,29,12,2025-09-20,2025-09-24,8,210.67,15,Net Banking,In-Store,COMPLETED,0,
501884,635,69,26,4,2026-06-22,2026-06-29,4,1082.61,20,NetBanking,In-Store,Returned,0,
505295,422,13,14,19,2026-04-18,2026-04-22,2,4100.85,50,cash,In-Store,Compeleted,0,
503361,853,116,14,8,2025-01-31,2025-02-01,1,202.73,30,UPI,In-Store,COMPLETED,0,
502690,215,120,35,15,2025-09-30,2025-10-05,10,162.32,30,net banking,In-Store,Compeleted,0,Urgent delivery requested
506796,22,66,25,1,2025-03-07,,3,1822.45,30,U.P.I,In-Store,cancelled,0,
505621,316,26,10,11,2026-01-26,2026-02-04,8,3168.19,10,Net Banking,Online,Pending,140.35,Gift wrap requested
506608,718,121,7,19,2025-04-10,2025-04-12,3,539.63,20,card,In-Store,Cancelled,0,
501231,370,4,15,23,2024-07-28,2024-08-01,3,4130.61,25,cash,In-Store,Returned,0,
503096,786,57,4,17,2025-01-01,2025-01-06,6,1371.7,25,card,Online,Completed,117.78,Loyalty discount applied manually
505450,540,76,4,19,2025-03-04,2025-03-10,9,1669.96,5,Card,Online,PENDING,114.06,
504876,231,39,28,24,2024-12-07,2024-12-16,4,509.5,30,CARD,Online,completed,145.57,Loyalty discount applied manually
507118,,89,17,8,2025-11-07,2025-11-11,8,1784.19,5,NetBanking,Online,Compeleted,109.38,Customer requested callback
504690,544,83,16,19,2024-12-17,2024-12-21,10,2496.34,15,Card,In-Store,Compeleted,0,
505466,882,1,20,2,2024-03-06,2024-03-07,6,2932.06,5,Card,Online,COMPLETED,56.14,
509774,32,105,23,14,2024-11-11,2024-11-16,10,470.65,20,CARD,In-Store,Compeleted,0,Corporate order
504828,696,83,3,12,2025-03-25,2025-04-01,3,,0,card,Online,COMPLETED,67.6,
504692,395,57,20,18,2025-09-06,2025-09-09,10,1358.5,25,UPI,Online,PENDING,47.35,Customer requested callback
508766,274,120,35,13,2024-05-22,2024-05-25,2,158.99,20,Net Banking,Online,Completed,37.83,
504916,477,85,23,10,2025-08-05,2025-08-14,3,939.59,15,Cash,Online,Completed,87.21,
501054,896,78,5,19,2025-07-14,2025-07-17,4,521.64,10,net banking,Online,pending,100.85,
506416,141,80,4,19,2024-03-25,2024-04-02,7,1359.93,25,NEFT,Online,COMPLETED,111.97,
506143,336,109,40,18,2026-01-26,2026-01-28,7,496.52,15,CASH,In-Store,cancelled,0,
501396,651,92,22,17,2025-07-15,2025-07-24,9,1813.46,30,UPI,Online,cancelled,51.65,
501072,560,121,34,1,2024-04-16,2024-04-17,5,514.21,5,NEFT,In-Store,Completed,0,
501536,316,55,28,2,2025-06-30,2025-07-02,9,1765.89,0,CARD,In-Store,Completed,0,Gift wrap requested
500166,556,34,12,22,2026-03-25,2026-03-28,7,152.11,10,upi,Online,completed,91.89,Customer requested callback
502510,471,61,13,7,2025-10-21,2025-10-22,7,1063.74,5,U.P.I,Online,COMPLETED,64.12,Bulk order - verify stock
506349,442,72,22,18,2024-03-07,2024-03-11,8,1262.57,40,UPI,Online,PENDING,134.18,Gift wrap requested
504625,46,94,31,24,2024-09-29,2024-10-04,2,1364.34,20,UPI,Online,Completed,127.94,Loyalty discount applied manually
500383,988,101,16,18,2024-12-15,2024-12-23,9,2140.29,10,UPI,Online,Retuned,125.13,Gift wrap requested
503583,679,94,17,7,2024-04-05,2024-04-07,7,1351.6,15,Card,In-Store,COMPLETED,0,Loyalty discount applied manually
509309,758,120,1,16,2024-01-02,2024-01-11,8,161.4,5,Credit Card,In-Store,Completed,0,Corporate order
509795,311,85,33,2,2024-10-21,2024-10-30,4,916.53,5,net banking,Online,returned,135.82,
503254,995,111,29,4,2024-11-05,2024-11-12,3,647.92,5,CASH,Online,Pending,96.99,
508626,266,112,23,9,2025-10-16,2025-10-25,4,542.95,25,NEFT,Online,Retuned,61,
500564,794,19,34,19,2025-10-11,2025-10-20,9,2703.5,10,cash,Online,Compeleted,63.47,
502091,484,101,15,11,2025-10-31,2025-11-09,2,2184.61,15,CARD,Online,COMPLETED,117.62,Loyalty discount applied manually
505870,385,88801,37,2,2024-09-21,2024-09-29,5,298.53,30,CASH,Online,Compeleted,63.62,
506340,445,115,15,1,2025-05-19,2025-05-21,6,336.93,5,CARD,In-Store,completed,0,
502216,52,7,7,8,2024-10-25,2024-10-29,3,699.3,10,Debit Card,Online,Completed,141.24,Customer requested callback
507365,498,30,27,21,2024-12-28,2024-12-30,7,2752.6,40,Cash,Online,Completed,44.62,Bulk order - verify stock
502640,336,84,13,3,2026-01-13,2026-01-10,7,738.57,25,cash,In-Store,Completed,0,
508274,705,92,29,23,2026-06-09,2026-06-13,6,1859.49,30,cash,Online,cancelled,46.55,Bulk order - verify stock
504509,130,61,19,2,2024-04-18,2024-04-23,6,1062.51,15,Upi,Online,pending,33.28,
506864,378,43,38,5,2026-04-10,2026-04-18,10,297.96,25,UPI,In-Store,COMPLETED,0,Customer requested callback
503256,570,112,12,18,2025-05-18,2025-05-19,6,562.84,20,CARD,Online,CANCELLED ,130.47,Urgent delivery requested
500435,617,42,37,24,2026-04-03,2026-04-11,10,83.45,10,Debit Card,Online,Completed,114.65,Customer requested callback
505006,910,19,20,1,2024-09-25,2024-10-02,5,2720.26,25,Net Banking,Online,pending,125.87,Urgent delivery requested
503557,82,26,22,8,2026-05-24,2026-05-28,7,3274.71,10,Card,In-Store,completed,0,
509734,588,97,2,24,2024-07-23,2024-07-21,10,1723.02,5,Credit Card,Online,Compeleted,68.59,Urgent delivery requested
505255,67,103,17,2,2025-01-14,2025-01-17,6,587.06,20,Debit Card,In-Store,completed,0,Gift wrap requested
508570,51,75,39,22,2025-03-03,2025-03-07,6,1161.28,10,Cash,In-Store,returned,0,
504043,978,62,13,16,2024-08-14,2024-08-15,8,842.8,5,U.P.I,In-Store,COMPLETED,0,Urgent delivery requested
505887,9,67,22,11,2025-12-04,2025-12-11,5,1050.5,30,Debit Card,In-Store,CANCELLED ,0,
502817,171,48,5,6,2024-03-03,2024-03-11,4,134.64,0,CASH,Online,Retuned,108.73,Corporate order
507916,738,48,33,15,2024-09-29,2024-10-03,6,128.37,5,net banking,Online,Pending,116.22,
508061,619,23,16,14,2024-01-15,2024-01-19,4,2111.54,25,cash,In-Store,Compeleted,0,Loyalty discount applied manually
501992,324,30,19,14,2026-01-05,2026-01-14,5,2695.52,30,CARD,In-Store,completed,0,
509178,278,41,7,4,2025-06-03,2025-06-09,5,243.05,0,net banking,In-Store,Compeleted,0,
506565,438,14,4,8,2025-08-03,2025-08-11,9,5112.67,0,cash,Online,completed,32.86,Urgent delivery requested
504987,607,14,21,16,2025-07-15,2025-07-22,9,5039.22,25,UPI,Online,Compeleted,85.34,
502224,325,105,26,21,2026-06-18,2026-06-19,2,495.24,15,upi,In-Store,Completed,0,Loyalty discount applied manually
506375,607,81,13,15,2024-01-01,2024-01-06,6,1819.54,25,upi,In-Store,completed,0,
500576,793,98,4,7,2024-07-09,2024-07-13,4,2062.75,30,upi,In-Store,completed,0,Loyalty discount applied manually
509620,326,20,35,6,2026-01-15,2026-01-18,7,2939.14,15,NEFT,In-Store,completed,0,
509772,608,47,34,14,2026-06-25,2026-07-01,4,120.71,0,Upi,In-Store,Compeleted,0,Corporate order
506649,638,122,13,11,2024-07-03,2024-07-08,2,165.21,20,Credit Card,Online,completed,58.32,
504816,642,24,15,13,2024-02-17,2024-02-25,1,4960.25,15,Cash,In-Store,COMPLETED,0,Urgent delivery requested
501834,317,27,11,10,2026-06-08,2026-06-14,3,3611.84,20,Net Banking,In-Store,COMPLETED,0,Loyalty discount applied manually
505437,83,11,4,18,2024-11-24,2024-11-27,7,4660.61,0,U.P.I,In-Store,Completed,0,Urgent delivery requested
508784,322,14,9,3,2024-12-05,2024-12-09,2,4994.27,10,NetBanking,In-Store,Completed,0,
500652,838,11,32,15,2025-04-20,2025-04-24,1,4637.27,30,cash,Online,returned,124.1,Corporate order
502900,892,92,26,21,2024-07-18,2024-07-22,10,1897,5,CARD,Online,Completed,132.31,Corporate order
508714,756,97,18,23,2025-03-14,2025-03-18,1,1851.42,5,net banking,Online,Returned,121.47,
509675,400,28,16,4,2025-01-30,2025-01-31,6,3781.39,0,Cash,Online,Retuned,118.2,
503828,729,110,17,10,2024-03-10,2024-03-17,7,254.97,10,Net Banking,Online,Compeleted,122.45,Bulk order - verify stock
500398,132,23,39,16,2025-05-15,2025-05-17,9,1914.65,5,Debit Card,In-Store,COMPLETED,0,
507645,132,125,6,21,2024-12-29,2024-12-31,2,411.01,5,U.P.I,In-Store,COMPLETED,0,Bulk order - verify stock
501506,452,121,3,13,2024-04-04,2024-04-07,9,509.48,15,U.P.I,In-Store,COMPLETED,0,
509595,46,100,35,23,2025-07-06,2025-07-14,10,493.86,0,Cash,Online,Returned,72.17,Gift wrap requested
503780,616,53,16,12,2024-02-07,2024-02-08,4,289.02,15,Credit Card,Online,COMPLETED,120.42,Urgent delivery requested
501653,798,1,19,14,2026-02-10,2026-02-14,6,2776.09,10,net banking,In-Store,returned,0,
506074,144,50,20,12,2024-07-31,2024-08-03,9,295.62,10,upi,Online,Compeleted,116.66,
506639,12,23,9,15,2024-06-09,2024-06-13,9,1981.11,10,NetBanking,In-Store,Cancelled,0,
509073,735,11,36,22,2025-12-14,2025-12-23,1,4697.3,30,NetBanking,Online,completed,75.37,Bulk order - verify stock
507024,27,98,7,23,2026-04-04,2026-04-08,3,2065.53,15,upi,In-Store,completed,0,
501014,87,43,36,8,2026-05-05,2026-05-06,5,306.75,10,upi,Online,Pending,144.45,
503414,74,47,34,5,2024-01-10,2024-01-17,5,121.67,25,CASH,In-Store,completed,0,
504322,531,11,22,3,2024-05-29,2024-06-06,7,4488.49,15,NetBanking,Online,Completed,86.59,
504181,464,1,5,17,2024-03-30,2024-04-01,9,2757,0,Debit Card,In-Store,pending,0,
504194,842,34,5,5,2024-07-08,2024-07-14,7,143.5,25,CASH,In-Store,COMPLETED,0,Customer requested callback
509128,216,67,19,18,2026-01-17,2026-01-19,6,1113.67,10,Card,In-Store,COMPLETED,0,Gift wrap requested
501936,380,109,36,16,2025-12-08,2025-12-14,4,516.54,15,card,In-Store,COMPLETED,0,
503533,121,45,24,21,2024-05-20,2024-05-29,1,160.07,10,Net Banking,Online,Compeleted,96.71,
508996,326,4,3,18,2024-04-04,2024-04-05,4,4236.07,25,Cash,Online,Compeleted,122.86,Urgent delivery requested
500998,112,43,8,1,2025-07-28,2025-07-29,3,311.87,20,CASH,Online,completed,46.1,
508759,993,99,15,13,2024-03-28,2024-04-06,7,968.46,30,Upi,Online,Cancelled,118.31,Customer requested callback
509466,412,24,40,22,2025-11-13,2025-11-17,9,4512.26,30,Debit Card,Online,CANCELLED ,85.11,Urgent delivery requested
505320,850,48,9,20,2026-01-11,2026-01-14,8,129.82,5,cash,Online,PENDING,54.14,
504479,620,94,26,14,2024-05-19,2024-05-26,7,1391,5,U.P.I,In-Store,completed,0,
501850,201,70,18,17,2024-01-04,2024-01-09,1,1931.71,20,Upi,Online,Compeleted,47.99,
508028,680,8,12,8,2026-05-02,2026-05-07,10,2767.55,0,upi,Online,Compeleted,87.26,Customer requested callback
505312,209,86,37,23,2026-01-27,2026-02-05,6,453.73,30,Credit Card,In-Store,Completed,0,Urgent delivery requested
506301,341,95,1,20,2026-02-17,2026-02-26,3,698.99,10,Debit Card,In-Store,completed,0,Corporate order
508059,504,8,37,24,2024-03-17,2024-03-22,4,2650.69,30,Upi,In-Store,Completed,0,
500180,154,98,30,20,2024-04-13,2024-04-22,6,1889.59,5,upi,Online,Cancelled,132.29,Bulk order - verify stock
503463,268,13,37,24,2025-12-29,2026-01-04,6,4092.77,5,U.P.I,In-Store,CANCELLED ,0,
504871,97,94,12,23,2026-05-13,2026-05-21,1,1338.59,0,Debit Card,Online,Cancelled,108.99,Customer requested callback
504362,124,50,19,21,2024-05-25,2024-05-27,7,296.88,25,U.P.I,Online,pending,35.85,Loyalty discount applied manually
504640,719,76,19,18,2026-06-12,2026-06-19,4,1656.7,25,CARD,Online,COMPLETED,100.28,Gift wrap requested
505573,166,21,6,3,2024-09-24,,-2,635.17,30,cash,In-Store,Cancelled,0,Bulk order - verify stock
506133,926,75,18,21,2025-03-15,2025-03-17,4,1183.72,15,net banking,Online,completed,143.85,
505693,781,44,39,18,2025-07-14,2025-07-21,2,419.55,15,NetBanking,Online,COMPLETED,132.07,Gift wrap requested
509793,798,37,31,11,2024-01-23,2024-01-27,6,201.38,20,cash,In-Store,Returned,0,
500195,692,18,7,20,2025-02-25,2025-02-27,10,893.86,10,cash,Online,completed,109.93,
506810,576,83,21,9,2025-04-20,2025-04-28,8,2488.3,25,Card,Online,Compeleted,134.89,
506442,465,58,15,7,2024-07-13,2024-07-11,2,1860.36,0,Cash,Online,Returned,46.79,
509214,323,47,17,16,2026-04-23,2026-04-30,5,122.46,0,NEFT,Online,completed,47.59,
504233,556,112,17,3,2024-02-16,2024-02-22,5,561.14,15,CARD,In-Store,Canceled,0,
507292,431,22,6,6,2025-03-05,2025-03-07,5,1278.11,15,CASH,In-Store,completed,0,
504705,740,87,34,6,2026-01-08,2026-01-10,6,1274.22,10,Net Banking,In-Store,returned,0,
501560,614,124,30,10,2026-02-07,2026-02-12,8,281.5,10,NEFT,In-Store,Completed,0,Customer requested callback
509586,1,71,28,2,2025-11-18,2025-11-23,3,616.62,15,U.P.I,In-Store,returned,0,Loyalty discount applied manually
504486,555,19,28,18,2026-04-26,2026-05-01,2,2617.32,15,U.P.I,Online,Cancelled,49.99,Loyalty discount applied manually
508138,903,93,3,17,2024-09-16,2024-09-19,1,387.14,5,Debit Card,In-Store,completed,0,
501238,392,124,19,23,2024-01-14,2024-01-20,6,284.89,0,cash,Online,completed,148.1,
509301,573,113,33,16,2024-02-19,2024-02-21,7,242.28,0,Net Banking,Online,Returned,122.44,
501062,68,21,33,17,2025-06-22,2025-06-28,8,679.08,30,upi,In-Store,Completed,0,Urgent delivery requested
500204,306,60,16,9,2025-02-25,2025-03-05,2,1637.55,5,Cash,In-Store,completed,0,Bulk order - verify stock
506094,230,42,30,21,2024-11-03,2024-11-08,8,83.28,10,cash,Online,PENDING,69.77,
509670,996,26,35,11,2025-10-08,2025-10-15,8,3268.55,25,upi,Online,COMPLETED,69.77,Gift wrap requested
502857,858,114,13,17,2025-01-26,2025-02-04,8,193.53,20,card,In-Store,Compeleted,0,
502847,190,72,22,1,2025-11-07,2025-11-09,4,1340.84,5,Card,In-Store,CANCELLED ,0,Loyalty discount applied manually
505538,338,39,40,8,2026-04-09,2026-04-16,7,518.55,5,NetBanking,Online,returned,43.24,
506729,394,38,32,21,2026-03-02,2026-03-03,3,303.58,30,Cash,In-Store,COMPLETED,0,
504784,637,61,33,9,2025-12-31,2026-01-06,6,1121.32,0,net banking,In-Store,Retuned,0,Gift wrap requested
508461,237,4,37,6,2024-06-21,2024-06-23,5,4241.84,10,cash,In-Store,completed,0,Gift wrap requested
500245,412,94,20,12,2024-12-25,2024-12-30,9,1280.13,15,Upi,Online,Completed,87,
507996,105,77,30,19,2026-05-31,2026-06-01,10,1417.2,5,net banking,In-Store,completed,0,Corporate order
502475,711,17,19,18,2026-02-23,2026-03-03,1,4321.19,10,NetBanking,Online,cancelled,74.47,
500118,48,56,21,13,2024-12-05,2024-12-14,1,911.26,20,card,Online,COMPLETED,54.2,
506439,751,115,29,5,2026-05-22,2026-05-24,5,335.6,15,CASH,Online,Compeleted,104.72,
501191,76,45,31,4,2024-11-08,2024-11-11,3,159.78,10,CASH,In-Store,COMPLETED,0,
503127,793,6,20,6,2025-08-07,2025-08-16,7,1663.71,15,NetBanking,Online,Completed,55.85,Loyalty discount applied manually
505980,999034,64,20,9,2024-12-07,2024-12-08,3,1402.75,30,Debit Card,In-Store,Compeleted,0,Urgent delivery requested
506036,409,36,2,16,2026-02-18,2026-02-16,3,413.76,15,UPI,In-Store,completed,0,
504301,,69,21,22,2024-12-15,2024-12-24,10,1084.69,20,card,Online,completed,81.85,
501287,377,106,20,16,2025-03-31,2025-04-04,5,715.99,10,cash,Online,COMPLETED,70.85,
509828,775,73,33,1,2025-01-26,2025-01-21,2,1055.92,10,NetBanking,In-Store,Compeleted,0,
504886,694,110,28,20,2025-11-13,2025-11-20,10,236.7,15,upi,In-Store,Compeleted,0,Customer requested callback
508303,315,49,19,18,2024-05-01,2024-05-10,2,170.68,30,Card,In-Store,Pending,0,
501128,606,82,13,11,2024-09-08,2024-09-15,10,530.22,20,Net Banking,Online,completed,36.56,
507839,67,98,3,6,2026-01-16,2026-01-20,5,1902.89,5,CASH,In-Store,Completed,0,Corporate order
501410,147,117,30,19,2026-02-03,2026-02-07,5,299.89,5,upi,Online,completed,146.65,Urgent delivery requested
508406,31,105,30,18,2026-05-18,2026-05-25,10,484.28,30,NEFT,In-Store,COMPLETED,0,Corporate order
508195,228,126,28,5,2025-03-18,2025-03-26,1,590.89,15,CASH,In-Store,completed,0,
508636,368,28,19,1,2025-09-16,2025-09-24,7,3954.11,0,Debit Card,Online,Returned,142.95,
504287,469,67,24,16,2026-05-13,2026-05-16,9,1085.05,5,NetBanking,Online,completed,59.42,
504343,518,65,40,24,2025-02-01,2025-02-06,9,1580.48,25,Cash,In-Store,Retuned,-74.06,
509228,296,22,7,9,2025-04-06,2025-04-14,9,1255.97,20,Upi,Online,pending,86.42,Bulk order - verify stock
501739,726,126,14,12,2024-10-17,2024-10-20,2,577.42,5,UPI,Online,completed,63.24,
504519,124,2,15,1,2026-01-31,2026-02-06,7,2822.76,30,Net Banking,Online,Compeleted,95.73,Bulk order - verify stock
508550,980,46,25,7,2026-06-09,,2,330.62,5,CASH,In-Store,Compeleted,0,Corporate order
503738,245,118,37,10,2024-09-18,2024-09-22,7,443.42,15,card,Online,Canceled,93.57,
500899,475,126,2,18,2025-01-16,2025-01-17,4,585.6,30,UPI,In-Store,Compeleted,0,
507630,783,70,18,19,2026-04-23,2026-05-01,8,1844.59,5,CARD,In-Store,Cancelled,0,
509523,181,64,34,18,2025-08-14,2025-08-22,6,1328.46,25,Upi,Online,Returned,130.83,
501983,94,98,10,23,2024-07-07,,7,2053.23,5,CASH,Online,completed,30.47,
502573,117,106,15,24,2025-05-01,2025-05-06,3,694.01,30,Credit Card,Online,completed,102.76,
500037,887,104,8,18,2024-01-06,2024-01-13,10,378.97,15,Cash,Online,CANCELLED ,77.66,
503869,391,55,29,10,2025-02-10,2025-02-15,1,1681.44,20,CASH,In-Store,Completed,0,Corporate order
502413,430,124,33,4,2026-05-09,2026-05-14,1,271.68,5,Debit Card,Online,Completed,89.22,Gift wrap requested
503819,50,18,14,14,2025-09-23,2025-09-24,9,936.04,15,upi,In-Store,Retuned,0,
507245,202,64,12,23,2024-01-21,2024-01-29,4,1391.18,10,Cash,In-Store,COMPLETED,0,
502501,388,86,39,5,2025-06-23,2025-06-28,10,442.3,30,Upi,Online,completed,-28.14,
503629,540,76,9,16,2024-05-23,2024-05-28,7,1671.17,15,card,In-Store,COMPLETED,0,
506624,127,116,31,18,2026-03-26,2026-04-02,4,204.06,30,Upi,Online,completed,66.46,
500514,584,3,7,22,2024-04-21,2024-04-24,4,4586.6,45,card,In-Store,CANCELLED ,0,Corporate order
509449,39,32,16,8,2024-12-22,2024-12-23,2,103.02,5,CASH,In-Store,Retuned,0,
508301,270,56,6,1,2025-11-15,2025-11-21,9,879.88,10,Cash,In-Store,Completed,0,
500588,448,13,2,24,2026-06-15,2026-06-18,10,4296.36,5,NEFT,In-Store,Returned,0,Loyalty discount applied manually
507153,350,98,2,22,2024-05-30,2024-06-07,1,1987.69,5,Card,Online,Compeleted,58.24,
508534,335,14,31,22,2025-11-16,2025-11-19,2,5122.35,0,Cash,Online,Completed,121.34,
502114,37,99,23,22,2025-07-30,2025-08-06,7,939.85,20,Card,In-Store,COMPLETED,0,
503827,537,11,24,12,2025-01-13,2025-01-15,7,4495.24,15,net banking,In-Store,Compeleted,0,Corporate order
504921,405,81,40,10,2024-09-07,2024-09-10,9,1801.8,50,net banking,Online,Returned,124.18,
502399,196,18,14,9,2025-04-09,2025-04-14,2,880.27,30,card,Online,Completed,129.45,
507309,379,83,31,1,2025-06-04,2025-06-12,7,2383.48,10,U.P.I,Online,completed,96.96,
501817,845,37,21,8,2024-07-02,2024-07-01,4,198.68,20,Upi,In-Store,Compeleted,0,Customer requested callback
508270,262,55,20,13,2026-02-25,2026-02-26,8,1749.03,50,CARD,In-Store,completed,0,Bulk order - verify stock
507701,455,3,11,16,2025-09-24,,4,4530.27,10,Card,Online,completed,107.65,Customer requested callback
507105,469,35,9,19,2024-05-23,2024-05-28,2,181.08,10,cash,Online,COMPLETED,127.33,
506914,104,15,26,19,2024-05-15,2024-05-24,2,1761.55,20,card,Online,completed,117.91,
508674,459,21,33,21,2024-08-28,2024-08-30,4,653.77,30,Debit Card,Online,COMPLETED,61.33,Loyalty discount applied manually
500904,642,126,6,12,2026-04-20,2026-04-22,5,575.69,20,cash,In-Store,completed,0,Bulk order - verify stock
504894,374,30,39,15,2024-04-19,2024-04-24,4,2662.19,30,card,Online,COMPLETED,97.14,
503615,761,58,14,18,2026-01-10,2026-01-19,5,2029.57,15,CARD,Online,Compeleted,37.93,Customer requested callback
503051,881,99,18,15,2024-02-08,2024-02-15,10,945.99,10,U.P.I,Online,Canceled,75.23,
502866,678,43,21,7,2024-05-28,2024-06-04,5,311.61,30,CASH,Online,Compeleted,84.55,Gift wrap requested
504264,993,54,35,13,2025-10-23,2025-10-25,9,333.83,15,Debit Card,Online,CANCELLED ,128.4,
500214,361,119,18,20,2024-03-03,2024-03-08,4,214.62,25,Debit Card,In-Store,COMPLETED,0,
506992,226,61,15,3,2024-04-16,2024-04-25,9,1049.47,25,NEFT,In-Store,COMPLETED,0,
508780,111,91,39,9,2024-11-29,2024-12-01,1,507.7,20,Credit Card,Online,completed,139.17,
505560,970,122,3,6,2025-08-16,2025-08-19,10,163.19,5,NetBanking,In-Store,COMPLETED,0,
506082,723,104,8,16,2025-12-22,2025-12-30,8,388.12,30,Card,In-Store,Completed,0,
506803,190,79,18,4,2024-09-12,2024-09-20,7,1144.08,10,cash,In-Store,Completed,0,Corporate order
501476,546,11,19,18,2026-01-29,2026-02-07,1,4821.98,30,Cash,Online,Returned,49.89,Bulk order - verify stock
507973,257,126,25,4,2024-08-30,2024-09-03,3,592.34,10,Debit Card,Online,Cancelled,82.1,Urgent delivery requested
506740,944,31,14,20,2025-10-28,2025-11-03,6,153.89,20,cash,Online,Completed,115.34,
507887,788,29,6,11,2025-06-29,2025-07-04,5,3026.65,15,card,Online,Compeleted,-81.96,
501751,255,103,11,5,2026-04-26,2026-05-05,5,629.06,30,NEFT,In-Store,cancelled,0,Gift wrap requested
503728,931,9,31,14,2024-11-16,2024-11-25,6,1221.26,15,Net Banking,Online,COMPLETED,115.76,
500786,219,98,22,7,2025-01-08,2025-01-15,1,2066.98,10,CASH,In-Store,Completed,0,Urgent delivery requested
503007,131,17,39,8,2025-10-11,2025-10-13,4,4357.04,10,Upi,In-Store,Completed,0,Corporate order
506199,482,74,37,6,2024-09-03,2024-09-06,8,1378.21,15,net banking,In-Store,Retuned,0,
508075,282,91,20,16,2026-05-27,2026-06-05,3,467.88,15,card,In-Store,Cancelled,0,
501411,891,10,6,1,2026-05-03,2026-05-07,5,721.81,15,Debit Card,Online,Pending,88.36,
505963,642,33,36,3,2024-07-12,2024-07-19,9,388.58,20,Card,Online,COMPLETED,53.89,Loyalty discount applied manually
503983,423,117,15,2,2026-01-04,2026-01-11,8,273.73,30,UPI,Online,COMPLETED,99.71,
504654,997,61,7,14,2025-02-23,2025-02-26,3,1141.55,30,Debit Card,In-Store,Completed,0,
504135,65,61,30,23,2024-10-18,2024-10-26,1,1116.46,25,Credit Card,Online,returned,92.32,
501627,863,110,3,7,2026-04-10,2026-04-16,6,246.77,10,net banking,Online,CANCELLED ,95.66,Urgent delivery requested
500990,488,24,40,12,2025-03-24,2025-03-28,6,4834.7,0,CARD,In-Store,Retuned,0,Urgent delivery requested
504492,757,122,24,23,2025-04-19,2025-04-28,4,172.54,0,card,In-Store,completed,0,Customer requested callback
502604,552,31,25,19,2025-03-16,2025-03-25,7,162.78,25,Upi,In-Store,Completed,0,Customer requested callback
507336,643,29,38,6,2024-05-08,2024-05-16,2,3098.3,20,Upi,Online,COMPLETED,93.6,
508262,611,110,25,12,2025-09-26,2025-10-04,3,250.6,30,Cash,Online,Compeleted,144.24,
509191,593,17,35,3,2026-03-14,2026-03-20,4,4295.28,5,net banking,In-Store,Compeleted,0,Gift wrap requested
501801,681,77,7,13,2024-12-05,2024-12-14,7,1412.39,5,upi,Online,pending,85.33,
508294,38,110,28,7,2024-01-20,2024-01-23,6,250.6,25,upi,In-Store,Completed,0,
508146,481,70,9,18,2025-09-04,2025-09-06,10,1843.32,10,net banking,In-Store,Completed,0,
504286,288,68,8,5,2024-02-08,2024-02-10,3,356.96,20,Card,In-Store,completed,0,Gift wrap requested
506482,721,46,12,5,2026-01-21,2026-01-30,8,319.13,10,NEFT,Online,COMPLETED,60.43,Bulk order - verify stock
500635,975,29,4,7,2025-03-04,2025-03-05,4,2840.5,30,Net Banking,In-Store,Compeleted,0,Loyalty discount applied manually
500555,998,67,37,6,2024-01-20,2024-01-26,6,1087.36,40,Cash,Online,Compeleted,47.39,
501235,725,26,1,7,2025-06-25,2025-06-26,4,3126.13,15,NetBanking,In-Store,completed,0,
507577,569,80,3,5,2024-04-14,2024-04-10,6,1294.21,5,card,Online,COMPLETED,51.63,Loyalty discount applied manually
506981,708,88817,11,12,2026-04-09,2026-04-14,3,1464.14,20,Net Banking,In-Store,Completed,0,Loyalty discount applied manually
502657,251,9,15,16,2025-09-10,2025-09-13,4,1178.17,25,net banking,Online,COMPLETED,145.51,
500373,522,13,3,1,2025-05-20,,5,4273.28,25,cash,Online,COMPLETED,144.56,Bulk order - verify stock
502345,150,55,36,2,2025-10-13,2025-10-20,7,1758.02,30,cash,Online,COMPLETED,93.09,Bulk order - verify stock
503461,,36,37,12,2026-04-27,2026-04-30,1,402.74,20,Credit Card,In-Store,cancelled,0,
501877,960,67,26,19,2025-11-20,2025-11-17,1,1044.94,10,Credit Card,Online,Completed,35.66,Corporate order
500342,864,90,13,19,2025-08-09,2025-08-12,8,1524.88,15,Net Banking,In-Store,Completed,0,
506432,728,20,39,12,2025-04-19,2025-04-21,4,3125.47,5,Cash,In-Store,Retuned,0,
502338,546,4,11,7,2025-08-23,2025-09-01,7,4367.8,20,CASH,Online,Completed,56.04,
509642,880,23,9,1,2024-03-17,2024-03-25,4,2022.67,25,Upi,Online,COMPLETED,47.48,
503601,655,21,22,20,2025-07-24,2025-07-25,10,618.28,30,Card,Online,PENDING,80.01,
502742,934,19,13,1,2024-02-22,2024-02-23,1,2559.46,45,Cash,In-Store,PENDING,0,
505773,147,75,19,10,2025-09-17,2025-09-21,6,1196.82,25,Debit Card,Online,returned,85.54,Urgent delivery requested
503132,703,26,9,2,2025-07-11,2025-07-14,3,3120.9,5,CARD,Online,Completed,34.44,Customer requested callback
507421,714,64,19,10,2024-10-25,2024-10-28,7,1312.55,10,CARD,Online,completed,66.77,Customer requested callback
503689,944,23,38,22,2026-06-23,2026-06-29,6,1937.67,10,NetBanking,In-Store,COMPLETED,0,
506202,86,35,13,4,2024-08-03,2024-08-10,4,189.32,5,Upi,Online,COMPLETED,99.24,
503771,935,35,35,3,2024-12-21,2024-12-28,10,186.24,20,card,Online,Compeleted,140.86,
503186,139,50,2,10,2026-05-31,2026-06-02,1,292.4,0,upi,Online,COMPLETED,137.05,Bulk order - verify stock
500464,831,63,23,18,2024-03-25,2024-04-03,8,1182.98,45,Card,In-Store,Completed,0,Loyalty discount applied manually
509369,922,8,10,10,2024-06-04,2024-06-13,9,2673.75,0,CASH,Online,completed,86.09,Customer requested callback
504431,300,71,30,20,2025-05-10,2025-05-11,2,599.85,20,UPI,Online,Completed,118.29,
501137,852,109,37,2,2025-12-19,2025-12-20,4,508.38,20,UPI,Online,completed,48.57,
507594,667,38,24,18,2025-12-11,2025-12-18,2,310.6,0,U.P.I,In-Store,Compeleted,-78.37,
502504,171,81,23,17,2024-09-21,2024-09-28,7,1707.02,5,Upi,In-Store,COMPLETED,0,
503684,633,14,26,9,2026-04-30,2026-05-09,9,4747.97,0,Debit Card,In-Store,COMPLETED,0,Customer requested callback
503596,706,87,36,19,2024-12-25,2025-01-01,0,1337.05,0,Credit Card,In-Store,COMPLETED,0,
508615,213,116,7,21,2024-12-20,2024-12-29,7,206.79,15,NEFT,Online,completed,75.5,
501824,721,119,10,12,2025-10-15,2025-10-16,1,219.73,30,card,In-Store,Compeleted,0,
502800,531,28,7,3,2025-02-21,2025-02-25,3,3994.84,30,UPI,Online,completed,63.77,
509143,430,114,7,1,2025-09-27,2025-09-29,9,203.2,25,Debit Card,In-Store,Returned,0,Loyalty discount applied manually
509305,2,102,19,15,2024-02-18,2024-02-26,1,1021.21,0,Cash,In-Store,CANCELLED ,0,Bulk order - verify stock
507998,955,126,2,21,2026-06-01,2026-06-10,2,557.33,10,Net Banking,In-Store,COMPLETED,0,
507995,470,23,2,12,2026-06-08,2026-06-11,6,1962.95,25,cash,Online,Compeleted,32.34,Urgent delivery requested
507106,396,117,11,13,2025-07-09,2025-07-18,2,278.88,25,UPI,Online,COMPLETED,32.38,
504544,699,65,7,13,2024-06-19,2024-06-21,5,1570.21,0,CARD,Online,Compeleted,58.75,
505846,691,97,4,16,2024-09-11,2024-09-15,6,1820.63,0,Cash,In-Store,Completed,0,Loyalty discount applied manually
505472,986,28,15,5,2024-02-10,2024-02-12,9,3774.4,0,upi,In-Store,completed,0,Gift wrap requested
509297,95,84,22,13,2024-08-06,2024-08-11,7,773.56,5,Debit Card,Online,completed,77.34,Loyalty discount applied manually
503380,11,60,19,5,2024-11-20,2024-11-29,3,1688.87,20,net banking,In-Store,Cancelled,0,
506274,517,17,4,14,2024-12-25,2024-12-30,1,3990.59,10,Card,Online,Canceled,136.06,Corporate order
506447,735,79,30,11,2025-12-21,2025-12-28,8,1188.07,30,Credit Card,Online,CANCELLED ,84.4,Corporate order
507048,967,52,20,9,2024-10-13,2024-10-16,7,377.98,5,Net Banking,In-Store,Compeleted,0,Urgent delivery requested
504002,123,111,28,4,2026-03-18,2026-03-27,8,628.13,10,CASH,In-Store,completed,0,
501202,498,57,14,2,2024-03-06,2024-03-08,6,1342.25,15,CARD,Online,Retuned,89.98,
509036,546,98,27,5,2026-04-22,2026-04-28,6,1981.17,30,NEFT,Online,Compeleted,78.8,
509796,761,75,17,15,2026-02-21,2026-02-25,7,1164.25,25,Card,Online,Completed,117.47,
500510,982,88,28,15,2025-01-12,2025-01-13,5,700.47,30,U.P.I,In-Store,Completed,0,
505996,363,102,17,21,2026-02-10,2026-02-11,3,1039.41,5,Credit Card,Online,Completed,79.79,
502324,826,106,37,16,2025-07-19,2025-07-28,10,659.22,25,U.P.I,Online,Returned,34.44,Customer requested callback
506540,342,114,1,1,2024-02-01,2024-02-02,10,203.04,0,NEFT,Online,Completed,53.34,Loyalty discount applied manually
500781,456,5,20,23,2024-10-03,2024-10-07,2,3610.36,10,cash,Online,completed,89.25,
508051,803,88,10,5,2024-03-07,,5,749.68,25,Net Banking,In-Store,Completed,0,
507399,108,6,3,14,2025-10-26,2025-10-27,4,1781.71,15,Cash,In-Store,Compeleted,0,
501856,819,42,15,11,2025-02-06,2025-02-10,9,86.7,30,Cash,Online,Completed,42.6,Gift wrap requested
508879,133,64,4,2,2025-03-22,2025-03-24,9,1394.73,10,NetBanking,Online,Retuned,81.33,
506884,959,120,32,6,2024-02-22,2024-02-24,2,160.16,15,CASH,Online,Pending,135.87,
500685,299,5,5,14,2025-12-25,2026-01-01,3,3499.65,20,Cash,Online,Completed,121.1,
504545,285,21,16,12,2024-05-27,2024-05-26,4,619.29,30,U.P.I,In-Store,CANCELLED ,0,
508960,565,57,31,9,2026-01-14,2026-01-20,1,1422.36,25,UPI,Online,Retuned,136.6,
507807,423,98,17,19,2024-06-03,2024-06-04,4,1970.22,30,cash,Online,Canceled,83.99,
501692,541,59,16,23,2026-04-04,2026-04-13,1,1023.06,10,CASH,Online,cancelled,46.54,Bulk order - verify stock
502608,643,28,28,24,2024-09-14,2024-09-17,3,4063.58,30,CASH,In-Store,COMPLETED,0,
503293,648,82,22,1,2024-11-15,2024-11-23,6,556.51,30,upi,Online,Cancelled,119.74,
503027,24,14,7,18,2024-09-01,2024-09-07,0,5123.76,20,cash,Online,Canceled,90.39,
502377,598,82,23,10,2024-10-27,2024-10-30,1,529.28,25,Debit Card,Online,Completed,80.37,Bulk order - verify stock
502128,411,44,16,22,2024-06-22,2024-06-23,2,416.5,25,NEFT,Online,Compeleted,49.88,
501549,268,50,19,15,2024-01-25,2024-01-27,1,297.66,10,upi,Online,Compeleted,75.5,
505045,841,113,20,10,2025-12-29,2026-01-06,1,246.3,20,Cash,Online,Returned,121.08,Customer requested callback
501513,693,122,20,23,2024-12-17,2024-12-23,10,168.49,25,Cash,In-Store,completed,0,Urgent delivery requested
508758,744,98,13,12,2025-09-14,2025-09-23,9,1928.24,15,Credit Card,Online,completed,89.51,
501796,708,56,17,14,2026-04-27,2026-05-01,1,947.44,15,CASH,In-Store,Retuned,0,
509126,112,62,40,21,2024-07-03,2024-07-04,7,859.65,15,Upi,In-Store,completed,0,Loyalty discount applied manually
507422,796,105,10,2,2026-04-19,2026-04-20,5,491.76,5,net banking,In-Store,cancelled,0,Loyalty discount applied manually
501682,431,54,3,10,2025-09-06,2025-09-11,1,332.73,0,U.P.I,In-Store,returned,0,
502409,594,14,2,23,2026-02-10,2026-02-14,10,4858.72,45,UPI,Online,COMPLETED,129.84,Gift wrap requested
503727,941,78,40,9,2025-04-23,2025-04-24,1,525.01,15,Cash,Online,returned,131.43,Urgent delivery requested
507374,439,60,6,13,2024-11-11,2024-11-16,9,1537.33,5,UPI,In-Store,Pending,0,Urgent delivery requested
504769,328,24,40,2,2024-05-24,2024-05-25,6,4734.67,5,Upi,In-Store,completed,0,
502414,826,8,10,24,2024-11-27,2024-12-06,5,2604.44,20,card,Online,Cancelled,33.88,
502349,334,19,10,8,2026-04-10,2026-04-18,2,2748.21,30,NetBanking,In-Store,Completed,0,Customer requested callback
501525,898,19,36,10,2024-01-08,2024-01-13,6,2806.74,15,UPI,Online,Retuned,105.53,Bulk order - verify stock
500731,657,100,20,16,2024-05-04,2024-05-11,8,533.73,10,net banking,In-Store,Returned,0,
507545,279,61,16,13,2024-01-01,2024-01-02,6,1058.03,30,Net Banking,Online,returned,62.28,
504584,957,59,2,3,2025-10-11,2025-10-13,4,1003.59,10,Debit Card,Online,PENDING,91.44,
500943,413,78,21,5,2024-03-26,,8,516.83,0,upi,In-Store,Completed,0,Urgent delivery requested
506373,420,37,21,18,2025-06-28,2025-07-07,1,207.75,30,cash,In-Store,completed,0,
507849,954,38,15,20,2024-12-14,2024-12-17,10,299.37,30,Card,In-Store,Pending,0,
507661,863,53,18,8,2026-02-27,2026-03-06,8,281.13,25,Upi,In-Store,pending,0,
509123,913,97,8,24,2024-09-17,2024-09-20,5,1753.53,25,Cash,In-Store,Pending,0,Urgent delivery requested
506059,935,30,3,17,2025-05-07,2025-05-15,3,2651.95,25,Upi,In-Store,Completed,0,
501264,441,93,23,9,2025-08-22,2025-08-24,1,401.88,20,Upi,In-Store,Completed,0,
505934,832,17,11,21,2025-05-10,,2,4319.23,15,Credit Card,In-Store,Compeleted,0,
508394,442,39,33,13,2025-05-27,2025-05-29,1,476.52,25,Debit Card,Online,Returned,121.56,
504370,714,75,18,12,2024-09-10,2024-09-12,9,1219.67,5,Cash,In-Store,Retuned,0,
505885,995,70,29,17,2024-02-04,2024-02-06,7,1926.22,15,Upi,In-Store,completed,0,
508597,186,28,28,9,2024-03-01,,6,3775.99,25,cash,Online,CANCELLED ,147.65,Gift wrap requested
501286,580,50,23,18,2024-03-07,,2,287.38,30,UPI,In-Store,Compeleted,0,Loyalty discount applied manually
501212,439,41,3,12,2025-01-09,2025-01-13,8,251.56,20,Debit Card,Online,Compeleted,61.18,
504397,240,94,39,3,2025-07-20,2025-07-28,10,1324.5,10,net banking,In-Store,COMPLETED,0,
504265,76,97,29,19,2024-08-01,2024-08-04,1,1861.48,10,CARD,Online,pending,54.21,
504875,628,112,15,18,2024-04-22,2024-04-27,7,539.46,30,Upi,Online,Pending,74.38,
502585,486,43,38,16,2025-08-05,2025-08-11,1,316.3,5,NetBanking,Online,completed,142.26,Corporate order
502212,949,74,11,8,2024-11-18,2024-11-23,3,1309.53,20,Upi,Online,completed,39.17,
502683,612,17,11,13,2025-07-07,2025-07-12,8,4307.81,0,net banking,Online,Completed,33.78,Bulk order - verify stock
509596,569,7,11,24,2024-08-06,2024-08-11,1,755.06,20,UPI,Online,Compeleted,100.41,Bulk order - verify stock
502795,937,30,18,19,2025-10-24,2025-10-29,7,2626.52,20,upi,In-Store,Completed,0,
502471,236,35,12,15,2025-05-02,2025-05-05,2,187.91,0,Upi,Online,PENDING,39.97,Customer requested callback
503680,332,122,29,15,2024-03-11,2024-03-17,8,161.73,30,Upi,In-Store,completed,0,Bulk order - verify stock
502182,506,104,21,21,2024-03-26,2024-03-28,7,388.52,0,Cash,In-Store,Completed,0,Urgent delivery requested
503899,368,5,32,14,2024-05-06,2024-05-12,10,3610.52,5,UPI,Online,completed,93.72,Urgent delivery requested
505175,28,100,5,2,2024-10-23,2024-10-30,9,494.57,0,upi,In-Store,pending,0,
508380,652,38,40,10,2025-09-21,2025-09-24,5,309.14,5,NEFT,In-Store,Compeleted,0,
506680,443,2,34,22,2024-05-04,2024-05-07,4,2999.12,25,card,Online,Cancelled,35.11,
509171,214,19,15,4,2024-10-31,2024-11-09,1,2553.21,30,Cash,Online,Returned,55.58,Customer requested callback
502525,177,49,5,12,2026-05-30,2026-06-01,7,176.28,25,net banking,Online,COMPLETED,63.07,
505889,45,33,19,14,2025-12-09,2025-12-10,6,389.74,15,upi,Online,Retuned,120.38,Corporate order
506302,650,119,38,3,2024-08-28,2024-08-29,7,216.43,10,card,Online,COMPLETED,94.27,Loyalty discount applied manually
504503,598,71,27,22,2025-08-05,2025-08-12,6,633.12,10,card,In-Store,Completed,0,Bulk order - verify stock
502750,817,10,18,6,2025-06-25,2025-07-02,6,773.43,0,UPI,Online,completed,118.58,
503393,32,81,22,13,2025-03-08,2025-03-10,8,1823.33,10,card,Online,Compeleted,39.29,
504270,534,5,10,19,2026-02-10,2026-02-15,6,3470.02,25,Debit Card,Online,completed,94.81,Bulk order - verify stock
501823,606,51,17,4,2026-01-27,,9,377.05,20,UPI,Online,Completed,-84.94,
504059,974,84,4,4,2025-04-22,2025-04-28,10,733.05,15,Credit Card,Online,Returned,60.03,
508392,543,113,5,5,2025-07-02,2025-07-10,7,228.2,25,cash,In-Store,Completed,0,Urgent delivery requested
507085,274,89,34,13,2025-02-28,2025-03-07,4,1718.23,10,cash,In-Store,Pending,0,
502207,197,110,35,1,2024-06-18,2024-06-22,7,244.31,20,cash,In-Store,Compeleted,0,
507570,916,84,25,4,2024-01-20,2024-01-25,9,734.68,20,net banking,In-Store,Completed,0,Corporate order
506455,48,67,14,24,2026-06-09,2026-06-18,8,1122.5,10,UPI,In-Store,COMPLETED,0,Urgent delivery requested
506156,809,88816,9,3,2026-04-26,2026-05-03,8,1706.33,25,Debit Card,In-Store,pending,0,Gift wrap requested
506990,412,96,10,20,2025-05-27,2025-06-01,1,1860.53,20,card,In-Store,Compeleted,0,Bulk order - verify stock
500485,402,93,36,13,2024-07-29,2024-08-05,2,383.6,15,Debit Card,In-Store,completed,0,Corporate order
507566,536,89,4,23,2025-01-05,2025-01-11,2,1752.55,25,cash,In-Store,Returned,0,Gift wrap requested
500511,750,97,38,2,2025-09-30,2025-10-02,6,1860.28,10,Debit Card,In-Store,cancelled,0,Urgent delivery requested
508068,82,11,27,8,2025-10-12,2025-10-19,6,4738.32,15,Cash,In-Store,Canceled,0,
503462,672,41,5,23,2025-04-23,2025-05-02,5,247.64,10,Net Banking,In-Store,Pending,0,
500984,,116,29,18,2024-04-29,2024-05-08,7,213.21,15,NEFT,Online,Completed,32,Urgent delivery requested
509708,752,93,4,20,2024-02-13,2024-02-18,8,378.26,5,Net Banking,Online,Retuned,52.62,
508035,666,76,13,1,2024-04-01,2024-04-04,4,1817.31,25,U.P.I,In-Store,COMPLETED,0,Customer requested callback
504341,449,35,38,19,2025-07-27,2025-08-01,4,174.4,20,NEFT,In-Store,Cancelled,0,Loyalty discount applied manually
504495,306,36,33,3,2025-07-30,2025-08-06,1,409.01,25,NetBanking,Online,Canceled,142.98,
507856,141,86,4,1,2024-01-19,2024-01-22,4,443.29,10,card,In-Store,pending,0,Gift wrap requested
502933,332,77,18,10,2026-02-11,2026-02-16,4,1514.32,15,upi,Online,Compeleted,77.96,
501908,810,31,40,5,2024-07-10,2024-07-12,6,155.79,15,Card,In-Store,COMPLETED,0,
504506,101,9,15,3,2026-02-25,2026-03-04,8,1221.72,25,Card,In-Store,Canceled,0,
502095,129,117,32,24,2025-06-18,2025-06-23,4,299.15,0,CASH,In-Store,COMPLETED,0,Bulk order - verify stock
506762,394,45,14,14,2024-09-16,2024-09-19,9,162.18,0,Net Banking,Online,completed,85.68,
508673,892,55,27,15,2026-02-03,2026-02-05,2,1647.89,20,U.P.I,In-Store,completed,0,
505936,430,64,40,6,2024-04-20,2024-04-28,9,1385.77,35,CASH,Online,COMPLETED,82.28,
503538,,86,28,19,2025-01-20,2025-01-25,1,468.85,45,Card,Online,Completed,114.63,Gift wrap requested
503815,886,13,3,11,2025-10-14,2025-10-20,4,4320,30,U.P.I,Online,Compeleted,50.23,
504363,975,38,28,13,2026-04-23,,2,312.99,30,CARD,Online,COMPLETED,59.69,Urgent delivery requested
508663,635,73,15,18,2025-06-18,2025-06-21,6,1087.11,15,cash,Online,cancelled,55.06,
506736,,115,37,3,2025-08-05,2025-08-09,3,337.2,0,Debit Card,Online,COMPLETED,83.48,
509251,773,13,28,9,2026-06-30,2026-07-03,3,4331.74,0,Cash,Online,completed,116.8,
502692,290,14,18,7,2026-05-03,2026-05-11,5,4801.75,0,NetBanking,In-Store,cancelled,0,Gift wrap requested
509848,8,38,13,2,2024-05-18,2024-05-24,6,319.76,15,Upi,In-Store,Completed,0,Gift wrap requested
505363,555,124,9,12,2024-01-05,2024-01-10,1,294.11,15,cash,Online,Retuned,140.48,
508191,619,88810,12,15,2024-12-02,2024-12-07,6,2261.58,15,Net Banking,In-Store,Completed,0,
501427,110,35,9,16,2026-01-17,2026-01-19,1,180.66,10,cash,Online,COMPLETED,78.92,
508621,141,87,28,9,2025-09-02,2025-09-03,5,1285,30,net banking,In-Store,Completed,0,
502268,901,87,29,9,2026-04-24,2026-04-29,3,1369.29,5,CASH,In-Store,Canceled,0,
506799,112,62,23,3,2026-05-25,2026-05-29,8,873.52,5,UPI,In-Store,Completed,0,Loyalty discount applied manually
501987,28,119,31,11,2024-02-13,2024-02-22,1,226,10,card,Online,COMPLETED,91.25,
506013,900,49,2,17,2025-10-14,2025-10-20,8,187.88,30,Cash,In-Store,COMPLETED,0,
500927,644,80,17,21,2024-02-04,2024-02-10,9,1371.35,25,upi,In-Store,PENDING,0,
502105,945,28,7,22,2024-06-22,2024-06-25,6,3909.07,15,Net Banking,In-Store,Returned,0,
500003,595,101,15,8,2025-08-22,2025-08-28,4,2250.28,20,cash,In-Store,COMPLETED,0,
502485,334,72,4,10,2026-06-05,2026-06-12,8,1233.43,0,cash,In-Store,Compeleted,0,
501899,152,88,39,5,2025-12-18,2025-12-26,4,697.06,25,Credit Card,Online,Compeleted,51.99,Urgent delivery requested
501710,886,84,29,4,2026-02-19,2026-02-16,3,710.94,0,NEFT,Online,PENDING,39.97,Gift wrap requested
509170,382,88813,34,10,2026-01-28,2026-02-06,4,2809.65,5,NEFT,Online,CANCELLED ,124.53,Loyalty discount applied manually
506660,55,89,31,4,2024-06-05,2024-06-09,4,1734.15,30,CASH,In-Store,Completed,0,Customer requested callback
506590,33,107,15,21,2024-11-16,2024-11-23,2,385.81,5,card,In-Store,Cancelled,0,Loyalty discount applied manually
505368,567,70,6,9,2024-09-21,2024-09-23,9,1921.48,30,net banking,In-Store,completed,0,Gift wrap requested
504669,895,16,35,18,2025-11-27,2025-12-01,3,2022.19,10,Upi,In-Store,Retuned,0,Corporate order
504407,914,6,22,24,2024-02-03,2024-02-08,8,1646.98,10,UPI,In-Store,COMPLETED,0,
502281,722,101,25,7,2025-11-19,2025-11-22,4,2305.5,0,Net Banking,In-Store,completed,0,Bulk order - verify stock
501735,210,98,9,10,2024-10-06,2024-10-14,6,2009.91,10,Cash,In-Store,PENDING,0,
509826,927,92,7,20,2024-08-15,2024-08-18,3,1763.51,25,Cash,In-Store,Completed,0,
501709,148,107,24,19,2026-02-07,2026-02-08,2,381.31,20,CASH,Online,COMPLETED,31.32,Bulk order - verify stock
504682,533,125,31,12,2025-08-24,2025-08-29,2,402.16,20,upi,In-Store,cancelled,0,
505612,628,85,26,23,2024-11-26,2024-11-30,4,890.08,25,U.P.I,Online,completed,29.73,
505858,405,119,32,9,2025-07-18,2025-07-25,6,212.67,0,upi,Online,Compeleted,70.14,
500393,431,43,36,8,2025-08-12,2025-08-14,1,289.4,25,CASH,In-Store,Compeleted,0,
508726,649,31,5,4,2025-02-22,2025-03-02,8,159.79,20,U.P.I,In-Store,Pending,0,
501493,585,1,4,24,2025-03-28,2025-04-03,4,2729.61,5,Debit Card,In-Store,Cancelled,0,Urgent delivery requested
506714,986,55,1,20,2024-02-26,2024-03-02,7,1763.32,25,Cash,In-Store,Cancelled,0,
506631,371,98,8,17,2025-12-17,2025-12-22,5,1897.24,15,Credit Card,Online,completed,30.72,
502496,491,41,15,12,2026-04-20,2026-04-26,10,249.76,35,Upi,Online,pending,127.82,
500596,454,117,21,11,2025-11-10,2025-11-19,6,282.89,30,NetBanking,In-Store,Retuned,0,Gift wrap requested
505101,149,82,1,22,2025-05-26,2025-05-30,0,541.48,30,Upi,In-Store,COMPLETED,0,Corporate order
505985,995,18,17,4,2025-01-10,2025-01-17,8,937.42,0,UPI,Online,Compeleted,121.54,
502140,311,13,28,22,2025-05-11,,5,4179.96,5,Net Banking,Online,COMPLETED,53.88,
507364,790,48,34,7,2025-04-02,2025-04-05,7,136.11,30,Upi,Online,Canceled,105.08,Gift wrap requested
504560,75,68,3,16,2025-09-23,2025-09-30,5,351.26,5,U.P.I,In-Store,COMPLETED,0,
501629,729,57,11,24,2026-02-24,2026-03-01,4,1362.3,0,upi,Online,Completed,88.51,
503307,374,120,18,22,2026-05-23,2026-06-01,5,150.85,10,upi,Online,returned,37.27,
508961,361,48,11,14,2026-05-18,,3,126.95,25,Debit Card,In-Store,returned,0,
506105,597,116,34,17,2024-10-30,2024-11-05,2,196.87,20,NEFT,In-Store,Retuned,0,
504568,892,66,18,1,2025-10-11,2025-10-13,2,1808.7,15,Debit Card,In-Store,COMPLETED,0,
509245,779,25,13,1,2026-04-05,2026-04-06,10,1504.56,5,Cash,Online,COMPLETED,75.04,
501326,415,88,9,9,2024-01-11,2024-01-20,4,766.82,25,Card,In-Store,Completed,0,Gift wrap requested
506131,308,52,29,5,2025-05-30,2025-06-08,4,391.12,5,CASH,Online,Canceled,74.61,
507087,206,67,30,7,2024-08-20,,3,1059.65,15,U.P.I,In-Store,completed,0,Loyalty discount applied manually
500409,118,12,5,10,2025-07-25,2025-08-02,8,479.62,5,Debit Card,In-Store,COMPLETED,0,Urgent delivery requested
504677,693,122,34,11,2026-01-10,2026-01-19,1,160.15,10,CARD,In-Store,Compeleted,0,Gift wrap requested
505848,663,78,30,19,2024-05-19,2024-05-28,3,522.15,10,Net Banking,In-Store,COMPLETED,0,
504228,122,21,11,13,2026-04-25,2026-04-29,1,650.11,20,Debit Card,In-Store,Compeleted,0,
504040,611,91,27,4,2025-01-10,2025-01-19,5,471.75,30,Card,Online,returned,92.72,Gift wrap requested
500689,563,84,11,6,2025-01-03,2025-01-05,5,712.09,0,net banking,Online,Canceled,65.48,
508149,759,106,14,23,2025-09-25,2025-10-04,5,690.23,10,Card,In-Store,Compeleted,0,
502396,439,23,23,7,2024-03-07,2024-03-13,1,2033.27,25,Net Banking,In-Store,Compeleted,0,
502165,487,47,33,2,2025-03-14,2025-03-18,8,117.49,0,UPI,Online,returned,55.25,
504474,413,81,38,22,2025-03-02,2025-03-11,8,1756.42,25,CASH,In-Store,COMPLETED,0,Gift wrap requested
507112,22,58,13,3,2026-01-20,2026-01-25,3,1946.63,20,Credit Card,In-Store,COMPLETED,0,Corporate order
502372,983,81,26,2,2025-03-08,2025-03-16,3,1717.26,40,CASH,In-Store,Completed,0,Customer requested callback
508479,639,100,17,15,2025-09-19,2025-09-26,9,510.1,15,NetBanking,Online,COMPLETED,33.55,
501438,999042,26,13,23,2024-03-22,2024-03-29,3,3155.69,10,NetBanking,In-Store,completed,0,
504929,459,83,4,20,2024-01-14,2024-01-19,9,2496.72,10,CARD,In-Store,completed,0,Gift wrap requested
509413,202,47,40,17,2024-11-15,2024-11-21,2,118.38,0,Upi,In-Store,Returned,0,Urgent delivery requested
509750,561,73,20,12,2024-03-18,2024-03-20,5,1071.83,20,Debit Card,Online,Compeleted,73.15,
506716,,82,6,17,2024-07-20,2024-07-23,5,551.29,10,U.P.I,In-Store,cancelled,0,Corporate order
507284,787,113,12,1,2026-02-09,2026-02-16,10,246.3,30,cash,Online,Completed,93.96,
500043,845,126,29,23,2024-06-07,2024-06-15,9,560.76,15,CARD,In-Store,completed,0,
505154,348,106,22,9,2025-03-14,2025-03-17,5,679.88,0,card,Online,Completed,140.95,Loyalty discount applied manually
507025,245,70,23,21,2024-11-27,2024-11-29,4,1834.59,5,U.P.I,In-Store,COMPLETED,0,
509493,733,84,6,22,2026-01-08,2026-01-15,2,735.37,20,CASH,Online,Completed,44.08,Corporate order
509655,530,30,7,4,2026-04-19,2026-04-22,6,2687.17,15,Upi,Online,PENDING,86.15,
504483,945,19,16,5,2024-03-30,2024-04-05,9,2780.47,20,CASH,In-Store,completed,0,Corporate order
508315,354,36,39,10,2025-10-19,2025-10-25,3,440.74,20,UPI,Online,completed,95.97,Loyalty discount applied manually
508460,425,63,28,11,2025-10-26,2025-10-30,1,1164.1,30,NEFT,In-Store,completed,0,Customer requested callback
508262,611,110,25,12,2025-09-26,2025-10-04,3,250.6,30,Cash,Online,Compeleted,144.24,
507730,920,2,37,5,2024-01-11,2024-01-14,10,2881.85,10,cash,Online,Completed,69.96,
508757,757,43,39,8,2024-05-29,,2,317.77,25,cash,Online,PENDING,44.32,Bulk order - verify stock
505118,605,49,38,16,2024-07-11,2024-07-15,3,186.94,30,Cash,In-Store,completed,0,
504907,518,42,28,8,2025-08-01,2025-08-07,8,83.6,25,CASH,In-Store,completed,0,Customer requested callback
508582,64,53,6,21,2024-07-20,2024-07-26,6,283.65,20,Net Banking,Online,completed,57.02,
504058,613,7,16,16,2025-02-19,2025-02-20,3,756.5,15,upi,In-Store,Completed,0,Corporate order
507260,71,112,22,6,2025-10-28,2025-10-31,5,570.66,15,net banking,In-Store,Returned,0,
500494,305,92,33,24,2024-07-16,2024-07-24,9,1814.03,20,Cash,In-Store,completed,0,
503354,770,101,5,13,2025-05-15,2025-05-22,8,2325.62,20,CASH,Online,COMPLETED,97.02,
505218,648,20,6,18,2025-02-22,2025-03-03,9,3011.63,0,Credit Card,Online,Compeleted,85.52,Customer requested callback
508014,27,44,1,11,2026-04-04,2026-04-13,2,440.16,10,Card,Online,Completed,68.18,
509534,407,117,2,7,2025-12-29,2026-01-03,5,283.53,20,cash,In-Store,COMPLETED,0,
507417,580,22,34,2,2024-10-01,2024-10-10,6,1322.95,50,Net Banking,In-Store,COMPLETED,0,
505164,927,89,16,9,2024-03-04,2024-03-09,3,1767.69,25,cash,In-Store,Returned,0,
504824,825,13,38,11,2025-11-27,2025-12-04,3,,25,card,In-Store,Completed,0,
506110,825,26,36,17,2026-03-27,2026-03-30,10,3138.4,10,card,In-Store,COMPLETED,0,
501276,548,33,37,23,2024-12-25,2024-12-26,8,379.91,20,card,In-Store,completed,0,
509381,858,13,11,10,2024-08-13,2024-08-22,2,4078.63,10,upi,In-Store,completed,0,Gift wrap requested
505579,306,35,32,17,2025-06-17,2025-06-24,4,183.57,10,NetBanking,In-Store,Compeleted,0,
500325,379,40,9,20,2024-08-18,2024-08-24,2,193.67,5,Credit Card,In-Store,Completed,0,Bulk order - verify stock
502906,817,51,25,9,2024-12-25,2024-12-20,5,382.53,0,upi,Online,Canceled,117.64,
502412,685,1,24,5,2025-03-15,2025-03-24,1,2801.17,0,U.P.I,Online,Returned,144.25,
503958,839,26,3,24,2025-03-17,2025-03-21,8,3092.64,10,CARD,In-Store,Retuned,0,Loyalty discount applied manually
504604,398,32,4,4,2025-01-27,2025-02-04,6,107.66,30,U.P.I,Online,returned,97.41,
502148,836,42,35,23,2024-02-19,2024-02-25,1,84.68,15,Upi,In-Store,cancelled,0,Gift wrap requested
504814,507,90,20,6,2026-04-06,2026-04-09,5,1558.8,15,cash,Online,completed,109.38,Corporate order
505176,350,17,5,12,2025-06-05,2025-06-07,3,4139.86,5,Net Banking,In-Store,Compeleted,0,
502008,11,30,39,5,2024-04-04,2024-04-05,9,2861.59,10,Cash,Online,Retuned,106.04,Urgent delivery requested
506445,296,63,13,11,2025-04-25,2025-04-26,9,1164.14,30,NetBanking,Online,returned,50.62,Customer requested callback
509791,879,98,3,3,2024-05-06,2024-05-14,3,2065.83,0,net banking,Online,Completed,78.25,
503233,7,97,3,13,2026-04-11,2026-04-13,2,1864.99,0,NEFT,In-Store,CANCELLED ,0,
502376,519,101,5,15,2025-10-06,2025-10-09,4,2316.9,10,card,In-Store,Completed,0,Customer requested callback
502931,83,104,8,2,2024-06-18,2024-06-13,3,395.48,10,CARD,In-Store,Compeleted,0,
504461,924,7,8,9,2024-01-22,2024-01-29,6,744.96,10,Card,In-Store,Completed,0,
506541,468,38,40,2,2024-07-09,2024-07-16,7,298.17,5,card,In-Store,CANCELLED ,0,Urgent delivery requested
509641,752,123,29,2,2024-04-20,2024-04-23,9,395.9,0,Debit Card,Online,returned,144.88,
502878,387,22,1,6,2024-11-04,2024-11-11,10,1341.39,30,cash,In-Store,pending,0,
502385,319,5,14,11,2026-06-23,2026-06-25,2,3573.89,10,net banking,In-Store,completed,0,
503550,158,46,29,17,2025-06-23,2025-06-27,5,309.29,10,Credit Card,Online,Completed,147.95,
504528,712,39,2,7,2026-01-27,,10,488.15,0,cash,In-Store,PENDING,0,Gift wrap requested
502921,663,31,3,2,2025-12-09,2025-12-11,6,153.79,25,Upi,Online,Compeleted,78.97,
504594,279,4,15,13,2024-11-04,2024-11-07,9,4100.14,10,upi,Online,Canceled,60.54,Loyalty discount applied manually
506743,949,21,29,20,2024-02-11,2024-02-19,2,665.74,25,UPI,Online,Compeleted,76.62,Bulk order - verify stock
500717,176,74,8,17,2026-03-05,2026-03-14,8,1348.45,5,Upi,Online,PENDING,65.86,
500486,345,56,35,10,2024-12-05,2024-12-13,1,948.06,15,card,In-Store,Compeleted,0,
501910,865,69,17,11,2026-04-22,2026-04-30,4,1095.95,30,Cash,Online,COMPLETED,93.57,Bulk order - verify stock
508070,972,105,5,24,2025-09-09,2025-09-10,4,483.88,5,Card,In-Store,Cancelled,0,Loyalty discount applied manually
504068,99,55,34,14,2025-12-05,2025-12-12,1,1626.58,5,U.P.I,In-Store,completed,0,
501098,366,73,23,1,2024-05-05,2024-05-11,3,1083.2,30,CASH,In-Store,returned,0,Corporate order
503409,926,28,23,6,2026-06-03,2026-06-11,1,3787.37,0,Card,Online,Completed,81.25,Corporate order
502285,282,67,7,1,2024-12-20,2024-12-25,4,1024.81,30,Debit Card,Online,cancelled,144.4,
509763,153,62,34,11,2025-01-15,2025-01-17,1,849.41,15,NEFT,Online,Returned,72.84,
505488,877,100,12,7,2025-11-21,2025-11-17,8,488.95,0,UPI,In-Store,returned,0,
503234,72,5,23,1,2024-01-24,2024-01-31,2,3573.23,10,Cash,Online,completed,78.99,Urgent delivery requested
505050,483,102,9,2,2026-03-02,2026-03-04,8,974.46,10,net banking,In-Store,completed,0,Bulk order - verify stock
504271,840,17,16,16,2025-01-01,2025-01-03,7,4110.39,20,net banking,Online,returned,80.92,Urgent delivery requested
505069,111,29,9,4,2025-12-21,2025-12-26,4,2857.46,25,card,Online,Canceled,38.66,
508846,304,36,18,6,2025-03-17,2025-03-20,7,415.86,0,NEFT,Online,Completed,80.22,Gift wrap requested
501148,981,73,17,20,2024-07-09,2024-07-12,7,1060.5,25,cash,In-Store,returned,0,
502966,439,9,28,23,2024-05-27,2024-05-31,8,1206.89,20,card,Online,pending,139.54,
504836,952,122,9,11,2024-01-24,2024-02-01,2,160.36,20,NEFT,In-Store,Compeleted,0,
500104,402,98,16,10,2025-09-07,2025-09-11,6,2046.92,25,upi,Online,completed,63.08,Corporate order
504720,508,93,4,19,2025-11-24,2025-12-01,10,404.37,25,Debit Card,In-Store,Compeleted,0,Customer requested callback
500934,442,60,38,8,2024-05-16,2024-05-21,4,1637.72,25,cash,In-Store,completed,0,
504498,977,108,16,4,2025-09-03,2025-09-07,1,168.91,20,UPI,Online,cancelled,58.6,Loyalty discount applied manually
502613,446,90,26,19,2025-01-07,2025-01-09,3,1543.83,0,Credit Card,In-Store,Compeleted,0,Urgent delivery requested
501561,,126,7,19,2025-09-06,2025-09-09,8,557.64,30,NEFT,In-Store,Completed,0,
507841,777,32,7,3,2025-04-02,2025-04-10,9,104.28,15,Cash,In-Store,Completed,0,Loyalty discount applied manually
507438,481,42,14,3,2024-11-12,2024-11-17,4,81,5,Net Banking,In-Store,completed,0,
502918,733,30,21,17,2026-06-20,2026-06-29,7,2631.92,20,Upi,In-Store,Completed,0,Corporate order
502181,762,19,11,2,2024-01-15,2024-01-20,7,2549.35,15,Net Banking,In-Store,Compeleted,0,
501975,943,44,40,17,2024-11-11,2024-11-13,2,449.28,30,upi,In-Store,cancelled,0,
501193,234,8,34,15,2024-08-11,2024-08-12,4,2773.42,25,CASH,Online,CANCELLED ,69.48,Gift wrap requested
504367,107,107,7,5,2025-01-30,2025-02-08,5,365.18,25,CASH,In-Store,completed,0,
502642,965,95,15,20,2024-02-16,2024-02-23,4,665.5,45,NetBanking,Online,Completed,41.33,Urgent delivery requested
505343,335,125,22,5,2025-01-25,2025-01-31,5,414.8,15,cash,Online,Cancelled,87.5,
503351,197,116,40,23,2025-07-12,2025-07-20,8,202.71,20,CASH,In-Store,Compeleted,0,
504152,297,99,20,19,2024-11-21,2024-11-23,7,994.5,0,NetBanking,Online,Completed,73.76,Corporate order
500470,393,105,28,23,2024-07-16,2024-07-24,8,469.27,10,net banking,Online,returned,-50.73,
500726,,43,8,9,2024-07-29,2024-08-06,6,291.11,30,net banking,Online,Completed,128.98,
500648,565,40,39,4,2026-04-14,2026-04-18,5,189.22,25,Net Banking,In-Store,Retuned,0,Urgent delivery requested
501175,264,94,17,4,2024-10-26,2024-10-28,9,1349.66,15,upi,Online,completed,122.01,
504966,26,92,10,12,2026-02-26,2026-03-04,3,1812.53,0,card,Online,COMPLETED,49.6,
506600,18,105,7,22,2025-09-03,2025-09-05,5,459.26,20,CASH,In-Store,COMPLETED,0,
504477,272,60,16,23,2024-04-20,2024-04-24,7,,15,card,Online,COMPLETED,86.85,Gift wrap requested
500979,33,13,15,9,2024-12-29,2025-01-06,6,4303.42,10,upi,In-Store,returned,0,Bulk order - verify stock
503685,997,7,37,16,2026-04-23,2026-04-28,7,730.23,20,net banking,In-Store,Compeleted,0,
509039,589,19,38,18,2024-11-17,2024-11-22,5,2771.62,10,Credit Card,Online,COMPLETED,34.68,Corporate order
501470,957,60,8,24,2025-06-21,2025-06-24,3,1613.04,25,net banking,In-Store,completed,0,
505558,641,119,25,18,2024-03-06,2024-03-15,10,226.01,0,Card,Online,Returned,65.86,
502558,679,45,1,19,2025-10-22,2025-10-27,4,154,5,U.P.I,In-Store,completed,0,
508708,870,71,9,7,2024-11-14,2024-11-16,1,608.15,20,Cash,In-Store,COMPLETED,0,
502137,244,94,39,21,2026-05-23,2026-06-01,4,1338.39,20,CARD,Online,Compeleted,40.32,
503169,232,98,9,23,2024-02-23,2024-03-03,5,1954.86,10,UPI,In-Store,completed,0,
508880,484,48,9,19,2024-07-30,2024-08-07,2,127.3,10,U.P.I,In-Store,CANCELLED ,0,Corporate order
501314,992,24,37,14,2025-12-29,2025-12-30,9,4768.92,5,Credit Card,In-Store,Completed,0,Loyalty discount applied manually
501157,5,107,26,8,2024-08-05,2024-08-14,3,365.81,0,Debit Card,Online,Canceled,36.77,Customer requested callback
506521,482,51,28,22,2025-11-26,2025-12-05,2,371.91,15,cash,In-Store,CANCELLED ,0,
506705,165,3,34,23,2025-08-04,2025-08-12,10,4453.36,30,Net Banking,In-Store,completed,0,Gift wrap requested
503009,397,120,4,11,2024-08-02,2024-08-10,4,156.43,15,cash,In-Store,Returned,0,
508964,960,70,26,23,2024-05-08,2024-05-16,7,1917.74,15,U.P.I,Online,COMPLETED,89.07,Urgent delivery requested
508619,873,65,2,23,2024-09-28,2024-10-02,4,1587.63,15,CASH,In-Store,completed,0,
504949,164,39,16,24,2024-01-12,2024-01-13,8,517.99,15,cash,Online,Compeleted,144.56,
507974,551,2,27,1,2026-05-06,,5,2825.44,15,Debit Card,In-Store,Compeleted,0,Customer requested callback
509798,,31,23,12,2024-10-09,2024-10-16,1,156.51,15,Cash,In-Store,Compeleted,0,
503951,268,59,27,4,2026-04-12,2026-04-21,9,1024.93,0,Credit Card,Online,Completed,64.84,Urgent delivery requested
501083,,56,14,18,2024-02-02,2024-02-08,3,878.06,20,Net Banking,Online,PENDING,82.8,
502079,753,42,40,11,2025-07-19,2025-07-27,10,86.11,5,CASH,In-Store,cancelled,0,Corporate order
507110,72,28,17,1,2026-01-23,2026-01-29,3,4108.44,45,Net Banking,In-Store,Compeleted,0,
506745,201,55,24,4,2026-05-12,2026-05-20,1,1679.64,0,NEFT,Online,cancelled,119.14,Bulk order - verify stock
508354,615,98,6,20,2025-10-31,2025-11-06,8,2082.9,0,Net Banking,In-Store,completed,0,
504390,238,23,15,12,2025-10-21,2025-10-28,6,2003.22,40,upi,In-Store,returned,0,Corporate order
506934,10,50,30,6,2025-05-25,2025-05-30,7,278.61,10,Upi,In-Store,COMPLETED,0,
506328,307,22,40,23,2024-07-24,2024-07-30,5,1317.59,0,Credit Card,Online,Completed,75.28,
508011,24,104,40,9,2024-06-11,2024-06-19,10,386.33,20,cash,Online,COMPLETED,98.41,Customer requested callback
505983,683,102,38,2,2024-05-30,2024-05-31,5,1005.8,25,U.P.I,In-Store,completed,0,
506910,316,124,7,14,2025-12-11,2025-12-16,8,282.4,0,CASH,In-Store,COMPLETED,0,Gift wrap requested
509145,511,124,28,18,2024-06-21,2024-06-26,10,286.76,0,Debit Card,In-Store,COMPLETED,0,
504396,670,88,35,20,2025-05-20,2025-05-29,8,721.4,10,Upi,Online,Canceled,106.21,
501938,827,50,12,18,2026-06-27,2026-07-02,5,291.41,0,CARD,In-Store,Compeleted,0,Gift wrap requested
506704,81,87,15,9,2025-04-27,2025-05-02,1,1367.04,5,CASH,In-Store,Cancelled,0,
503579,794,100,3,2,2025-02-09,2025-02-18,5,512.52,20,UPI,In-Store,returned,0,
505884,808,6,37,22,2024-09-11,2024-09-15,4,1688.34,5,NEFT,In-Store,Compeleted,0,
501353,692,89,11,7,2024-04-25,2024-04-30,3,1764.23,10,Credit Card,In-Store,Compeleted,0,
502154,238,70,5,21,2025-06-06,2025-06-11,8,1813.84,20,cash,In-Store,CANCELLED ,0,Urgent delivery requested
506383,621,105,7,15,2024-06-22,2024-06-26,9,467.83,5,upi,Online,Completed,66.81,Bulk order - verify stock
504681,243,95,40,5,2026-01-08,2026-01-17,5,671.9,0,Cash,Online,Compeleted,148.76,
507900,,112,4,4,2026-02-21,2026-02-24,3,527.19,5,U.P.I,In-Store,COMPLETED,0,
502535,617,42,2,8,2025-11-10,2025-11-15,10,88.79,0,Net Banking,In-Store,pending,0,
508367,71,68,16,6,2025-12-23,2026-01-01,4,379.58,25,cash,Online,Completed,29.59,Customer requested callback
509814,999036,54,11,21,2024-09-25,2024-09-30,3,305.92,20,Card,Online,Compeleted,107.24,
509536,431,36,12,8,2024-05-22,2024-05-31,10,438.11,30,Cash,In-Store,Compeleted,0,
508538,233,89,40,14,2024-09-18,2024-09-26,6,1720.56,10,NEFT,Online,Cancelled,46.32,Customer requested callback
507376,552,71,15,14,2024-07-31,2024-08-07,3,601.96,15,UPI,In-Store,Completed,0,Customer requested callback
500011,795,76,35,2,2024-09-07,2024-09-16,8,1730.88,35,Card,In-Store,Compeleted,0,
501793,768,110,40,19,2024-12-01,2024-12-05,8,237.02,5,Upi,Online,COMPLETED,123.09,Corporate order
504835,387,92,8,4,2025-07-01,2025-07-03,1,1878.66,25,Net Banking,In-Store,PENDING,0,Urgent delivery requested
505285,119,75,27,13,2024-07-16,2024-07-24,3,1205.57,20,cash,Online,cancelled,44.86,Gift wrap requested
502703,862,44,14,5,2024-06-30,2024-07-08,8,429.87,0,Debit Card,In-Store,Completed,0,
506636,449,13,11,7,2025-10-01,2025-10-06,7,4150.47,30,card,Online,Completed,69.15,
506281,250,77,26,1,2025-05-20,2025-05-22,4,1526.94,15,Credit Card,In-Store,completed,0,
503387,737,49,25,5,2025-05-15,2025-05-20,8,186.66,15,NEFT,Online,Canceled,83.71,Loyalty discount applied manually
501978,339,89,32,15,2025-05-17,2025-05-25,4,1750.72,5,Cash,Online,COMPLETED,41.39,
501006,69,44,39,14,2024-09-18,2024-09-26,7,441.84,0,card,In-Store,COMPLETED,0,Corporate order
506999,132,74,39,14,2024-06-01,2024-06-06,1,1381.6,30,Credit Card,In-Store,returned,0,Urgent delivery requested
503064,414,7,1,7,2024-03-18,2024-03-19,6,730.54,15,CARD,In-Store,COMPLETED,0,
505064,12,30,16,18,2024-10-18,2024-10-26,1,2778.71,5,net banking,Online,completed,89.96,
507124,709,110,30,7,2026-01-04,2026-01-13,7,245.64,30,net banking,In-Store,COMPLETED,0,
508561,617,51,30,17,2025-01-23,2025-01-30,4,392.25,15,Cash,Online,Compeleted,138.79,Corporate order
503501,155,101,37,18,2025-04-29,2025-05-04,5,2144.69,5,net banking,In-Store,Completed,0,Corporate order
503804,253,77,10,5,2025-08-17,2025-08-19,5,1406.98,0,card,Online,COMPLETED,65.37,Corporate order
500567,135,79,24,17,2025-01-05,2025-01-08,7,1171.53,25,NetBanking,Online,Completed,135.3,Urgent delivery requested
501028,444,55,15,22,2024-02-02,2024-02-11,6,1674.79,25,net banking,In-Store,Pending,0,
503183,699,76,21,2,2026-06-01,2026-06-02,7,1721.97,10,U.P.I,Online,completed,116.32,Urgent delivery requested
509329,202,43,40,16,2025-01-04,2025-01-11,2,297.46,20,upi,In-Store,Compeleted,0,
502322,222,116,1,22,2025-07-30,2025-07-31,7,200.75,5,Upi,In-Store,PENDING,0,
506009,894,102,21,14,2026-06-01,2026-06-08,4,1039.28,0,Upi,Online,pending,30.02,Customer requested callback
509678,816,14,12,17,2024-02-01,2024-02-07,6,4913.54,25,U.P.I,Online,Completed,30.67,
505126,807,86,26,3,2026-06-12,2026-06-17,5,458.11,10,cash,In-Store,Retuned,0,Customer requested callback
502242,617,68,4,4,2024-05-12,2024-05-18,3,359.22,10,upi,In-Store,Completed,0,
500794,389,72,37,13,2024-04-16,2024-04-18,3,1248.26,15,net banking,Online,returned,104.62,
500225,200,104,4,9,2026-03-27,2026-04-04,7,374.64,20,NetBanking,In-Store,CANCELLED ,0,
506449,835,69,23,14,2024-09-28,2024-10-01,1,1054.18,25,UPI,In-Store,completed,0,Customer requested callback
500774,442,26,27,10,2026-01-28,2026-01-30,4,3267.33,20,Net Banking,Online,COMPLETED,110.22,
505676,780,96,3,21,2026-04-28,2026-05-07,6,1963.33,15,Debit Card,Online,CANCELLED ,41.93,
500954,277,78,23,18,2025-07-18,2025-07-27,7,526.51,0,U.P.I,Online,Returned,134.03,Loyalty discount applied manually
503276,34,34,30,9,2025-07-08,2025-07-16,7,150.22,30,Credit Card,In-Store,PENDING,0,
503712,404,3,21,3,2024-02-19,2024-02-22,1,4542.99,20,NEFT,Online,completed,59.14,
504413,794,114,16,9,2026-04-16,2026-04-18,5,187.62,20,CASH,In-Store,pending,0,
503231,54,106,38,22,2026-02-17,2026-02-25,2,716.73,25,Upi,In-Store,completed,0,
502850,481,83,40,6,2026-02-23,2026-03-03,9,2287.51,10,CASH,Online,completed,68.39,Gift wrap requested
500201,344,100,18,16,2024-11-12,2024-11-17,8,518.43,0,Upi,In-Store,completed,0,
500866,86,18,24,15,2024-08-26,2024-08-30,4,915.61,5,cash,Online,Compeleted,82.18,Urgent delivery requested
507225,711,34,5,6,2026-04-03,2026-04-09,7,153.04,25,Cash,In-Store,COMPLETED,0,
506402,37,67,2,14,2024-05-09,2024-05-15,9,1022.24,15,upi,Online,pending,92.48,Loyalty discount applied manually
500500,469,33,12,14,2024-06-19,2024-06-24,2,398.94,25,CASH,Online,COMPLETED,51.33,Gift wrap requested
502384,357,82,17,16,2025-10-28,2025-10-30,1,527.43,15,Net Banking,In-Store,completed,0,Customer requested callback
501924,689,15,24,19,2025-11-01,2025-11-03,7,1737.88,30,Cash,In-Store,COMPLETED,0,Corporate order
502886,804,93,34,16,2024-05-25,2024-05-30,5,368.91,5,CASH,Online,COMPLETED,72.35,
505818,117,89,27,13,2025-02-12,2025-02-15,1,1815.09,10,Cash,Online,Compeleted,111.36,Loyalty discount applied manually
502104,951,104,5,5,2024-04-18,2024-04-19,2,392.57,25,Credit Card,In-Store,completed,0,Customer requested callback
502926,364,60,25,5,2025-12-30,2026-01-01,5,1630.28,5,CARD,In-Store,Completed,0,Bulk order - verify stock
509719,191,25,25,3,2024-09-24,2024-10-03,9,1488.06,25,UPI,In-Store,Retuned,0,
507747,,67,17,20,2024-03-28,2024-04-04,4,1044.91,5,Card,Online,Completed,103.82,
504103,,36,14,17,2024-07-24,2024-07-29,5,427.72,10,Cash,In-Store,Completed,0,
507820,451,29,4,15,2025-07-05,2025-07-10,4,2921.87,10,net banking,Online,Compeleted,67.27,Customer requested callback
501298,296,120,3,10,2025-06-03,2025-06-10,6,162.72,20,Debit Card,In-Store,Pending,0,Gift wrap requested
507395,999001,107,7,24,2025-12-10,2025-12-19,3,381.03,15,upi,Online,Compeleted,144.44,
503772,215,110,37,6,2026-01-18,2026-01-21,4,238.56,15,cash,Online,Compeleted,115.19,
501122,345,56,34,21,2024-09-09,2024-09-11,3,947.65,25,Cash,Online,COMPLETED,72.44,Bulk order - verify stock
502683,612,17,11,13,2025-07-07,2025-07-12,8,4307.81,0,net banking,Online,Completed,33.78,Bulk order - verify stock
509076,525,18,38,24,2026-01-12,2026-01-21,8,864.67,30,card,In-Store,Compeleted,0,
504312,122,30,11,13,2026-05-07,2026-05-16,1,2862.3,15,NEFT,Online,Completed,98.05,
509203,77,57,14,18,2024-06-21,,9,1393.7,15,Debit Card,Online,Compeleted,100.73,
505322,779,77,18,11,2024-03-25,2024-03-30,8,1519.85,35,U.P.I,In-Store,COMPLETED,0,Corporate order
500964,228,63,35,17,2025-11-28,2025-12-02,1,1247.33,25,net banking,Online,Compeleted,117.7,Urgent delivery requested
508173,978,69,36,21,2026-02-17,2026-02-21,2,1088.62,30,U.P.I,In-Store,Compeleted,0,
504240,39,21,38,8,2025-01-09,,8,655.24,5,UPI,Online,completed,74.76,
507823,88,105,7,1,2024-07-30,2024-08-01,2,452.57,5,NEFT,Online,completed,56.77,
506574,865,109,27,10,2024-07-26,2024-07-29,4,509.81,5,NEFT,Online,Returned,120.07,Urgent delivery requested
506635,209,93,11,16,2024-08-13,,3,404.56,10,CARD,Online,CANCELLED ,129.34,Urgent delivery requested
500536,100,106,9,18,2026-01-01,2026-01-10,10,708.28,20,Credit Card,In-Store,PENDING,0,Bulk order - verify stock
503018,161,75,38,4,2024-02-20,2024-02-21,1,1162.63,10,Cash,In-Store,Compeleted,0,
501480,419,112,23,12,2026-01-29,2026-01-30,6,530.94,30,Credit Card,Online,cancelled,141.33,
502841,687,68,20,8,2025-12-29,2025-12-31,6,351.23,20,U.P.I,In-Store,Completed,0,Urgent delivery requested
503653,808,7,33,24,2025-01-14,2025-01-20,3,712.28,15,net banking,In-Store,Completed,0,
507524,595,104,33,16,2025-08-13,2025-08-15,5,389.82,15,Debit Card,Online,completed,44.17,Corporate order
508564,954,60,27,4,2024-07-31,2024-08-04,4,1631.18,20,Cash,In-Store,Completed,0,Customer requested callback
509130,818,28,7,12,2024-03-05,2024-03-09,3,3955.18,0,upi,Online,COMPLETED,110.95,Loyalty discount applied manually
506193,465,52,7,18,2024-11-07,2024-11-08,1,372.79,5,U.P.I,Online,completed,141.42,Customer requested callback
506208,420,38,19,17,2024-12-11,2024-12-12,2,295.35,5,Card,Online,CANCELLED ,113.72,
507355,31,41,17,10,2025-11-30,2025-12-03,6,242.54,30,CARD,In-Store,Completed,0,
503083,725,60,16,12,2025-04-21,2025-04-24,9,1607.76,25,NetBanking,Online,Completed,132.56,
507874,975,29,21,12,2026-03-29,2026-04-07,8,3084.33,5,NetBanking,In-Store,Canceled,0,
503410,391,34,8,23,2024-01-02,2024-01-07,4,145.67,0,card,In-Store,cancelled,0,
505173,222,125,1,18,2025-01-18,2025-01-19,3,392.12,45,Card,In-Store,completed,0,
504203,797,5,15,21,2025-02-03,2025-02-07,6,3430.14,45,UPI,In-Store,Compeleted,0,
503666,26,78,40,22,2025-04-29,2025-05-01,6,522.91,25,Card,Online,Completed,47.94,
503112,566,33,11,11,2026-03-07,2026-03-08,8,370.63,10,cash,Online,Completed,46.98,
506169,19,77,17,12,2025-12-15,2025-12-21,2,1442.23,15,CASH,In-Store,completed,0,
503238,574,112,21,8,2025-12-26,2026-01-03,10,539.03,30,CARD,In-Store,Canceled,0,
500358,723,43,15,3,2025-06-01,2025-06-07,-3,299.74,25,UPI,Online,completed,32.25,
504143,106,60,28,15,2025-11-30,2025-12-05,3,1635.91,25,CASH,Online,completed,101.77,Loyalty discount applied manually
503688,742,10,1,7,2024-10-23,2024-10-26,8,748.42,15,UPI,Online,completed,46.33,Customer requested callback
504010,311,13,26,14,2024-08-11,2024-08-16,8,4118.68,5,CARD,In-Store,Compeleted,0,Bulk order - verify stock
509256,252,50,32,20,2024-12-25,2025-01-03,1,288.08,5,Cash,Online,completed,44.25,
506111,196,64,16,17,2024-02-12,2024-02-15,6,1321.4,20,Credit Card,In-Store,completed,-77.27,
501348,848,51,9,18,2024-11-14,2024-11-23,10,392.09,25,Card,In-Store,Compeleted,0,
508224,901,51,7,18,2025-07-11,2025-07-20,3,381.87,30,NEFT,Online,COMPLETED,-72.82,
501135,743,67,15,8,2025-06-25,2025-07-03,1,1091.16,15,Card,In-Store,completed,0,Loyalty discount applied manually
506244,486,112,15,10,2024-10-21,2024-10-24,6,578.8,20,CASH,Online,COMPLETED,84.07,Urgent delivery requested
503981,6,66,34,21,2024-02-16,2024-02-25,4,1842.69,50,upi,Online,Completed,106.52,Urgent delivery requested
506018,976,78,21,22,2025-07-06,2025-07-08,9,497.59,30,card,In-Store,Canceled,0,
507658,701,74,5,21,2025-10-23,2025-10-29,4,1356.62,0,upi,In-Store,completed,0,
509380,514,25,31,20,2025-01-10,2025-01-17,4,1498.82,30,Upi,Online,Compeleted,77.48,
506324,388,48,27,6,2025-07-21,2025-07-23,3,132.14,0,Debit Card,Online,Compeleted,36.57,
504633,799,87,2,21,2026-02-02,2026-02-08,8,1290.12,20,Debit Card,In-Store,COMPLETED,0,
504526,497,113,7,8,2025-01-17,2025-01-22,8,240.55,25,Debit Card,In-Store,Retuned,0,
505354,154,66,6,17,2024-12-08,2024-12-10,5,1754.37,25,CARD,In-Store,COMPLETED,0,Urgent delivery requested
505406,546,112,30,19,2025-08-10,2025-08-18,4,563.85,15,Upi,Online,Canceled,99.92,
506092,221,121,21,6,2025-09-04,2025-09-10,6,526.84,30,CASH,Online,cancelled,29.6,
509805,118,53,19,16,2024-10-09,2024-10-16,10,282.37,15,NetBanking,In-Store,COMPLETED,0,
509473,87,103,25,19,2026-04-09,2026-04-17,5,626.68,20,cash,Online,returned,55.71,
504088,65,80,3,21,2024-01-17,2024-01-23,4,1382.16,0,NEFT,Online,CANCELLED ,134.12,
504701,434,40,8,4,2026-03-09,2026-03-11,6,194.08,30,U.P.I,Online,COMPLETED,41.51,
505911,609,53,30,4,2026-05-16,2026-05-19,4,274.29,20,Upi,In-Store,COMPLETED,0,
506862,561,120,16,23,2024-04-08,2024-04-12,8,159.75,30,net banking,Online,CANCELLED ,109.79,Urgent delivery requested
503213,897,20,22,3,2026-01-31,2026-02-04,9,3079.18,0,cash,In-Store,completed,0,
507986,846,51,16,4,2024-11-25,2024-12-04,9,389,5,net banking,In-Store,pending,0,
505092,459,89,26,3,2025-12-24,2026-01-01,9,1853.82,10,UPI,In-Store,Canceled,0,
507888,841,109,35,22,2025-08-19,2025-08-26,10,501.41,30,Cash,Online,Completed,34.49,Urgent delivery requested
506144,188,71,9,21,2025-08-27,,7,576.27,15,net banking,In-Store,Completed,0,Corporate order
509220,37,4,23,21,2024-08-21,2024-08-28,5,4064.99,10,Cash,Online,Completed,31.61,
508131,292,124,38,17,2024-03-06,2024-03-10,1,271.4,25,net banking,In-Store,COMPLETED,0,
506798,27,98,32,23,2025-02-26,2025-03-06,8,1956.75,10,Debit Card,Online,Cancelled,48.43,
507381,552,96,24,14,2026-04-11,2026-04-18,1,1941.88,30,Credit Card,In-Store,COMPLETED,0,Loyalty discount applied manually
506227,557,2,26,18,2025-07-22,2025-07-26,3,2859.99,30,cash,In-Store,Completed,0,Gift wrap requested
509357,351,109,32,12,2024-05-08,2024-05-14,9,,25,Credit Card,In-Store,COMPLETED,0,
503751,950,102,5,5,2024-08-05,,7,1034.42,15,Debit Card,In-Store,COMPLETED,0,Customer requested callback
507226,252,23,34,6,2024-09-19,2024-09-26,1,2065.63,0,NetBanking,In-Store,Completed,0,
500017,885,101,17,10,2025-11-28,2025-12-07,1,2151.66,30,Cash,Online,completed,144.62,
505971,148,120,31,21,2025-12-22,2025-12-31,0,155.84,15,Upi,Online,COMPLETED,42.91,Loyalty discount applied manually
503729,639,122,39,9,2024-03-22,,4,170.49,10,Net Banking,In-Store,Compeleted,0,Bulk order - verify stock
509821,246,82,18,18,2024-11-07,2024-11-10,5,543.86,20,cash,In-Store,COMPLETED,0,Gift wrap requested
502489,851,75,1,21,2025-01-09,2025-01-18,4,1222.77,30,Net Banking,In-Store,completed,0,Bulk order - verify stock
506047,417,60,11,8,2025-05-21,2025-05-27,8,1603.53,15,CASH,In-Store,Compeleted,0,Gift wrap requested
507613,450,104,14,20,2026-05-14,2026-05-15,5,377.28,15,UPI,In-Store,completed,0,Loyalty discount applied manually
504616,232,104,30,15,2024-02-12,2024-02-17,4,389.18,25,cash,Online,Retuned,37.19,Urgent delivery requested
501165,914,22,3,23,2024-12-07,2024-12-06,8,1263.17,10,Net Banking,In-Store,COMPLETED,0,Corporate order
504113,597,5,32,18,2025-05-16,2025-05-23,4,3557.91,15,upi,Online,Returned,125.23,
500449,341,93,36,7,2025-05-28,2025-06-05,7,404.81,0,Debit Card,Online,Compeleted,136.49,Customer requested callback
501445,58,102,16,10,2025-10-23,2025-10-31,6,977.57,30,NetBanking,In-Store,Compeleted,0,
508125,213,36,17,1,2025-10-09,2025-10-16,2,424.85,10,NEFT,Online,COMPLETED,80.59,Urgent delivery requested
503278,280,86,3,14,2026-05-15,2026-05-16,1,459.75,30,NetBanking,In-Store,Completed,0,Gift wrap requested
500923,475,98,3,22,2025-03-16,2025-03-19,8,1943.37,15,Net Banking,In-Store,Completed,0,
506617,371,105,31,18,2025-04-08,2025-04-14,10,485.32,20,net banking,Online,Compeleted,109.82,
505804,647,43,13,14,2025-07-15,2025-07-16,2,295.54,10,CARD,In-Store,COMPLETED,0,
509611,472,75,19,21,2024-09-21,2024-09-27,9,1189.09,5,Card,Online,cancelled,140.62,
507919,121,115,5,13,2024-02-22,2024-02-27,7,321.35,20,upi,Online,Completed,-20.9,Loyalty discount applied manually
504281,855,59,8,17,2026-05-11,2026-05-13,10,1009.19,5,Net Banking,In-Store,completed,0,Gift wrap requested
504758,930,51,40,11,2024-03-19,2024-03-27,10,376.41,5,card,Online,completed,33.07,
504195,955,22,36,11,2024-06-01,2024-06-05,8,1309.43,10,Upi,In-Store,COMPLETED,0,
505202,363,83,9,24,2026-02-07,2026-02-15,8,2423.67,25,cash,Online,Completed,82.94,
503554,262,32,23,11,2024-07-16,2024-07-20,4,104.13,10,cash,In-Store,Compeleted,0,Gift wrap requested
507391,642,33,17,17,2024-10-17,2024-10-25,6,375.05,20,CASH,In-Store,COMPLETED,0,
506466,827,125,30,18,2024-04-18,2024-04-23,1,393.1,20,net banking,Online,Compeleted,35.93,
500888,449,48,13,14,2025-12-24,2025-12-30,4,130.42,15,Upi,In-Store,COMPLETED,0,Loyalty discount applied manually
508527,402,17,17,12,2024-04-01,2024-04-08,10,4343.47,30,Upi,In-Store,completed,0,Loyalty discount applied manually
505599,449,34,6,10,2025-09-15,2025-09-23,10,152.04,10,cash,Online,completed,62.98,Corporate order
503522,688,94,32,19,2026-05-26,2026-05-27,6,1410.94,0,NEFT,Online,Returned,54.38,
502427,380,106,26,2,2024-01-22,2024-01-25,7,720.49,0,CASH,In-Store,Compeleted,0,
509451,692,7,12,1,2026-04-08,2026-04-09,1,749.23,25,upi,Online,CANCELLED ,123.62,
504007,324,106,1,23,2025-05-25,2025-05-26,3,664.81,20,Cash,Online,COMPLETED,64.33,
507244,683,107,25,14,2024-05-30,2024-06-05,6,361.53,15,Net Banking,In-Store,COMPLETED,0,
505577,945,119,28,18,2025-01-27,2025-02-01,3,229.55,10,card,In-Store,Compeleted,0,
506102,300,70,26,23,2024-12-09,2024-12-18,10,1959.4,10,Credit Card,Online,completed,104.29,Corporate order
503690,913,52,12,4,2026-03-17,2026-03-26,9,387.94,10,CARD,In-Store,completed,0,
500376,530,59,5,14,2025-04-18,2025-04-22,8,1070.64,25,cash,In-Store,returned,0,Gift wrap requested
502234,429,14,17,11,2024-12-28,2025-01-05,6,5065.9,10,NEFT,Online,COMPLETED,69.88,Corporate order
507135,723,42,11,15,2024-08-23,2024-08-27,5,81.08,15,Card,In-Store,completed,0,Urgent delivery requested
506228,447,39,38,9,2025-01-22,2025-01-28,2,475.7,45,cash,Online,completed,54.74,
507787,820,51,30,17,2025-11-06,2025-11-11,1,393.26,0,Debit Card,Online,Returned,119.61,
507073,56,6,21,16,2026-02-21,2026-02-17,9,1743.42,30,card,Online,COMPLETED,60.49,
507294,738,101,40,12,2025-01-02,2025-01-04,8,2322.67,15,NetBanking,Online,completed,97.37,
500787,857,77,1,11,2024-01-17,2024-01-24,9,1436.55,25,Upi,Online,Compeleted,120.87,
500407,65,79,3,14,2025-04-14,,9,1239.97,25,net banking,In-Store,CANCELLED ,0,
500644,182,88801,12,20,2024-03-24,2024-04-02,8,2615.7,15,Credit Card,Online,returned,103.18,
503150,942,35,28,7,2026-05-13,2026-05-15,6,181.19,5,NetBanking,Online,COMPLETED,36.95,Loyalty discount applied manually
501748,737,78,11,4,2024-04-09,2024-04-04,9,504.65,20,net banking,In-Store,Retuned,0,
501504,836,60,40,2,2026-03-23,,10,1673.08,30,U.P.I,Online,PENDING,64.94,
500637,286,38,1,4,2025-01-11,2025-01-13,3,314.79,5,UPI,In-Store,returned,0,Customer requested callback
508012,999027,46,6,7,2024-02-14,2024-02-19,3,308.88,20,NEFT,Online,Retuned,31.17,Bulk order - verify stock
506937,126,77,31,4,2025-02-12,2025-02-14,7,1401.09,5,Cash,In-Store,COMPLETED,0,
504168,326,91,13,6,2025-06-17,2025-06-20,9,480.6,5,net banking,In-Store,PENDING,0,
508459,949,97,22,22,2024-10-24,2024-11-02,6,1839.97,25,UPI,In-Store,CANCELLED ,0,
500692,349,38,26,14,2025-09-17,2025-09-23,8,315.67,10,Cash,In-Store,COMPLETED,0,Bulk order - verify stock
507040,457,83,6,4,2026-04-13,2026-04-21,1,2352.29,10,card,In-Store,completed,0,Gift wrap requested
509446,961,73,35,16,2026-02-08,2026-02-14,8,1120.9,15,Debit Card,Online,completed,121.08,
508166,742,108,32,15,2024-11-30,2024-12-09,6,164.66,0,Upi,Online,returned,126.56,
506293,172,30,23,3,2024-08-21,2024-08-23,10,2887.03,5,Debit Card,Online,COMPLETED,60.05,Loyalty discount applied manually
503454,676,114,32,12,2025-07-11,2025-07-16,7,193.35,20,Debit Card,In-Store,Completed,0,Bulk order - verify stock
502453,827,17,17,19,2025-06-22,2025-06-26,7,4068.07,0,cash,Online,completed,38.45,
509555,203,95,35,5,2024-02-13,2024-02-19,6,644.16,30,Cash,In-Store,COMPLETED,0,
506360,657,13,18,23,2024-04-19,2024-04-27,10,4350.71,10,CASH,Online,completed,100.28,Customer requested callback
507254,834,47,6,9,2025-06-09,2025-06-14,4,119.17,5,CASH,Online,completed,88.5,
507461,822,8,6,4,2024-02-10,2024-02-13,6,2730.94,5,NEFT,Online,cancelled,41.28,Bulk order - verify stock
506376,402,15,15,11,2024-02-18,2024-02-24,7,1842.87,5,Upi,Online,returned,38.62,Loyalty discount applied manually
508602,145,93,13,2,2024-02-08,2024-02-12,5,382.82,5,NEFT,In-Store,Pending,0,
504162,919,26,31,9,2024-04-30,2024-05-09,9,3087.66,15,Cash,Online,completed,146.79,
503076,176,117,13,9,2025-10-07,2025-10-16,5,299.75,20,CARD,Online,Compeleted,77.34,
508574,946,49,34,1,2025-01-30,2025-02-08,5,172.85,5,net banking,In-Store,Compeleted,0,Corporate order
502835,200,96,34,19,2026-05-19,,1,1922.42,15,CASH,In-Store,Compeleted,0,Urgent delivery requested
503509,159,54,34,14,2026-03-18,2026-03-27,7,315.61,5,CASH,In-Store,completed,0,
505731,122,77,11,21,2024-12-23,2025-01-01,2,1436.26,15,NetBanking,In-Store,Compeleted,0,
505746,225,8,22,15,2024-04-26,2024-04-27,9,2675.85,0,Net Banking,Online,Returned,47.4,
502050,36,121,13,11,2024-11-23,2024-11-29,3,517.17,30,UPI,In-Store,Retuned,0,
507979,802,11,5,16,2026-05-27,2026-05-29,5,4633.79,10,Credit Card,In-Store,Compeleted,0,Loyalty discount applied manually
505546,869,3,12,15,2025-02-13,2025-02-21,4,4762.29,25,NEFT,Online,Completed,54.75,
502996,506,82,23,2,2025-04-13,2025-04-22,6,542.24,25,Upi,In-Store,pending,0,Urgent delivery requested
506995,148,113,15,6,2024-07-10,2024-07-15,2,232.09,20,CARD,In-Store,Completed,0,
505448,677,8,11,13,2026-05-10,2026-05-14,7,2608.33,5,Cash,In-Store,Compeleted,0,
501662,431,57,14,19,2024-05-29,2024-05-31,9,1430.92,0,upi,Online,completed,148.53,
501843,253,53,32,2,2024-07-06,2024-07-14,6,290.52,10,net banking,In-Store,Retuned,0,
505389,539,75,29,15,2024-05-13,2024-05-18,7,1212.27,15,net banking,In-Store,Compeleted,0,
500142,878,47,31,10,2026-04-12,2026-04-13,3,114.72,25,cash,Online,completed,58.89,Gift wrap requested
508072,6,64,1,13,2025-04-04,2025-04-12,9,1319.19,5,CASH,Online,completed,67.25,Urgent delivery requested
501906,827,51,31,15,2026-05-22,2026-05-25,9,371,5,Net Banking,In-Store,pending,0,
508655,527,66,13,11,2024-03-05,2024-03-13,10,1787.95,0,Upi,In-Store,Canceled,0,Customer requested callback
509419,572,73,22,19,2025-06-17,2025-06-23,6,1137.8,0,Cash,Online,completed,106.93,Gift wrap requested
508416,301,117,19,15,2026-04-27,2026-05-01,4,296.58,10,Card,In-Store,Returned,0,
508678,85,104,37,9,2025-04-08,2025-04-13,9,398.27,30,NEFT,Online,Pending,84.19,Corporate order
505355,700,29,29,14,2024-03-08,2024-03-16,8,3027.99,15,UPI,Online,Cancelled,143.51,
508352,437,77,14,10,2025-02-17,2025-02-24,2,1438.09,25,Upi,Online,Compeleted,104.61,Bulk order - verify stock
505914,869,47,17,4,2026-05-17,2026-05-26,5,120.16,30,cash,Online,Compeleted,30.42,Gift wrap requested
502897,584,31,19,9,2024-07-23,2024-08-01,10,165.08,10,Net Banking,In-Store,Completed,0,Bulk order - verify stock
509227,372,39,7,18,2026-05-19,2026-05-24,1,471.86,50,U.P.I,In-Store,Completed,0,
504468,634,50,10,2,2024-04-04,2024-04-13,7,280.48,10,net banking,Online,pending,81.35,Urgent delivery requested
508933,657,62,39,9,2026-06-06,2026-06-10,7,883.33,25,NEFT,In-Store,Completed,0,
506259,54,80,30,7,2025-02-28,2025-03-01,8,1407.9,20,CASH,In-Store,completed,0,
502541,998,120,9,19,2025-05-28,2025-06-01,8,152.48,15,Net Banking,Online,Returned,92.84,
505938,96,98,12,23,2024-12-10,2024-12-11,2,2029.05,20,NEFT,Online,cancelled,41.61,
500597,706,2,40,20,2025-08-19,2025-08-28,3,2982.94,30,U.P.I,In-Store,Completed,0,
506759,460,24,33,23,2025-05-13,2025-05-14,2,4876.58,5,CARD,In-Store,Completed,0,
501628,843,80,4,8,2026-06-20,2026-06-22,7,1388.26,20,card,In-Store,Pending,0,
503492,430,2,10,1,2024-12-19,2024-12-28,0,3012.47,0,Net Banking,In-Store,completed,0,
509140,192,51,10,13,2025-10-05,2025-10-13,1,369.62,0,Card,In-Store,Completed,0,
507150,875,126,11,20,2025-10-22,2025-10-28,1,579.62,0,CASH,Online,Compeleted,51.41,
500147,265,18,5,11,2025-06-02,2025-06-11,4,909.39,10,NEFT,Online,completed,136.23,Loyalty discount applied manually
500996,910,99,27,8,2024-02-15,2024-02-16,6,1026,30,upi,In-Store,COMPLETED,0,
504901,151,105,39,12,2024-12-08,2024-12-12,10,460.94,5,net banking,Online,COMPLETED,30.59,Gift wrap requested
506629,268,29,2,9,2026-06-19,2026-06-23,9,3073.31,35,U.P.I,Online,COMPLETED,123.26,
501124,872,97,13,10,2026-02-03,2026-02-12,1,1783.16,0,NetBanking,In-Store,completed,0,Loyalty discount applied manually
508027,559,102,16,12,2024-09-07,,8,1024,25,Credit Card,Online,Completed,109.76,Gift wrap requested
500916,229,101,5,12,2025-06-28,2025-06-30,5,2181.03,10,Credit Card,In-Store,Completed,0,
502390,726,67,7,9,2026-04-11,2026-04-20,2,1047.38,0,CARD,Online,COMPLETED,145.63,
500647,35,59,13,20,2024-09-28,2024-10-06,7,993.24,15,NEFT,Online,Compeleted,48.11,
501044,119,15,7,9,2024-01-16,2024-01-17,2,1793.07,10,net banking,In-Store,Compeleted,0,
505696,,65,36,12,2026-06-20,2026-06-29,6,1533.08,5,CARD,In-Store,cancelled,0,Bulk order - verify stock
507162,,15,9,9,2025-10-23,2025-10-20,4,1745.65,10,Credit Card,Online,completed,108.97,Urgent delivery requested
503651,346,116,6,6,2025-11-08,2025-11-10,8,211.36,5,NetBanking,Online,completed,119.82,
509631,452,96,37,7,2026-06-07,2026-06-13,1,1944.95,10,card,In-Store,Compeleted,0,Corporate order
503519,107,99,10,13,2024-12-07,2024-12-15,8,943.91,10,NEFT,Online,completed,29.12,Customer requested callback
501878,467,15,20,1,2025-09-22,2025-09-29,2,1804,10,U.P.I,In-Store,CANCELLED ,0,
506665,182,108,3,20,2024-12-13,2024-12-19,3,176.72,5,Upi,In-Store,completed,0,Urgent delivery requested
505047,920,25,16,11,2024-01-25,2024-01-27,7,1469,5,Debit Card,In-Store,completed,0,Loyalty discount applied manually
502319,219,38,11,6,2024-03-12,2024-03-20,7,294.29,15,NetBanking,In-Store,Compeleted,0,Urgent delivery requested
505483,777,90,36,2,2024-01-30,2024-02-03,2,1601.09,10,Card,In-Store,Completed,0,Gift wrap requested
501386,71,17,24,10,2026-03-26,2026-03-30,10,4237.63,25,upi,Online,pending,115.49,
505502,686,46,13,10,2024-02-24,2024-03-04,1,332.93,15,cash,In-Store,Completed,0,Bulk order - verify stock
506473,197,30,4,5,2026-06-26,2026-07-04,5,2749.74,25,CASH,Online,Compeleted,109.73,
503839,252,95,15,5,2024-01-01,2024-01-06,1,683.34,25,card,Online,returned,122.92,Gift wrap requested
506019,711,46,33,19,2025-06-13,2025-06-19,1,323.15,25,CASH,Online,completed,84.12,
505349,196,28,14,6,2025-01-14,2025-01-18,9,4102.55,10,Net Banking,In-Store,returned,0,
504911,891,94,23,10,2026-05-21,2026-05-28,2,1285.05,50,Credit Card,In-Store,completed,0,
506878,516,109,14,22,2025-02-23,2025-02-24,9,512.87,5,cash,Online,completed,111.28,Customer requested callback
502195,465,69,10,16,2026-04-14,2026-04-20,2,1031.11,5,UPI,Online,COMPLETED,89.35,Customer requested callback
500419,443,63,1,20,2024-09-27,2024-10-02,5,1147.76,20,NEFT,Online,Compeleted,89.99,
506194,473,23,25,23,2026-03-15,2026-03-22,10,2013.24,20,UPI,Online,Completed,85.26,
508711,710,46,14,23,2024-04-14,2024-04-16,7,324.58,10,CASH,In-Store,completed,0,Loyalty discount applied manually
504441,242,68,11,23,2025-01-22,2025-01-31,9,387.1,15,NetBanking,Online,completed,93.56,Urgent delivery requested
503939,394,47,23,12,2026-03-17,2026-03-25,9,115.1,15,U.P.I,In-Store,Compeleted,0,
502252,205,36,27,21,2026-03-07,2026-03-10,4,428.64,5,upi,In-Store,PENDING,0,
504078,693,109,5,15,2024-06-22,2024-06-23,4,476.16,5,Card,Online,returned,81.38,
501336,934,118,32,10,2024-03-30,2024-04-06,5,452.51,5,Card,Online,Compeleted,147.78,
503142,896,47,31,7,2024-09-15,2024-09-20,7,112.69,30,Card,In-Store,Completed,0,
507384,39,123,14,6,2026-06-04,2026-06-07,9,406.82,15,Net Banking,Online,Compeleted,116.65,Customer requested callback
502014,571,63,17,17,2025-06-16,2025-06-22,5,1152.28,25,CASH,In-Store,returned,0,Gift wrap requested
503389,596,112,9,24,2024-02-16,2024-02-21,7,547.94,15,upi,Online,Cancelled,136.99,Gift wrap requested
500212,663,108,40,11,2024-04-17,2024-04-19,8,176.15,5,CASH,In-Store,COMPLETED,0,Urgent delivery requested
505750,696,86,29,11,2025-11-25,2025-12-01,8,459.81,50,U.P.I,In-Store,Compeleted,0,Corporate order
504755,744,103,35,3,2025-02-17,2025-02-26,4,604.24,5,upi,Online,returned,41.05,Gift wrap requested
503365,410,116,34,9,2025-02-17,2025-02-22,4,209.29,30,Debit Card,Online,Compeleted,77.59,Customer requested callback
506570,157,1,39,5,2026-02-19,2026-02-21,5,2669.38,10,Debit Card,In-Store,COMPLETED,0,Gift wrap requested
501732,381,49,36,4,2025-01-14,2025-01-16,5,175.07,15,upi,Online,Compeleted,60.09,
502326,888,25,26,11,2024-09-27,2024-09-30,8,1494.36,5,Credit Card,Online,Completed,81.62,
501140,829,89,4,1,2025-03-22,2025-03-24,5,1768.61,0,UPI,Online,COMPLETED,98.75,
503704,612,15,17,23,2024-11-14,2024-11-18,9,1764.3,30,Credit Card,Online,Compeleted,65.79,
502408,246,13,23,20,2025-01-07,2025-01-16,7,4298.88,0,Cash,In-Store,completed,0,
505706,108,124,37,19,2025-10-24,2025-11-02,8,274.25,15,Upi,In-Store,CANCELLED ,0,
507330,795,26,4,15,2025-12-22,2025-12-25,10,3294.24,0,NetBanking,In-Store,COMPLETED,0,
504119,601,112,38,24,2026-02-05,2026-02-09,2,538.91,5,Net Banking,In-Store,Retuned,0,
506493,902,94,39,14,2026-06-02,2026-06-05,1,1304.32,5,upi,Online,COMPLETED,33.19,Gift wrap requested
501174,234,101,3,19,2024-06-03,2024-06-05,6,2335.83,15,net banking,Online,COMPLETED,88.72,
504851,67,39,18,4,2026-06-02,2026-06-04,7,497.77,25,CASH,Online,Completed,115.39,Customer requested callback
502277,701,48,23,18,2024-03-27,2024-03-28,7,137,15,Credit Card,In-Store,COMPLETED,0,
507718,975,116,35,16,2025-08-27,2025-09-05,9,201.32,20,U.P.I,In-Store,Pending,0,
504454,771,61,37,13,2024-03-17,2024-03-20,10,1085.48,10,UPI,Online,Pending,29.79,
502310,939,36,2,13,2025-09-16,2025-09-25,10,434.46,0,Upi,Online,cancelled,33.16,Gift wrap requested
501485,661,42,12,20,2024-06-01,2024-06-04,7,87.28,15,CARD,Online,returned,89.34,
509487,201,122,40,22,2025-02-13,2025-02-18,6,158.72,10,Credit Card,In-Store,Retuned,0,
506319,944,87,30,24,2026-06-17,2026-06-22,4,1339.87,5,Cash,Online,COMPLETED,80.49,
508578,530,98,17,10,2025-10-30,2025-11-04,2,2038.13,0,cash,Online,COMPLETED,36.01,
501130,478,96,34,2,2025-02-20,2025-02-24,2,1851.77,25,UPI,In-Store,completed,0,Gift wrap requested
500842,497,81,40,5,2025-05-16,2025-05-20,5,1761.03,20,NetBanking,Online,cancelled,-26.66,
506078,304,113,10,13,2025-09-24,2025-09-28,5,246.07,10,upi,In-Store,Canceled,0,
505125,285,56,23,7,2026-03-26,2026-03-30,9,918.91,25,upi,In-Store,PENDING,0,Loyalty discount applied manually
506735,150,82,26,24,2024-03-25,2024-03-26,9,536.65,0,net banking,In-Store,completed,0,Urgent delivery requested
505531,786,8,9,16,2026-01-08,2026-01-10,10,2735.74,30,Net Banking,Online,COMPLETED,134.01,Urgent delivery requested
505969,673,44,3,13,2025-10-15,2025-10-20,2,415.53,25,Cash,In-Store,completed,0,
505961,383,64,12,18,2025-03-01,2025-03-05,6,1352.56,15,NetBanking,Online,Compeleted,49.3,
502334,91,59,30,17,2025-12-07,2025-12-13,10,983.5,15,NetBanking,In-Store,completed,0,
508832,277,106,29,2,2025-10-23,2025-10-31,10,662.41,10,NetBanking,In-Store,Compeleted,0,Loyalty discount applied manually
503782,187,54,28,2,2026-05-19,2026-05-26,7,335.6,40,Credit Card,Online,completed,34.66,
501557,729,14,33,4,2024-10-09,2024-10-14,2,5213.15,5,NEFT,Online,Retuned,90.94,Customer requested callback
504138,691,102,10,2,2025-01-02,2025-01-06,1,1007.86,30,U.P.I,In-Store,cancelled,0,
507013,405,20,31,5,2025-12-13,2025-12-16,7,3045.08,30,Upi,Online,CANCELLED ,40.7,
503848,285,84,40,13,2025-03-02,2025-03-06,5,757.79,10,U.P.I,Online,Pending,87.04,
509065,403,79,38,7,2024-11-10,2024-11-11,2,1243.59,10,Cash,Online,Pending,34,Loyalty discount applied manually
506530,989,101,2,13,2025-10-05,2025-10-14,2,2146.23,25,CASH,In-Store,COMPLETED,0,Loyalty discount applied manually
508789,41,5,38,20,2025-05-17,2025-05-18,3,3414.16,20,CASH,Online,Completed,108.48,
503741,795,15,38,18,2024-10-30,2024-11-04,4,1885.65,10,card,Online,COMPLETED,100.56,
508911,493,70,3,1,2024-04-05,2024-04-06,3,1827.93,20,net banking,Online,Completed,46.22,Bulk order - verify stock
508428,669,30,25,21,2025-01-22,2025-01-28,9,2738.88,25,Cash,Online,Completed,92.39,
508402,613,69,6,12,2025-10-14,2025-10-23,8,1024.35,10,U.P.I,In-Store,completed,0,
502296,174,53,22,19,2024-06-17,2024-06-18,1,278.82,15,CASH,In-Store,COMPLETED,0,
506849,477,22,35,4,2025-07-05,2025-07-09,8,1256.65,10,net banking,In-Store,Completed,0,
501218,819,101,5,2,2024-09-22,2024-09-29,3,2317.27,20,Upi,In-Store,Cancelled,0,
505156,660,3,6,15,2025-07-30,2025-08-08,6,4433.9,20,CASH,In-Store,COMPLETED,0,
504679,859,121,10,11,2026-05-25,2026-05-30,10,527.03,25,Card,Online,completed,69.45,
502111,643,51,7,19,2024-03-05,2024-03-11,1,370.4,30,cash,Online,PENDING,115.5,Corporate order
500628,999003,36,31,13,2026-04-15,2026-04-24,1,414.74,5,UPI,In-Store,completed,0,Gift wrap requested
508082,740,93,8,13,2024-03-19,,6,384.71,15,Cash,In-Store,Compeleted,0,Bulk order - verify stock
503253,667,37,38,18,2025-12-30,2026-01-03,4,205.24,30,upi,Online,COMPLETED,98.09,Bulk order - verify stock
509443,636,42,31,5,2026-01-16,2026-01-22,8,85.95,0,NEFT,Online,pending,133.22,
500526,269,51,25,15,2024-08-07,2024-08-12,6,374.42,5,Cash,Online,Completed,55.6,Corporate order
507631,671,60,30,12,2024-10-26,2024-11-01,2,1642.65,25,CASH,Online,Compeleted,80.25,Gift wrap requested
501482,144,110,12,20,2025-09-30,2025-10-04,9,253.8,5,Credit Card,In-Store,Compeleted,0,Corporate order
508159,519,6,1,23,2025-12-06,2025-12-07,0,1680.25,15,CARD,Online,Retuned,90.92,
509547,164,49,18,13,2025-07-22,2025-07-28,7,177.49,30,Card,In-Store,Completed,0,
504842,105,120,33,18,2025-08-02,2025-08-03,4,157.26,30,Cash,Online,Completed,72.59,Customer requested callback
501669,100,60,22,23,2025-08-13,2025-08-21,9,1553.56,0,Net Banking,In-Store,returned,0,
506159,666,106,19,18,2026-02-25,2026-02-26,2,689.31,15,NetBanking,In-Store,Completed,0,Bulk order - verify stock
500560,713,72,15,7,2024-06-02,2024-06-10,10,1269.47,15,Card,In-Store,CANCELLED ,0,Customer requested callback
502978,130,66,35,23,2026-02-04,2026-02-13,10,1765.16,25,NEFT,In-Store,Completed,0,
507541,313,99,27,8,2024-12-06,2024-12-15,7,1025.83,30,Card,In-Store,completed,0,Gift wrap requested
509637,877,40,7,9,2026-06-14,2026-06-20,9,203.22,5,net banking,Online,Compeleted,33.46,
508914,648,1,29,13,2025-07-31,2025-08-03,7,2876.82,20,Upi,In-Store,completed,0,
504688,58,109,4,17,2024-06-20,2024-06-28,9,489.33,15,CARD,In-Store,Compeleted,0,Urgent delivery requested
506847,408,75,19,13,2024-04-20,2024-04-23,7,1152.6,20,CASH,In-Store,completed,0,Corporate order
506520,235,57,29,10,2024-12-20,2024-12-28,1,1314.16,35,Credit Card,In-Store,returned,0,Corporate order
500891,799,102,12,9,2024-12-04,2024-12-05,1,1055.44,10,UPI,In-Store,completed,0,
508254,922,18,4,24,2024-05-26,2024-06-03,9,888.7,0,CASH,In-Store,completed,0,
501344,812,113,32,24,2024-01-14,2024-01-16,5,244.73,25,Cash,In-Store,completed,0,Bulk order - verify stock
503708,173,17,3,11,2024-01-08,2024-01-14,9,4248.13,0,NetBanking,In-Store,Compeleted,0,
502532,406,38,20,6,2026-01-26,2026-01-30,5,324.19,15,Card,Online,PENDING,144.27,Bulk order - verify stock
502932,445,120,21,20,2024-05-09,2024-05-07,3,152.39,10,CASH,In-Store,Completed,0,Corporate order
509842,473,18,20,22,2024-02-27,2024-03-03,8,933.32,5,Upi,Online,Compeleted,131.84,
507816,672,15,27,1,2025-02-18,2025-02-24,5,1840.88,20,NetBanking,Online,Completed,47.52,
503761,712,12,28,24,2025-02-07,2025-02-13,9,497.24,10,U.P.I,In-Store,completed,0,
504642,844,41,25,9,2024-10-15,2024-10-19,7,248.16,25,cash,In-Store,Completed,0,
500482,412,62,13,8,2024-03-16,2024-03-25,4,880.67,30,CASH,Online,returned,73.02,
502159,166,34,19,1,2026-01-29,,2,150.58,5,card,Online,Completed,106.42,Urgent delivery requested
500948,157,55,40,3,2024-01-12,2024-01-14,3,1761.54,0,UPI,In-Store,Retuned,0,
500269,153,40,6,17,2024-09-06,2024-09-09,2,192.16,10,Upi,Online,Compeleted,34.19,Gift wrap requested
503133,,33,3,5,2025-07-03,2025-07-09,5,370.99,30,NEFT,In-Store,Completed,0,
507354,384,21,27,12,2024-09-09,2024-09-14,8,625.77,0,Cash,Online,returned,106.82,Gift wrap requested
504488,978,49,20,7,2025-01-04,2025-01-10,9,185.96,5,NEFT,Online,returned,83.89,
503902,127,27,16,2,2025-07-23,2025-07-24,1,3491.05,25,CARD,Online,completed,30.19,Bulk order - verify stock
507042,573,43,30,10,2024-08-31,2024-09-08,10,300.68,25,CASH,Online,Compeleted,109.44,
503246,394,95,34,6,2024-01-17,2024-01-22,4,692.9,25,Credit Card,In-Store,COMPLETED,0,
500950,593,76,40,17,2024-11-02,2024-11-03,6,1689.18,30,net banking,In-Store,COMPLETED,0,
505267,225,20,11,22,2024-06-23,2024-06-28,8,3185.9,30,NEFT,Online,cancelled,54.09,Loyalty discount applied manually
504687,858,12,8,2,2024-08-28,2024-09-02,9,485.73,15,Net Banking,In-Store,Completed,0,
508164,620,37,20,12,2026-04-03,2026-04-06,3,205.13,25,Credit Card,In-Store,Retuned,0,
506881,644,95,7,13,2026-06-06,2026-06-07,10,678.71,25,NetBanking,Online,Completed,123.57,Bulk order - verify stock
505328,79,120,25,2,2025-03-02,2025-03-09,1,156.35,15,UPI,In-Store,Retuned,0,
505508,760,103,3,11,2025-09-18,2025-09-24,1,638.63,20,cash,In-Store,Completed,0,
508445,373,37,21,17,2026-03-04,2026-03-07,9,192.01,25,Card,In-Store,Completed,0,Urgent delivery requested
501897,218,56,18,17,2026-06-23,2026-07-02,4,961.74,25,Cash,In-Store,Compeleted,0,Bulk order - verify stock
508034,912,70,39,16,2025-06-04,2025-06-07,9,1952.23,30,net banking,Online,COMPLETED,38.89,Bulk order - verify stock
507586,232,52,40,2,2026-05-28,2026-06-02,1,392.8,5,cash,Online,Completed,87.58,
505852,67,11,36,12,2025-03-21,2025-03-24,8,4682.57,35,Debit Card,Online,Completed,86.4,
501017,338,18,11,7,2024-07-28,2024-08-05,4,940.65,25,net banking,Online,pending,91.51,
506350,903,44,4,23,2024-12-03,2024-12-12,4,419.79,20,NEFT,Online,Canceled,99.41,
506511,308,48,1,17,2024-11-20,2024-11-21,5,138.41,10,Cash,In-Store,COMPLETED,0,
506814,543,34,36,4,2026-03-27,2026-04-01,8,157.88,15,UPI,In-Store,Completed,0,Corporate order
508202,399,45,28,24,2025-08-19,2025-08-23,9,163.95,20,Upi,Online,Completed,101.88,Customer requested callback
500678,350,46,29,12,2025-02-26,2025-02-25,5,307.79,15,CASH,In-Store,completed,0,Gift wrap requested
505623,445,68,33,17,2025-12-05,2025-12-13,9,353.75,20,upi,Online,Pending,-78.82,Gift wrap requested
509836,670,85,5,20,2024-12-27,,10,905.67,20,Credit Card,Online,completed,122.68,Customer requested callback
501853,743,125,38,2,2024-01-29,2024-02-06,1,386.25,25,Credit Card,Online,Completed,93.73,Bulk order - verify stock
500780,215,102,28,21,2024-07-16,,10,992.62,5,Cash,In-Store,Completed,0,
507735,546,55,21,17,2024-09-06,2024-09-14,7,1677.95,25,upi,Online,COMPLETED,73.4,Loyalty discount applied manually
501393,345,23,4,20,2026-04-24,2026-04-30,5,1934.51,45,upi,In-Store,COMPLETED,0,
508343,979,20,37,3,2024-11-16,,7,2989.7,0,UPI,Online,completed,56.09,
501649,428,65,24,12,2024-10-31,2024-11-05,2,1577.46,10,U.P.I,In-Store,Compeleted,0,
502891,21,83,2,14,2024-07-12,2024-07-15,1,2276.17,20,upi,Online,Completed,40.5,
504833,902,43,11,20,2024-12-19,2024-12-26,4,314.57,5,card,Online,Canceled,134.64,Customer requested callback
508727,15,34,26,13,2025-02-07,2025-02-14,5,151.77,10,Cash,In-Store,Canceled,0,
502463,995,123,24,12,2026-02-22,2026-02-25,7,414.54,10,U.P.I,Online,COMPLETED,116.93,
501288,715,104,29,15,2024-09-24,2024-10-03,10,386.42,25,Debit Card,In-Store,COMPLETED,0,
502871,883,55,23,17,2025-11-13,2025-11-17,2,1615.34,30,upi,Online,returned,54.78,
501673,366,44,6,12,2025-11-15,2025-11-20,9,451.05,0,cash,Online,COMPLETED,101.16,
502269,109,78,16,4,2024-10-16,2024-10-22,10,506.53,10,CASH,Online,Compeleted,44.15,
507834,,115,11,20,2026-04-28,2026-05-03,9,353.62,15,NetBanking,Online,completed,32.23,Corporate order
505151,712,26,4,8,2026-05-10,2026-05-18,8,3003.18,0,NEFT,In-Store,Compeleted,0,Customer requested callback
505733,994,14,38,15,2024-07-30,2024-08-05,3,5039.42,50,Cash,Online,Pending,95.59,
508319,224,98,26,12,2025-08-15,2025-08-16,9,2022.11,0,net banking,In-Store,Compeleted,0,Customer requested callback
500538,474,93,3,6,2024-08-11,2024-08-17,2,392.32,10,UPI,In-Store,completed,0,
500347,882,102,33,2,2026-04-15,2026-04-24,6,985.79,5,CARD,In-Store,returned,0,Customer requested callback
504398,528,81,6,20,2025-09-16,2025-09-22,1,1709.85,15,upi,In-Store,Retuned,0,Corporate order
503909,867,4,18,12,2026-04-12,2026-04-20,9,4300.93,20,Card,In-Store,Retuned,0,
505704,785,48,35,10,2025-08-13,2025-08-22,5,131.68,10,Net Banking,In-Store,Compeleted,0,
508681,809,20,7,22,2025-08-13,2025-08-17,2,3026.79,10,CASH,In-Store,returned,0,
503528,47,17,35,20,2026-05-10,2026-05-13,5,4087.07,0,Cash,Online,Retuned,41.87,
507361,35,61,28,22,2026-05-15,2026-05-23,5,1051.74,15,card,In-Store,Compeleted,0,
507793,17,117,2,19,2025-10-03,2025-10-12,3,285.72,0,card,In-Store,pending,0,Bulk order - verify stock
505275,439,48,24,7,2025-05-06,2025-05-08,1,127.93,10,Credit Card,In-Store,Canceled,0,Corporate order
508739,265,10,16,21,2026-05-24,2026-05-28,7,745.02,5,NetBanking,In-Store,Completed,0,
504552,764,14,1,10,2024-02-22,2024-03-02,1,,10,Upi,Online,Completed,80.26,
509765,689,92,16,17,2025-10-16,2025-10-21,8,1878.47,10,Net Banking,In-Store,completed,0,Loyalty discount applied manually
509430,194,67,13,15,2025-03-09,2025-03-17,4,1042.05,15,CARD,Online,completed,47.14,Gift wrap requested
507213,661,16,16,17,2026-03-22,2026-03-29,3,2174.91,10,CASH,Online,Compeleted,147.64,
500508,622,66,30,14,2024-03-26,2024-03-29,2,1818.07,5,NetBanking,In-Store,returned,0,
506714,986,55,1,20,2024-02-26,2024-03-02,7,1763.32,25,Cash,In-Store,Cancelled,0,
508504,967,45,10,6,2024-07-12,2024-07-19,3,154.5,5,Credit Card,In-Store,Compeleted,0,
508842,360,4,1,8,2026-05-14,2026-05-17,9,4068.55,10,Cash,Online,completed,36.65,
503191,421,10,28,10,2024-01-25,2024-02-01,5,767.23,15,Debit Card,Online,Pending,69.89,Corporate order
505158,536,43,1,5,2025-06-02,2025-06-06,3,305.39,10,Upi,In-Store,returned,0,Urgent delivery requested
503881,310,29,38,2,2025-04-06,2025-04-15,3,3049.85,5,Cash,Online,Completed,89.57,
503567,325,60,25,21,2025-01-08,2025-01-14,7,1625.21,5,Net Banking,Online,Compeleted,113.17,
509356,430,24,24,24,2024-11-18,2024-11-20,8,4626.6,5,Upi,Online,Compeleted,75.45,
502553,915,101,18,5,2025-08-01,2025-08-10,8,2231.68,30,Cash,Online,pending,49.14,Corporate order
500460,280,104,37,9,2024-03-16,2024-03-25,6,,15,NetBanking,Online,Completed,92.79,Bulk order - verify stock
502972,982,13,15,15,2026-06-23,2026-06-26,7,4346.74,35,net banking,Online,completed,125.5,
501713,861,101,39,10,2025-03-03,2025-03-04,6,2322.57,20,CASH,Online,Canceled,111.66,
504419,591,88,4,5,2024-07-15,2024-07-11,6,731.65,20,Upi,In-Store,COMPLETED,0,
509423,633,53,38,19,2024-09-04,2024-09-06,8,274.74,15,NEFT,Online,completed,29.33,
509086,27,21,24,2,2025-05-05,2025-05-08,4,628.82,35,Net Banking,In-Store,COMPLETED,0,Bulk order - verify stock
503714,458,59,19,9,2026-04-06,2026-04-14,10,994.84,20,Credit Card,In-Store,Completed,0,
501790,38,30,23,17,2026-02-18,2026-02-20,2,2653.04,25,NetBanking,Online,Completed,89.06,
504334,595,76,8,7,2025-12-08,2025-12-16,2,1717.48,5,UPI,In-Store,completed,0,
505813,161,35,26,7,2024-01-07,2024-01-14,6,191.34,0,U.P.I,Online,returned,83.15,
505247,137,80,35,8,2025-10-05,2025-10-10,2,1378.14,25,upi,In-Store,COMPLETED,0,Loyalty discount applied manually
505736,671,47,7,5,2025-07-07,2025-07-13,6,115.69,25,Net Banking,In-Store,completed,0,
509074,934,50,35,6,2024-02-24,2024-02-19,9,301.58,0,cash,Online,Compeleted,147.85,Loyalty discount applied manually
503891,511,77,8,14,2024-03-19,2024-03-26,4,1514.44,5,card,In-Store,Compeleted,0,Bulk order - verify stock
508130,596,96,40,24,2024-03-18,2024-03-23,3,1857.15,25,Card,Online,COMPLETED,81.57,Urgent delivery requested
505223,61,81,32,22,2024-10-16,,7,1734.87,15,CASH,Online,Returned,67.64,
507168,186,97,17,17,2024-10-06,2024-10-10,5,1830.19,10,Credit Card,Online,completed,101.89,
500607,926,116,29,21,2026-01-11,2026-01-20,10,215.57,15,Credit Card,In-Store,Canceled,0,
506781,764,26,10,15,2025-09-21,2025-09-22,7,3282.36,10,upi,Online,COMPLETED,61.53,
501959,964,120,11,10,2025-10-19,2025-10-23,9,157.89,5,cash,Online,COMPLETED,86.57,
505904,396,92,14,7,2026-06-15,2026-06-16,3,1723.71,30,NEFT,Online,completed,32.16,
509668,166,117,27,13,2026-01-19,2026-01-22,1,279.43,10,upi,In-Store,completed,0,Urgent delivery requested
502054,703,109,10,8,2025-02-11,2025-02-13,10,489.06,25,Card,Online,Completed,93.46,Loyalty discount applied manually
503337,779,123,29,13,2026-01-12,2026-01-16,6,401.7,0,Debit Card,In-Store,completed,0,Bulk order - verify stock
504774,825,65,34,8,2024-09-23,2024-10-02,9,1599.16,5,upi,Online,returned,35.99,Urgent delivery requested
507767,279,70,5,8,2026-03-14,2026-03-15,8,1841.59,10,Credit Card,Online,COMPLETED,100.57,Urgent delivery requested
506849,477,22,35,4,2025-07-05,2025-07-09,8,1256.65,10,net banking,In-Store,Completed,0,
504779,857,29,21,12,2024-11-05,2024-11-10,4,2995.58,15,card,In-Store,completed,0,
506147,895,74,32,2,2025-01-22,2025-01-27,7,1310.07,20,Net Banking,Online,Canceled,-35.89,Customer requested callback
509072,70,75,10,12,2024-04-15,2024-04-18,9,1210.15,15,cash,In-Store,completed,0,
506470,583,69,17,22,2026-06-04,2026-06-12,6,1048.86,25,CARD,In-Store,COMPLETED,0,Bulk order - verify stock
501313,98,7,3,18,2024-07-02,2024-07-07,4,703.08,5,card,Online,Completed,72.73,
506737,884,122,1,1,2024-02-26,2024-03-03,10,170.42,10,Net Banking,Online,CANCELLED ,67.85,Gift wrap requested
502851,900,78,19,22,2024-05-09,2024-05-14,5,506.47,15,NEFT,Online,COMPLETED,30.77,
509695,241,120,4,23,2025-03-08,2025-03-13,6,153.9,0,Upi,In-Store,COMPLETED,0,
508264,527,113,2,5,2025-09-06,2025-09-09,8,245.51,0,Net Banking,Online,Retuned,85.31,Urgent delivery requested
507533,72,51,15,22,2025-07-26,2025-07-28,10,361.87,15,Card,Online,Compeleted,82.75,
505433,755,91,19,19,2026-04-12,2026-04-20,1,500.85,10,card,Online,Retuned,32.81,Bulk order - verify stock
506348,573,10,31,7,2026-02-12,,7,750.14,25,Cash,In-Store,completed,0,Corporate order
509723,765,72,5,10,2024-06-01,2024-06-02,10,1308.94,20,Cash,Online,COMPLETED,31.23,
502369,545,47,31,20,2025-03-30,2025-04-03,1,113.62,0,Upi,In-Store,COMPLETED,0,
501145,188,43,30,14,2024-09-19,2024-09-26,9,301.52,0,cash,In-Store,completed,0,
507359,798,51,4,18,2024-08-08,2024-08-17,3,372.3,25,NEFT,In-Store,COMPLETED,0,Bulk order - verify stock
507857,79,11,33,4,2025-08-24,2025-08-27,4,4535.55,25,cash,Online,Compeleted,98.86,
506450,867,95,39,8,2024-09-28,2024-10-04,2,643.68,25,Cash,In-Store,Retuned,0,
506207,817,53,25,7,2024-02-14,2024-02-16,3,282.4,0,card,In-Store,Compeleted,0,Gift wrap requested
504484,7,22,17,9,2024-02-21,2024-02-25,10,1312.84,30,CASH,In-Store,Completed,0,
507712,591,42,2,10,2026-04-19,2026-04-21,9,80.81,5,CARD,Online,Canceled,112.79,
508801,476,76,34,24,2026-03-23,2026-03-25,1,1672.16,20,card,In-Store,Completed,0,
500802,167,38,29,18,2025-05-21,2025-05-28,6,311.04,10,upi,In-Store,PENDING,0,
504960,481,79,22,20,2025-10-31,2025-11-03,4,1199.61,15,NEFT,In-Store,Completed,0,
506825,975,32,20,21,2025-04-12,2025-04-13,4,103.46,25,Cash,Online,cancelled,84.23,Bulk order - verify stock
500651,771,108,2,16,2025-01-25,2025-01-31,4,176.19,20,NetBanking,In-Store,Compeleted,0,Gift wrap requested
509522,714,69,9,23,2025-11-03,2025-11-09,10,1058.92,30,UPI,Online,pending,99.68,Corporate order
500025,513,90,8,21,2024-12-14,2024-12-23,7,1495.53,30,Credit Card,Online,Compeleted,39.59,
506644,979,31,9,14,2025-06-04,2025-06-12,7,159.65,30,Debit Card,Online,Completed,79.6,
501025,201,116,19,22,2024-08-16,2024-08-19,7,209.26,25,NEFT,Online,returned,93.8,Gift wrap requested
507189,596,45,3,5,2025-04-27,,9,154.93,10,net banking,In-Store,Compeleted,0,Customer requested callback
501625,162,105,5,20,2026-06-14,,6,469.89,20,cash,Online,completed,60.14,
509422,46,26,26,14,2025-08-01,2025-08-07,3,3254.84,0,Cash,In-Store,COMPLETED,0,
507129,90,4,18,23,2024-06-22,2024-06-25,10,4130.58,25,NetBanking,In-Store,Completed,0,
501328,30,100,28,16,2025-07-10,2025-07-15,7,495.19,40,Net Banking,In-Store,Retuned,0,
504938,966,60,3,3,2024-05-03,2024-05-05,2,1675.1,30,U.P.I,In-Store,cancelled,0,
503986,108,116,33,19,2024-09-02,2024-09-10,4,200.44,15,upi,Online,COMPLETED,125.78,
507062,453,85,8,10,2025-02-17,2025-02-20,8,905.63,0,net banking,In-Store,completed,0,
504809,46,11,13,5,2024-10-10,2024-10-13,6,4435.63,5,Debit Card,In-Store,COMPLETED,0,Gift wrap requested
504849,626,31,28,21,2024-10-05,2024-10-13,10,158.7,25,UPI,In-Store,Completed,0,
509018,65,93,3,17,2024-03-15,2024-03-18,2,404.03,15,NetBanking,Online,Pending,38.8,Gift wrap requested
506549,273,103,28,15,2025-06-01,2025-06-05,9,622.22,5,U.P.I,Online,completed,126.49,
504013,950,122,11,14,2024-06-09,2024-06-15,4,161.62,30,CARD,Online,pending,61.77,Gift wrap requested
502877,826,67,34,17,2024-04-25,2024-04-30,2,1095.28,10,Upi,Online,COMPLETED,128.63,Urgent delivery requested
507861,714,39,32,6,2024-07-06,2024-07-12,5,475.64,10,Credit Card,In-Store,Compeleted,0,Customer requested callback
508103,287,123,1,10,2026-05-04,2026-05-13,2,393.66,20,CASH,Online,COMPLETED,67.76,Urgent delivery requested
507669,629,46,29,14,2024-10-04,2024-10-09,2,326.81,5,upi,In-Store,COMPLETED,0,
508184,136,29,33,3,2024-01-13,2024-01-20,9,3050.03,40,Net Banking,Online,Completed,29.65,Corporate order
504626,778,47,23,17,2024-03-03,2024-03-12,1,113.94,0,Net Banking,Online,Compeleted,122.08,
503024,924,68,23,15,2025-05-23,2025-06-01,5,361.51,20,UPI,In-Store,COMPLETED,0,
503079,101,89,4,1,2025-06-28,2025-06-29,1,1812.84,25,cash,Online,pending,81.59,
508348,210,80,16,11,2025-10-02,2025-10-06,6,1365.13,15,NetBanking,Online,Compeleted,95.53,
501367,904,106,35,2,2026-05-01,2026-05-03,2,667.5,15,CARD,Online,completed,76.78,Bulk order - verify stock
505681,175,76,26,24,2024-12-04,2024-12-13,5,1793.82,15,CASH,In-Store,Retuned,0,
508273,545,67,20,12,2025-12-08,2025-12-09,4,1113.19,30,U.P.I,In-Store,Retuned,0,
501374,,18,28,23,2025-09-30,2025-10-08,9,870.89,0,upi,In-Store,Compeleted,0,Bulk order - verify stock
506599,951,92,13,16,2025-04-11,2025-04-18,10,1859.42,0,CARD,Online,returned,85.5,Loyalty discount applied manually
501338,351,43,25,19,2025-12-08,2025-12-10,8,307.25,20,Cash,Online,Compeleted,35.45,Gift wrap requested
506675,693,27,27,6,2025-04-10,2025-04-17,7,3505.95,10,NEFT,In-Store,Compeleted,0,
501728,174,77,32,2,2024-12-16,2024-12-20,7,1477.06,25,upi,Online,Compeleted,121.91,
504460,861,74,32,20,2026-05-18,2026-05-20,4,1361.6,30,CASH,In-Store,Canceled,0,
507599,624,25,28,6,2026-02-17,2026-02-26,4,1501.48,15,NEFT,Online,Compeleted,54.8,
505169,551,71,12,14,2026-05-10,2026-05-16,3,588.81,25,Upi,Online,completed,119.45,
501528,499,88809,37,17,2024-04-10,,10,1692.46,0,cash,Online,Compeleted,71.08,
509602,46,83,16,1,2024-06-17,2024-06-18,8,2445.29,20,UPI,Online,Completed,139.36,
504516,906,39,10,18,2025-06-25,2025-06-26,8,469.86,25,UPI,Online,Compeleted,79.26,
500094,324,102,10,24,2025-05-07,2025-05-13,6,982.07,25,Debit Card,Online,completed,93.56,Bulk order - verify stock
503202,121,27,13,7,2024-03-04,2024-03-07,5,3734.62,20,UPI,In-Store,COMPLETED,0,Gift wrap requested
505762,807,105,14,9,2024-02-18,2024-02-27,5,464.48,30,U.P.I,Online,completed,133.99,Customer requested callback
506425,266,41,27,1,2024-10-20,2024-10-21,8,245.41,20,Net Banking,In-Store,COMPLETED,0,
507323,215,63,19,10,2026-01-16,2026-01-17,7,1192.1,0,Cash,In-Store,PENDING,0,
506485,832,123,9,16,2025-12-24,2025-12-31,5,400.63,0,Net Banking,Online,Canceled,47.72,
502151,370,44,25,7,2024-03-16,2024-03-24,2,426.1,5,cash,Online,Returned,59.86,
500838,953,101,9,8,2026-04-20,2026-04-22,7,2150.25,10,Card,Online,Compeleted,95.18,Gift wrap requested
506095,619,32,25,9,2024-07-04,2024-07-10,10,102.36,10,card,In-Store,cancelled,0,
509031,180,71,40,17,2024-11-03,2024-11-05,8,596.83,15,CASH,In-Store,pending,0,
507418,261,51,34,13,2024-07-10,2024-07-13,6,377,30,NetBanking,Online,COMPLETED,88.8,
502467,266,20,33,18,2025-07-06,,10,3085.94,15,CASH,Online,Retuned,-83.58,Gift wrap requested
500589,679,3,20,13,2025-05-07,,6,4437.97,20,NEFT,In-Store,COMPLETED,0,
501761,21,124,32,5,2025-08-30,2025-09-07,9,271.36,20,Debit Card,Online,Completed,36.09,
502470,395,63,2,7,2025-12-03,2025-12-04,5,1200.69,15,upi,Online,COMPLETED,55.82,
508465,70,121,24,22,2026-04-09,2026-04-12,8,499.06,50,U.P.I,In-Store,returned,0,
507502,167,125,8,3,2026-03-13,2026-03-19,1,415.9,20,cash,Online,Returned,82.06,
503425,301,36,38,13,2025-04-09,2025-04-14,4,411.41,30,Cash,In-Store,Compeleted,0,
508522,632,54,33,5,2024-08-07,2024-08-11,1,335.53,10,Net Banking,Online,Retuned,101.64,
507501,220,117,30,2,2025-08-05,2025-08-11,6,284.78,30,Net Banking,In-Store,COMPLETED,0,
501825,42,2,18,16,2025-09-30,2025-10-07,3,2916.9,20,Upi,Online,COMPLETED,111.52,
504831,218,23,19,1,2025-11-15,2025-11-23,5,2036.77,5,Debit Card,Online,Compeleted,68.22,
506329,481,3,34,18,2024-01-26,2024-01-31,3,4681.99,20,upi,Online,Compeleted,107.99,
503131,480,78,33,4,2024-05-01,2024-05-10,4,515.06,5,card,Online,COMPLETED,113.72,
504646,633,59,8,6,2025-03-16,2025-03-12,9,1035.52,5,upi,Online,Compeleted,99.7,Bulk order - verify stock
501617,564,71,12,24,2025-12-12,2025-12-21,0,627.78,0,upi,Online,Compeleted,124.34,
508596,260,13,4,3,2024-07-06,2024-07-08,2,4216.78,20,Credit Card,In-Store,CANCELLED ,0,
505089,715,126,2,9,2025-05-10,2025-05-18,1,588.79,10,Card,Online,Compeleted,62.45,Customer requested callback
504295,960,43,7,2,2024-04-30,2024-05-07,8,310.75,5,UPI,Online,COMPLETED,85.56,Gift wrap requested
508229,656,49,9,7,2024-09-15,2024-09-18,4,170.97,30,Credit Card,Online,Completed,77.51,
506174,862,92,20,4,2024-08-04,2024-08-07,10,1783.88,5,card,In-Store,completed,0,
506968,476,36,28,22,2024-10-25,2024-10-27,9,413.41,20,upi,Online,Retuned,116.4,
502593,359,62,36,6,2025-07-06,2025-07-09,2,893.08,25,NetBanking,In-Store,Cancelled,0,Urgent delivery requested
508129,466,118,18,23,2025-04-13,2025-04-18,1,467.88,25,CASH,Online,completed,98.5,Gift wrap requested
507302,159,75,34,14,2025-08-30,2025-09-02,10,1264.74,15,CASH,In-Store,pending,0,
509364,80,57,20,14,2025-07-07,2025-07-11,9,1371.6,10,Cash,In-Store,completed,0,Corporate order
508292,297,87,17,1,2024-07-06,2024-07-12,5,1350.63,10,NEFT,Online,Completed,67.43,
504764,308,88810,30,1,2025-12-29,2026-01-05,2,1772.99,20,Credit Card,Online,Compeleted,122.59,
506370,627,90,7,8,2024-02-25,2024-03-04,1,1567.93,25,NEFT,Online,completed,83.35,Bulk order - verify stock
503557,82,26,22,8,2026-05-24,2026-05-28,7,3274.71,10,Card,In-Store,completed,0,
501200,798,119,2,10,2025-08-03,2025-08-09,5,211.5,5,U.P.I,In-Store,Canceled,0,
507046,242,115,38,4,2024-03-11,2024-03-18,10,348.51,15,Card,In-Store,Completed,0,Loyalty discount applied manually
504344,806,43,18,12,2026-02-09,2026-02-15,1,298.01,10,Credit Card,In-Store,Cancelled,0,
504268,725,91,36,1,2025-07-16,2025-07-18,10,491.19,20,UPI,Online,Compeleted,110.64,Corporate order
507513,996,121,24,5,2026-01-24,2026-02-01,2,537.89,25,NEFT,Online,Completed,138.32,Urgent delivery requested
502738,364,84,37,1,2024-01-22,2024-01-30,9,771.67,30,upi,In-Store,CANCELLED ,0,
508962,955,31,27,18,2024-08-31,2024-09-08,10,154.85,30,NEFT,In-Store,completed,0,Loyalty discount applied manually
509745,649,14,29,18,2024-12-20,2024-12-24,5,4860.28,15,cash,Online,Canceled,43.68,
505686,613,101,30,5,2025-01-01,2025-01-06,9,2314.52,30,UPI,Online,completed,126.21,Gift wrap requested
501447,80,45,7,2,2024-10-06,2024-10-07,4,162.88,15,Upi,In-Store,Compeleted,0,
505145,197,50,17,20,2025-07-07,2025-07-08,6,276.69,20,Upi,Online,Retuned,29.49,
509039,589,19,38,18,2024-11-17,2024-11-22,5,2771.62,10,Credit Card,Online,COMPLETED,34.68,Corporate order
509683,19,98,22,24,2025-10-03,2025-10-04,9,1986.43,10,upi,In-Store,Completed,0,
503448,796,90,27,15,2025-01-26,2025-02-01,3,1520.39,0,Debit Card,Online,completed,96.7,Customer requested callback
507715,365,112,28,15,2024-10-07,2024-10-09,2,549.5,25,CASH,In-Store,COMPLETED,0,
507952,499,111,6,18,2025-05-04,2025-05-08,10,625.79,20,UPI,Online,cancelled,87.26,
504843,887,78,36,12,2026-01-22,2026-01-25,8,515.43,15,UPI,In-Store,Compeleted,0,
501743,908,52,25,8,2024-05-06,2024-05-07,4,391.61,25,upi,In-Store,completed,-71.59,
504218,887,46,34,19,2026-06-16,2026-06-24,4,333.19,20,Net Banking,Online,COMPLETED,90.63,
505879,396,116,34,12,2024-01-30,2024-02-08,2,215.23,15,Credit Card,In-Store,Canceled,0,
504798,112,49,15,14,2025-10-20,2025-10-21,6,181.55,30,Card,Online,Compeleted,71.24,
505182,299,12,5,11,2024-03-20,2024-03-22,3,483.4,25,net banking,Online,Compeleted,43.63,Bulk order - verify stock
500931,874,2,18,14,2024-08-14,2024-08-23,7,2994.14,0,upi,Online,Returned,110.12,
501441,852,47,20,17,2024-04-02,2024-04-05,10,122.18,0,CASH,Online,COMPLETED,99.59,
509499,446,36,39,1,2024-10-20,2024-10-24,8,421.05,50,Cash,In-Store,Completed,0,
501931,25,12,9,8,2026-05-21,2026-05-25,5,492.76,45,cash,In-Store,COMPLETED,0,
505815,669,119,27,2,2025-02-08,2025-02-16,10,214.16,15,Cash,In-Store,pending,0,
505571,604,57,28,17,2024-07-24,2024-07-26,2,1317.57,10,cash,Online,COMPLETED,91.28,
502492,669,24,30,22,2024-03-21,2024-03-29,7,4915.31,25,UPI,Online,COMPLETED,138.12,
506861,775,10,7,15,2024-03-26,2024-04-01,0,749.37,15,upi,In-Store,COMPLETED,0,
502092,359,106,33,16,2025-02-12,2025-02-18,8,659.47,15,cash,In-Store,Completed,0,
504411,960,82,3,3,2026-01-27,,9,540.39,5,Net Banking,Online,completed,93.36,Gift wrap requested
508800,348,120,17,6,2024-07-17,2024-07-23,6,154.4,30,CASH,Online,Completed,97.84,
509666,993,88801,2,23,2024-01-01,2024-01-02,2,350.88,25,UPI,Online,Completed,138.11,Gift wrap requested
500942,637,33,1,3,2025-03-05,2025-03-14,8,390.91,25,cash,In-Store,Compeleted,0,
503346,242,114,4,7,2026-06-23,2026-06-30,1,192.69,25,Net Banking,Online,Completed,86.84,
504443,149,43,14,14,2025-08-08,2025-08-17,7,292.69,15,card,In-Store,COMPLETED,0,
505625,974,114,15,18,2024-04-22,2024-04-26,1,193.03,15,Net Banking,In-Store,COMPLETED,0,
506985,589,121,23,12,2025-03-25,,5,505.96,25,CASH,In-Store,COMPLETED,0,Customer requested callback
508676,34,14,13,4,2026-05-22,2026-05-31,10,5128.69,15,card,Online,completed,141.21,
502337,269,123,9,6,2026-02-24,2026-03-03,8,413.41,5,Cash,In-Store,Completed,0,
509173,941,124,7,6,2024-06-04,2024-06-11,5,275.67,30,CASH,Online,Canceled,131.28,Gift wrap requested
502112,178,37,2,1,2025-08-20,2025-08-29,9,196.84,10,Debit Card,In-Store,Completed,0,Customer requested callback
506646,100,83,17,15,2025-10-17,2025-10-19,4,2484.8,5,NEFT,In-Store,COMPLETED,0,
508033,487,25,1,14,2024-12-09,2024-12-12,3,1431.04,10,NetBanking,In-Store,Completed,0,Urgent delivery requested
509043,686,92,35,2,2024-03-22,,2,1750.8,25,card,In-Store,Completed,0,Bulk order - verify stock
501808,598,49,7,15,2024-01-17,2024-01-25,2,181.27,30,UPI,In-Store,Completed,0,Corporate order
501863,926,48,27,13,2025-06-02,2025-05-28,5,136.38,30,CASH,Online,completed,92.05,
504458,642,37,11,3,2024-04-05,2024-04-09,9,193.21,25,UPI,Online,Retuned,83.2,
502110,611,31,20,5,2024-11-09,,9,158.25,0,UPI,Online,Completed,59.2,
502916,1,114,35,15,2025-06-14,2025-06-23,3,198.63,20,CARD,Online,completed,81.76,Corporate order
505051,891,41,12,23,2026-03-15,2026-03-20,4,237.98,5,Credit Card,Online,Retuned,103.65,
505430,715,55,22,9,2025-04-20,2025-04-21,4,1737.33,0,Credit Card,In-Store,Pending,0,Loyalty discount applied manually
505133,419,115,5,3,2026-03-28,2026-04-06,5,321.29,0,NEFT,In-Store,Compeleted,0,
503710,15,10,19,15,2025-12-05,2025-12-13,2,774.1,0,NEFT,Online,Retuned,143.55,Gift wrap requested
501496,213,72,17,19,2025-11-11,2025-11-19,6,1266.93,10,UPI,In-Store,COMPLETED,0,Loyalty discount applied manually
503941,,46,9,13,2025-05-02,2025-05-05,9,316.15,10,UPI,In-Store,Compeleted,0,Customer requested callback
509760,203,122,24,22,2024-11-06,2024-11-15,4,169.05,25,Debit Card,In-Store,cancelled,0,
507277,944,32,31,8,2024-04-26,2024-05-04,4,104.26,20,Credit Card,Online,COMPLETED,40.23,
501503,999029,65,3,10,2024-02-09,2024-02-13,9,1472.13,15,Net Banking,Online,Completed,85.21,Corporate order
505648,566,100,16,22,2024-09-19,2024-09-22,7,484.77,0,Cash,In-Store,completed,0,
509783,64,33,14,16,2025-09-27,2025-10-01,1,406.03,5,Debit Card,In-Store,Completed,0,Urgent delivery requested
505257,85,20,32,20,2024-08-17,2024-08-23,1,2929.32,20,CASH,Online,Compeleted,-84.11,
503055,202,37,5,23,2026-01-30,2026-01-31,2,190.76,5,net banking,Online,COMPLETED,49.76,
503256,570,112,12,18,2025-05-18,2025-05-19,6,562.84,20,CARD,Online,CANCELLED ,130.47,Urgent delivery requested
507288,349,105,26,24,2025-03-11,2025-03-19,6,480.24,5,Credit Card,In-Store,COMPLETED,0,
504069,929,37,34,10,2024-02-07,2024-02-11,6,198.62,15,cash,In-Store,Compeleted,0,Corporate order
505123,146,83,12,3,2026-06-30,2026-07-02,2,2361.34,10,U.P.I,Online,COMPLETED,67.42,
500958,671,74,5,9,2024-07-08,2024-07-14,1,1313.23,20,net banking,In-Store,Returned,0,
505584,358,73,24,19,2024-09-18,2024-09-26,8,1054.22,25,CASH,Online,Cancelled,50.19,
506512,9,107,7,16,2024-11-13,2024-11-22,3,371.03,30,CASH,In-Store,Compeleted,0,Customer requested callback
503175,299,4,16,23,2025-04-19,2025-04-28,2,4324.56,25,NetBanking,Online,Canceled,73.57,
508837,130,78,15,3,2024-06-12,2024-06-21,10,504.92,25,CASH,In-Store,COMPLETED,0,
505276,369,6,20,8,2025-04-12,2025-04-16,7,1772.75,5,cash,In-Store,Canceled,0,
503357,688,40,5,15,2025-10-22,2025-10-28,6,191.27,30,cash,In-Store,Retuned,0,
505109,75,79,40,21,2024-11-17,2024-11-25,5,1227.6,10,Credit Card,In-Store,Completed,0,
503226,44,41,18,20,2024-04-06,2024-04-14,6,228.34,30,CASH,Online,Completed,63.36,
506279,397,39,30,8,2026-04-16,,4,488.01,15,upi,In-Store,PENDING,0,
504557,937,106,9,23,2025-05-01,2025-04-30,7,694.11,5,UPI,Online,returned,85.27,
508019,606,88,32,4,2024-05-03,2024-05-10,7,722.34,30,U.P.I,Online,Cancelled,37.84,Urgent delivery requested
506170,963,92,17,6,2025-08-17,2025-08-18,3,1795.97,5,Debit Card,Online,returned,125.5,
505606,258,4,3,17,2025-07-30,2025-08-03,1,4375.68,5,net banking,In-Store,Retuned,0,Gift wrap requested
500585,403,32,11,23,2025-06-24,2025-06-29,4,101.34,5,Credit Card,In-Store,Compeleted,0,Corporate order
502522,676,2,8,1,2024-10-10,2024-10-17,5,2912.62,5,Cash,Online,Retuned,103.24,
505201,970,40,34,14,2024-04-18,2024-04-22,9,196.71,20,Credit Card,Online,Completed,78.32,Bulk order - verify stock
503029,27,47,3,24,2024-05-21,2024-05-22,3,116.72,30,Cash,Online,Retuned,133.75,
503934,437,16,15,24,2024-02-24,2024-02-28,7,2182.52,15,Cash,Online,Completed,94.88,Urgent delivery requested
505323,74,92,30,7,2026-01-03,2026-01-09,10,1771.98,0,CASH,In-Store,PENDING,0,Gift wrap requested
501758,571,97,13,15,2025-04-13,2025-04-20,10,1823.9,30,net banking,Online,completed,133.31,Customer requested callback
504246,3,50,4,1,2025-12-14,2025-12-21,10,285.92,20,Credit Card,In-Store,COMPLETED,0,Corporate order
500594,77,38,13,13,2024-09-10,2024-09-16,6,307.44,25,NetBanking,Online,COMPLETED,35.98,Corporate order
501911,729,31,4,4,2025-09-23,2025-09-30,1,156.1,10,UPI,Online,Compeleted,56.62,Gift wrap requested
500633,796,23,22,11,2026-06-12,2026-06-18,7,1935.52,25,card,Online,completed,113.15,
504122,165,102,36,24,2025-04-07,2025-04-12,6,1060.03,30,UPI,In-Store,Compeleted,0,
501602,723,41,5,7,2024-07-22,2024-07-30,4,242.39,5,Upi,Online,Cancelled,117.42,Corporate order
504020,8,69,26,5,2024-11-01,2024-11-10,7,1049.2,10,cash,In-Store,Compeleted,0,Corporate order
501250,1000,54,6,8,2025-03-04,2025-03-10,3,331.18,10,CARD,Online,Completed,132.67,
504896,578,101,7,15,2025-08-23,2025-09-01,6,2328.33,20,NEFT,Online,returned,101.97,
506738,790,125,1,23,2026-05-09,2026-05-15,2,397.58,15,Debit Card,Online,Completed,31.11,
507015,238,26,25,20,2026-03-01,,10,3000.08,5,upi,In-Store,Completed,0,Corporate order
502464,548,58,19,5,2024-10-16,2024-10-14,4,2035.32,25,Credit Card,In-Store,Compeleted,0,Bulk order - verify stock
507708,4,86,40,16,2025-03-10,2025-03-16,2,458.27,20,NEFT,In-Store,Compeleted,0,
507413,90,1,15,1,2024-08-26,2024-08-28,1,2910.43,15,cash,Online,completed,55.69,Corporate order
501221,197,2,5,23,2025-07-05,2025-07-08,4,2747.16,15,Card,In-Store,Completed,0,
506618,492,51,38,9,2026-06-28,2026-06-30,2,382.61,15,U.P.I,In-Store,completed,0,
500854,485,5,35,9,2024-08-16,2024-08-24,8,3540.61,5,card,Online,Compeleted,65.07,
501155,93,63,3,23,2025-01-23,2025-01-31,1,1179.54,30,Net Banking,In-Store,completed,0,
500906,399,115,7,16,2025-05-09,2025-05-17,1,341.09,5,upi,Online,completed,76.52,Corporate order
508558,793,82,40,19,2025-03-06,2025-03-14,4,562.93,0,CARD,Online,Compeleted,58.68,
501964,929,4,7,20,2024-12-10,2024-12-18,9,4299.69,25,Net Banking,Online,Compeleted,36.3,Loyalty discount applied manually
502534,604,58,19,12,2024-02-20,2024-02-25,4,2009.54,5,cash,In-Store,completed,0,Bulk order - verify stock
503388,680,46,18,16,2025-05-03,2025-05-07,8,317.76,5,net banking,Online,Returned,87.41,
501088,412,110,37,11,2025-10-15,2025-10-23,3,253.37,10,upi,In-Store,COMPLETED,0,Bulk order - verify stock
507948,617,56,8,1,2024-09-11,2024-09-18,3,897.33,30,CASH,In-Store,returned,-80.1,Gift wrap requested
505121,716,114,9,16,2024-03-06,2024-03-14,2,200.14,5,Net Banking,Online,Returned,90.89,
504707,35,72,32,5,2024-11-05,2024-11-11,1,1312.52,10,NEFT,In-Store,Pending,0,Loyalty discount applied manually
502688,916,56,37,22,2024-05-03,2024-05-12,4,920.46,0,NetBanking,Online,completed,81.99,
504208,872,107,15,16,2025-04-08,2025-04-13,8,382.75,10,net banking,In-Store,COMPLETED,0,
500133,654,56,35,7,2026-04-11,2026-04-16,10,880.7,10,cash,Online,PENDING,137.06,
507710,731,15,35,21,2024-09-27,2024-10-04,8,1801.47,0,Card,Online,completed,72.01,Corporate order
506101,615,24,27,6,2024-01-07,2024-01-08,8,4849.12,15,CARD,Online,completed,87.25,
504156,288,121,38,14,2024-01-21,2024-01-22,2,503.39,30,CASH,Online,Returned,117.59,
506577,767,105,1,19,2026-01-09,2026-01-07,4,481.64,0,Upi,Online,PENDING,128.94,Customer requested callback
503336,913,58,19,9,2025-11-01,2025-11-02,9,2024.55,5,NetBanking,In-Store,Compeleted,0,
500653,461,61,34,15,2026-04-30,2026-05-06,6,1091.88,15,Card,In-Store,completed,0,Gift wrap requested
506621,950,118,18,20,2024-07-27,2024-08-03,5,454.21,15,card,In-Store,completed,0,Gift wrap requested
507151,190,119,17,17,2025-10-11,2025-10-12,7,226.31,15,cash,Online,CANCELLED ,144.56,
502170,245,63,25,19,2024-06-08,2024-06-16,7,1250.1,15,UPI,In-Store,Retuned,0,
501492,328,13,35,6,2024-03-06,2024-03-08,10,4344.07,25,Credit Card,In-Store,Returned,0,
509691,695,88,38,21,2025-05-28,2025-05-29,5,721.3,30,upi,Online,Cancelled,39.86,Corporate order
502997,997,15,23,23,2025-06-03,2025-05-29,7,1817.28,15,Debit Card,In-Store,Completed,0,Customer requested callback
500254,805,47,15,14,2024-01-29,2024-02-07,4,115.84,30,Card,In-Store,COMPLETED,0,Urgent delivery requested
506867,179,23,39,20,2024-12-23,2024-12-19,5,2079.32,25,NetBanking,Online,completed,140.92,
504848,867,87,20,18,2025-05-14,2025-05-17,6,1354.64,20,card,In-Store,completed,0,Bulk order - verify stock
502023,705,119,3,14,2026-02-05,2026-02-06,8,210.69,0,Cash,In-Store,Retuned,0,Bulk order - verify stock
504142,198,46,13,21,2024-09-29,2024-10-07,3,316.65,20,NetBanking,In-Store,returned,0,Customer requested callback
507845,385,108,11,2,2025-08-01,2025-08-05,5,167.13,20,Card,In-Store,COMPLETED,0,
508091,665,55,7,22,2026-02-06,2026-02-11,4,1737.23,40,CASH,Online,COMPLETED,50.41,
505588,122,57,21,16,2025-08-24,2025-09-01,3,1302.48,0,Net Banking,Online,Compeleted,50.79,Loyalty discount applied manually
504071,762,92,9,18,2026-06-15,2026-06-20,9,1879.48,20,cash,In-Store,Completed,0,
509399,295,44,6,11,2024-03-01,2024-03-04,5,434.39,20,upi,Online,completed,90.72,
500722,80,4,11,4,2025-05-16,2025-05-21,9,4421.44,15,upi,Online,Completed,146.6,Urgent delivery requested
507518,44,51,30,13,2026-04-13,2026-04-20,6,383.52,0,UPI,Online,Cancelled,61.27,
507437,11,23,34,21,2025-03-05,2025-03-10,4,1963.28,15,CASH,In-Store,Completed,0,
505215,583,46,38,7,2025-04-26,2025-04-29,1,320.25,25,Cash,Online,Compeleted,84.19,
504723,220,52,9,19,2025-12-23,2025-12-31,7,393.4,0,Card,In-Store,COMPLETED,0,
504293,889,77,6,19,2026-06-16,2026-06-17,6,1460.4,10,NetBanking,Online,Compeleted,120.64,
509161,929,104,12,9,2025-12-23,2025-12-30,3,387.36,10,CARD,In-Store,COMPLETED,0,
507601,404,6,23,24,2026-03-05,2026-03-11,5,1786.65,10,card,Online,Cancelled,145.26,Gift wrap requested
503086,442,88,30,16,2024-11-18,2024-11-20,8,712.35,25,NetBanking,In-Store,Compeleted,0,Bulk order - verify stock
502089,592,26,24,1,2025-06-03,2025-06-08,6,3168.61,5,Upi,In-Store,Compeleted,0,Customer requested callback
507221,94,116,20,20,2024-07-31,2024-08-07,9,197.27,10,CASH,In-Store,COMPLETED,0,Gift wrap requested
504225,852,15,39,9,2025-03-01,2025-03-10,5,1874.86,30,upi,In-Store,CANCELLED ,0,Gift wrap requested
507147,161,47,37,12,2024-03-22,2024-03-30,4,118.55,5,Card,Online,returned,106.85,
505425,,5,40,12,2024-05-11,2024-05-15,1,3394.04,15,cash,In-Store,CANCELLED ,0,
507681,267,10,22,11,2024-11-14,2024-11-23,5,743.82,15,Upi,In-Store,CANCELLED ,0,
506053,950,4,36,10,2026-05-05,2026-05-09,5,4385.74,15,NEFT,Online,Completed,98.33,Customer requested callback
506424,925,99,28,12,2024-01-12,2024-01-17,8,983.18,15,UPI,In-Store,Retuned,0,Loyalty discount applied manually
509011,928,106,40,10,2025-09-28,2025-10-05,1,701.8,15,Net Banking,Online,completed,74.65,
505614,623,83,29,2,2024-09-24,2024-10-01,4,2475.43,30,Upi,Online,COMPLETED,94.76,
507498,494,61,8,13,2025-09-01,2025-09-02,5,1136.79,0,card,Online,completed,52.34,
501526,609,57,4,5,2026-04-12,2026-04-17,10,1406.14,15,net banking,Online,COMPLETED,71.57,Corporate order
507716,837,8,26,12,2025-02-12,2025-02-14,7,2806.91,0,Net Banking,Online,completed,127.33,
507480,293,14,4,13,2025-11-15,,10,4868.17,0,Debit Card,In-Store,Retuned,0,
508431,984,10,20,21,2026-03-23,2026-03-28,8,779.54,20,NetBanking,In-Store,Completed,0,
504318,44,56,36,14,2025-07-30,2025-08-03,7,896.2,30,Cash,In-Store,Compeleted,0,Customer requested callback
501766,487,65,6,8,2024-12-12,2024-12-14,10,1581.7,15,NEFT,Online,completed,56.9,
503456,318,55,16,2,2024-01-26,2024-01-29,8,1722.8,10,cash,In-Store,pending,0,
508774,,83,5,4,2025-09-18,2025-09-24,3,2404.15,5,NEFT,Online,pending,39.48,
504577,60,3,8,5,2024-11-13,2024-11-20,5,4599.8,30,Credit Card,Online,COMPLETED,70.75,Corporate order
502903,204,87,20,6,2024-01-19,2024-01-25,10,1365.3,20,net banking,In-Store,Completed,0,
502075,397,67,22,12,2024-09-05,2024-09-11,10,1067.36,15,upi,In-Store,Compeleted,0,Corporate order
505607,881,31,24,18,2024-07-01,2024-07-09,2,160.3,10,Cash,Online,Cancelled,103.94,
501499,813,118,33,17,2025-07-29,,4,455.44,20,Net Banking,In-Store,Compeleted,0,
509106,432,110,8,5,2025-03-29,2025-04-02,3,235.37,10,cash,Online,Compeleted,138.32,
505472,986,28,15,5,2024-02-10,2024-02-12,9,3774.4,0,upi,In-Store,completed,0,Gift wrap requested
504691,527,24,19,15,2026-06-17,2026-06-26,2,4730.42,0,upi,In-Store,Returned,0,
507445,765,9,37,5,2024-12-26,2024-12-27,-1,1236.51,10,UPI,In-Store,Retuned,0,Corporate order
507754,762,39,36,23,2024-08-22,2024-08-23,7,505.3,0,NetBanking,In-Store,pending,0,
504902,925,34,7,5,2026-03-24,2026-03-25,9,156.14,25,Upi,In-Store,Compeleted,0,Loyalty discount applied manually
503273,258,61,3,15,2024-11-12,2024-11-21,10,1080.44,25,cash,Online,Cancelled,47.15,
502068,587,91,35,19,2025-12-10,2025-12-17,4,468.42,25,CASH,Online,pending,43.66,Corporate order
500502,750,24,32,15,2025-09-12,2025-09-11,4,4868.78,30,CASH,In-Store,COMPLETED,0,
505490,402,56,28,24,2026-03-23,2026-03-28,6,933.58,20,CASH,In-Store,completed,0,
507125,838,119,15,10,2025-10-31,2025-11-03,8,228.23,20,U.P.I,Online,Cancelled,115.76,
507020,208,28,26,11,2025-03-21,2025-03-23,3,3870.16,20,Net Banking,Online,Completed,56.06,Gift wrap requested
502218,544,51,13,23,2024-08-13,2024-08-22,3,364.1,25,Debit Card,Online,Canceled,53.9,
508747,977,111,38,9,2025-02-27,2025-03-06,5,,10,UPI,Online,Completed,109.61,
505352,879,30,8,22,2025-08-23,2025-08-26,1,2703.66,5,cash,Online,completed,46.74,
504440,619,54,7,4,2026-04-17,2026-04-22,9,315.29,15,Cash,Online,CANCELLED ,100.06,
504289,595,103,25,9,2025-07-04,2025-07-12,5,606.2,25,U.P.I,Online,Completed,93.79,Loyalty discount applied manually
500101,78,83,23,21,2024-09-29,2024-10-06,5,2313.33,25,CASH,Online,cancelled,67.53,Gift wrap requested
508598,283,112,40,13,2026-05-30,2026-06-08,7,553.48,5,upi,In-Store,COMPLETED,0,
503718,914,9,26,5,2025-11-12,2025-11-14,5,1140.66,10,card,Online,Compeleted,126.65,
500754,492,1,4,15,2024-01-06,2024-01-10,6,,15,CASH,Online,Completed,140.7,Loyalty discount applied manually
507333,864,116,24,3,2025-09-19,2025-09-26,5,212.74,5,net banking,Online,completed,88.27,
500020,284,47,6,15,2024-04-27,2024-05-05,10,120,5,Credit Card,In-Store,COMPLETED,0,
503403,781,44,19,16,2024-05-05,2024-05-12,2,419.33,5,NEFT,Online,completed,132.33,
503724,984,21,22,5,2025-08-17,2025-08-23,3,678.9,25,upi,Online,completed,44.34,
501104,425,37,17,6,2025-04-10,2025-04-19,7,208.41,20,CASH,Online,Compeleted,116.91,
506040,149,97,29,18,2025-05-06,2025-05-09,1,1817.61,25,UPI,In-Store,Returned,0,Gift wrap requested
504472,653,45,22,22,2024-04-10,2024-04-15,10,165.93,20,NetBanking,In-Store,Compeleted,0,Gift wrap requested
508408,1,36,36,21,2025-09-19,2025-09-24,6,425.48,15,net banking,Online,Compeleted,126.08,Customer requested callback
502048,154,123,11,23,2026-01-23,2026-01-25,3,424.24,25,cash,In-Store,COMPLETED,0,
509361,4,84,20,22,2024-11-21,2024-11-25,9,755.2,25,upi,Online,Completed,141.72,
504664,561,105,7,15,2024-06-05,2024-06-02,8,454.3,40,Debit Card,In-Store,Cancelled,0,Gift wrap requested
503376,418,116,35,5,2024-02-08,2024-02-10,1,200.84,30,U.P.I,In-Store,completed,0,Gift wrap requested
502843,115,24,7,10,2025-01-27,2025-01-31,2,4539.9,30,U.P.I,Online,COMPLETED,109.97,
506505,852,63,31,3,2026-05-09,2026-05-12,3,1226.56,20,U.P.I,Online,Canceled,44.77,
508741,574,107,10,9,2024-12-24,2024-12-30,3,361.28,0,cash,Online,completed,39.11,
509754,216,102,35,10,2026-02-18,,3,1062.89,0,Cash,Online,completed,122.26,Bulk order - verify stock
504052,28,33,35,20,2024-03-08,2024-03-17,7,389.19,30,net banking,Online,completed,130.66,
508888,764,103,24,4,2025-05-22,2025-05-25,3,590.12,5,UPI,In-Store,completed,0,
500078,947,60,4,2,2025-11-19,2025-11-23,4,1664.56,25,NetBanking,In-Store,completed,0,Bulk order - verify stock
502363,635,72,39,14,2025-01-26,2025-01-29,8,1328.64,30,upi,In-Store,Compeleted,0,
508769,999008,81,1,13,2024-04-24,2024-04-26,6,1717.71,15,Cash,Online,cancelled,148.42,
508808,237,126,10,3,2025-02-12,2025-02-15,3,559.12,30,Credit Card,In-Store,Compeleted,0,
502232,875,20,32,19,2026-01-24,2026-01-25,5,2917.33,15,U.P.I,In-Store,Completed,0,Urgent delivery requested
509160,581,39,39,24,2025-06-05,2025-06-10,8,514.04,5,CASH,Online,CANCELLED ,29.48,
500959,30,74,14,8,2025-09-13,2025-09-22,4,1371.75,30,UPI,In-Store,COMPLETED,0,
506515,699,52,36,21,2024-10-20,2024-10-29,7,394.89,20,Cash,Online,Completed,119,
509782,912,48,21,5,2024-03-02,2024-03-08,2,127.66,5,CASH,Online,pending,62.48,Corporate order
500951,363,76,17,5,2025-01-07,2025-01-12,7,1804.54,5,CASH,In-Store,completed,0,Customer requested callback
501154,364,95,5,12,2026-01-02,2026-01-11,1,680.43,20,upi,Online,Returned,88.67,
502917,551,121,22,15,2025-02-27,2025-03-01,5,545.01,20,card,Online,completed,139.31,
502347,228,66,27,8,2025-08-04,2025-08-10,4,1845.71,10,Net Banking,In-Store,returned,0,
507822,310,72,28,7,2025-03-09,2025-03-15,8,1304.95,45,cash,In-Store,Compeleted,0,
501120,235,64,34,15,2024-05-21,2024-05-28,3,1300.67,25,card,Online,Completed,87.09,Loyalty discount applied manually
507682,722,52,6,3,2025-03-17,2025-03-26,1,361.15,35,Debit Card,Online,Completed,141.8,Gift wrap requested
507641,522,84,39,21,2024-11-07,2024-11-11,5,717.79,0,Credit Card,In-Store,Completed,0,
500690,130,117,2,15,2025-06-14,2025-06-20,5,284.25,5,net banking,In-Store,Canceled,0,Gift wrap requested
507719,398,123,37,3,2024-07-12,2024-07-17,10,398.77,20,UPI,Online,COMPLETED,140.19,Customer requested callback
502495,979,25,40,17,2024-04-10,2024-04-16,5,1387.07,15,Upi,Online,Completed,113.08,Bulk order - verify stock
507774,403,105,27,13,2024-05-29,2024-05-30,1,451.35,5,Card,In-Store,completed,0,
509591,529,6,29,13,2024-08-01,2024-08-05,1,1701.4,5,net banking,Online,COMPLETED,124.2,Customer requested callback
500077,253,94,29,10,2024-08-25,2024-08-28,2,1389.88,15,Debit Card,Online,Compeleted,138.11,
500474,342,109,13,24,2024-07-14,2024-07-16,3,524.26,20,NetBanking,Online,Canceled,113.03,Gift wrap requested
501541,229,3,3,5,2024-03-14,2024-03-23,8,4369.09,5,Net Banking,Online,completed,46.09,Bulk order - verify stock
502722,655,14,2,23,2024-06-24,2024-07-02,4,4799.81,15,card,In-Store,Completed,0,
509590,242,17,34,21,2024-07-27,2024-08-02,4,4129.54,15,Credit Card,In-Store,completed,0,Loyalty discount applied manually
502291,968,108,27,4,2025-03-10,2025-03-19,8,167.41,10,Credit Card,Online,Returned,69.88,Bulk order - verify stock
509504,927,1,35,5,2026-05-01,2026-05-08,3,2813.55,15,card,In-Store,COMPLETED,0,Customer requested callback
501777,603,82,28,12,2024-12-27,2025-01-04,6,525.36,20,CASH,Online,Compeleted,148.69,
508744,,119,5,13,2024-08-12,2024-08-14,1,224.43,10,Card,In-Store,COMPLETED,0,Loyalty discount applied manually
506913,292,115,3,15,2025-04-30,2025-05-02,10,323.5,25,card,Online,Completed,67.78,Bulk order - verify stock
507197,657,41,24,5,2024-10-02,2024-10-04,1,231.47,20,CASH,In-Store,completed,0,
503366,939,56,17,1,2025-09-27,2025-09-29,1,900.23,15,Upi,In-Store,Compeleted,0,
505661,467,123,4,16,2026-03-13,2026-03-17,1,427.8,15,Credit Card,Online,Compeleted,32.65,
501400,620,22,37,7,2025-04-18,2025-04-21,2,1319.08,0,NetBanking,Online,Compeleted,73.88,Loyalty discount applied manually
503756,476,70,40,3,2025-03-18,2025-03-20,10,1907.4,15,Card,In-Store,Completed,0,Bulk order - verify stock
503593,463,27,34,10,2024-12-10,2024-12-19,9,3678.22,25,net banking,Online,Completed,115.43,Urgent delivery requested
502543,125,15,34,19,2025-04-13,2025-04-22,10,1909.18,5,U.P.I,Online,completed,34.61,Urgent delivery requested
504340,869,10,27,3,2024-08-16,2024-08-18,6,758.74,30,Credit Card,Online,COMPLETED,64.48,
504260,527,8,22,3,2026-03-26,2026-04-03,3,2634.79,5,UPI,In-Store,completed,0,Bulk order - verify stock
500534,20,120,23,15,2024-07-25,2024-07-21,2,151.89,25,NetBanking,In-Store,pending,0,
508749,801,102,8,20,2025-04-04,2025-04-03,7,1028.56,30,cash,In-Store,completed,0,Customer requested callback
509359,737,33,20,8,2025-11-19,2025-11-25,10,375.43,20,Net Banking,Online,Cancelled,118.79,Gift wrap requested
506947,219,86,2,22,2024-03-10,2024-03-15,1,448.14,20,CARD,Online,Compeleted,124.48,Loyalty discount applied manually
505030,367,116,27,11,2024-11-26,2024-12-05,9,204.24,0,UPI,Online,CANCELLED ,55.1,
505370,664,52,28,5,2026-05-25,2026-05-27,2,363.27,15,upi,Online,completed,131.65,
502486,297,80,31,16,2024-12-03,2024-11-28,2,1385.6,25,card,In-Store,returned,0,
501315,710,86,20,6,2025-01-03,2025-01-04,7,440.52,30,U.P.I,Online,Compeleted,40.57,
508529,473,114,40,22,2025-01-24,2025-01-29,1,202.85,10,Net Banking,In-Store,Compeleted,0,
506771,757,79,39,13,2026-04-16,2026-04-17,8,1166.96,15,Debit Card,Online,Completed,62.49,Urgent delivery requested
502755,679,8,17,11,2025-11-23,2025-12-01,4,2768.25,5,cash,In-Store,COMPLETED,0,
501363,380,92,36,10,2024-02-23,2024-02-29,5,1870.37,5,NetBanking,In-Store,Compeleted,0,Urgent delivery requested
508217,77,63,7,19,2024-04-08,2024-04-15,2,1217.6,5,Upi,Online,COMPLETED,131.37,Gift wrap requested
506023,983,119,14,7,2026-02-25,2026-03-02,1,216.78,0,Upi,In-Store,Cancelled,0,
502267,347,63,34,11,2024-07-16,2024-07-18,7,1177.18,10,cash,Online,Pending,105.1,Corporate order
507490,7,94,37,13,2025-03-17,2025-03-22,3,1297.78,15,NetBanking,Online,COMPLETED,140.74,
503162,510,26,10,7,2026-05-26,2026-05-28,4,3258.43,25,CARD,In-Store,PENDING,0,
505543,517,49,13,23,2024-12-20,2024-12-27,10,177.77,0,U.P.I,In-Store,Returned,0,
501913,326,51,5,5,2024-03-28,2024-04-01,6,379.11,5,CARD,In-Store,Compeleted,0,Corporate order
506390,595,6,6,3,2025-11-13,2025-11-16,3,1691.05,25,net banking,Online,Completed,135.9,
504609,299,91,21,16,2026-03-25,2026-03-30,3,463.46,40,NetBanking,Online,Compeleted,67.66,Corporate order
501431,627,59,3,19,2024-09-21,2024-09-30,1,1032.14,5,CASH,In-Store,Cancelled,0,
501658,422,102,16,1,2026-06-24,2026-06-26,5,1034.86,30,NEFT,In-Store,CANCELLED ,0,
505015,840,36,32,11,2026-05-14,2026-05-23,4,417.98,25,NetBanking,In-Store,COMPLETED,-66.72,
502821,769,116,5,10,2025-08-29,2025-09-04,8,214.3,30,UPI,In-Store,Returned,0,Loyalty discount applied manually
508375,691,30,29,23,2025-12-16,2025-12-20,2,2852.49,10,NetBanking,Online,cancelled,143.1,
502150,760,16,8,3,2026-02-03,,10,2107.66,30,Card,Online,Compeleted,139.22,Urgent delivery requested
503576,917,14,16,13,2024-12-29,2025-01-01,1,5130.92,5,NEFT,In-Store,completed,-37.66,Customer requested callback
506067,39,92,1,17,2024-05-20,2024-05-26,7,1874.46,25,CASH,In-Store,COMPLETED,0,
501198,933,93,16,12,2024-01-09,2024-01-10,5,388.5,20,upi,Online,Completed,143.41,
507153,350,98,2,22,2024-05-30,2024-06-07,1,1987.69,5,Card,Online,Compeleted,58.24,
502511,543,30,25,13,2024-12-29,2024-12-24,9,2708.45,20,cash,Online,Pending,97.21,
509519,511,108,34,3,2026-03-26,2026-03-27,5,165.79,15,cash,In-Store,Completed,0,
503518,176,83,27,20,2024-12-29,2025-01-03,9,2351.79,20,Net Banking,Online,pending,79.54,Customer requested callback
508120,670,63,7,13,2024-11-28,2024-12-02,1,,5,CARD,In-Store,Completed,0,
509151,989,6,30,4,2025-04-03,2025-04-07,1,1664.77,0,Credit Card,In-Store,Completed,0,Gift wrap requested
508124,686,122,20,2,2024-12-11,2024-12-20,10,170.35,5,Net Banking,Online,Completed,81.09,
501477,690,99,8,23,2025-05-18,2025-05-19,9,974.49,40,U.P.I,Online,COMPLETED,47.96,Loyalty discount applied manually
504518,963,36,39,15,2025-03-07,2025-03-11,10,401.42,5,CASH,Online,Canceled,118.65,
502462,679,105,30,18,2024-07-26,2024-07-27,2,481.66,20,CASH,In-Store,Compeleted,0,
504497,865,101,29,10,2025-05-30,2025-05-31,1,2173.35,25,cash,Online,PENDING,39.46,Urgent delivery requested
505952,872,107,20,13,2024-11-12,2024-11-18,8,381.68,25,cash,In-Store,Completed,0,Corporate order
501650,964,54,17,16,2025-09-21,2025-09-25,3,329.46,30,Cash,In-Store,COMPLETED,0,
506204,5,77,17,18,2024-10-06,2024-10-12,4,1407.86,20,NetBanking,Online,PENDING,91.7,
503219,42,125,11,20,2025-08-27,2025-08-28,8,409.65,25,U.P.I,In-Store,Compeleted,0,
507722,443,26,27,21,2025-12-14,2025-12-15,5,3092.89,20,cash,Online,returned,142.14,
507218,597,122,27,1,2025-11-03,2025-11-04,7,170.78,20,Net Banking,In-Store,Compeleted,0,
500057,437,32,35,19,2025-03-21,2025-03-27,10,104.18,5,Debit Card,Online,Compeleted,138.74,
505777,349,87,10,19,2025-05-25,2025-05-28,2,1320.58,20,CARD,Online,COMPLETED,136.51,Gift wrap requested
504418,651,59,17,2,2025-05-19,2025-05-27,7,1017.87,10,Upi,Online,returned,112.76,
500987,143,121,39,11,2024-07-19,2024-07-20,8,538.65,25,NEFT,In-Store,completed,0,Urgent delivery requested
505698,810,102,14,15,2024-12-19,2024-12-28,8,1033.52,5,Upi,Online,pending,58.59,Gift wrap requested
504421,234,122,12,18,2024-02-21,2024-02-28,7,170.4,20,card,Online,completed,88,Customer requested callback
502059,461,89,24,17,2024-09-22,2024-09-19,1,1750.04,10,NEFT,In-Store,completed,0,
508171,811,112,6,12,2026-05-26,,10,571.56,25,CARD,Online,completed,58.81,
509765,689,92,16,17,2025-10-16,2025-10-21,8,1878.47,10,Net Banking,In-Store,completed,0,Loyalty discount applied manually
502367,849,71,10,8,2025-02-21,2025-02-23,3,614.38,0,cash,In-Store,Returned,0,
504102,203,32,12,19,2025-06-18,2025-06-19,2,104.09,10,Debit Card,In-Store,Completed,0,
509348,181,6,15,14,2025-06-06,2025-06-15,4,1735.97,10,Card,In-Store,pending,0,
508113,876,32,30,7,2024-08-06,2024-08-09,5,102.69,30,cash,In-Store,Compeleted,0,Corporate order
508791,403,40,22,5,2025-07-31,2025-08-03,2,202.76,0,NEFT,In-Store,Compeleted,0,Gift wrap requested
507832,841,68,32,9,2025-06-25,2025-07-01,10,360.25,10,Upi,Online,CANCELLED ,42.71,
503840,868,41,28,23,2026-04-27,2026-05-06,3,237.63,5,NetBanking,Online,completed,40.06,Urgent delivery requested
502512,28,34,26,1,2024-09-16,2024-09-22,9,154.35,30,card,In-Store,Completed,0,Corporate order
507880,423,102,11,5,2024-06-24,2024-07-01,2,1052.4,10,upi,Online,Compeleted,30.66,Gift wrap requested
502519,443,123,31,21,2024-01-02,2024-01-08,7,415.72,25,cash,Online,Compeleted,71.09,
503166,43,49,20,18,2024-01-10,2024-01-16,3,179.99,50,Cash,Online,Completed,115.89,Corporate order
505260,838,82,19,1,2025-07-14,2025-07-16,8,530.39,20,net banking,In-Store,completed,0,
504248,606,60,40,20,2026-03-26,2026-04-02,5,1641.01,0,NetBanking,Online,Completed,41.95,
503844,564,68,14,3,2025-07-14,2025-07-15,6,382.49,10,cash,Online,PENDING,108.01,Bulk order - verify stock
506888,219,5,29,7,2026-04-03,2026-04-09,6,3500.04,5,upi,Online,COMPLETED,29.76,Corporate order
502290,5,65,2,5,2025-08-09,2025-08-16,2,1491.43,0,cash,In-Store,completed,0,Bulk order - verify stock
501862,726,111,2,10,2024-11-07,2024-11-13,10,656.83,10,Upi,In-Store,Completed,0,
509844,624,88,6,1,2025-12-28,2026-01-03,1,727.74,0,upi,Online,Completed,102.17,Gift wrap requested
508008,623,45,11,9,2024-11-20,2024-11-28,8,165.71,5,Net Banking,Online,COMPLETED,124.9,Bulk order - verify stock
506941,212,103,9,10,2025-05-19,2025-05-25,3,585.24,30,card,In-Store,Cancelled,0,
500116,891,84,8,9,2025-05-10,2025-05-06,3,771.68,30,U.P.I,In-Store,cancelled,0,Corporate order
506615,65,87,7,20,2024-05-10,2024-05-13,4,1294.47,10,Cash,In-Store,Completed,0,Gift wrap requested
506939,732,122,20,2,2025-02-13,2025-02-14,6,,20,Upi,In-Store,Compeleted,0,
502302,878,33,11,12,2025-10-08,2025-10-17,6,397.37,15,NetBanking,In-Store,Pending,0,
507010,952,52,17,1,2024-06-10,2024-06-16,9,373.41,25,cash,Online,CANCELLED ,127.71,Urgent delivery requested
503683,700,118,8,18,2026-03-02,2026-03-05,7,447.58,30,net banking,In-Store,COMPLETED,0,Bulk order - verify stock
503384,826,34,18,12,2025-10-21,2025-10-18,6,151.64,5,card,In-Store,Cancelled,0,Corporate order
503223,317,32,13,23,2025-06-10,2025-06-18,7,103.61,15,CARD,Online,Completed,52.43,
509446,961,73,35,16,2026-02-08,2026-02-14,8,1120.9,15,Debit Card,Online,completed,121.08,
503471,161,69,23,1,2024-06-14,,4,1056.12,40,NetBanking,In-Store,COMPLETED,0,Gift wrap requested
509022,232,23,37,8,2025-08-21,2025-08-16,10,2115.17,0,CASH,Online,COMPLETED,54.81,Urgent delivery requested
500117,813,55,16,15,2025-10-11,2025-10-13,2,1714.08,30,Upi,Online,Pending,122.46,
507899,887,111,18,24,2024-09-22,2024-09-21,3,655.2,5,Card,In-Store,completed,0,
501146,784,113,18,17,2024-12-17,,3,239.3,30,upi,In-Store,Returned,0,Corporate order
502339,409,49,36,11,2025-10-12,2025-10-16,10,176.03,0,CARD,Online,COMPLETED,66.05,
501391,787,68,25,10,2025-09-11,2025-09-15,6,379.49,25,net banking,In-Store,Retuned,0,
502905,406,38,7,13,2025-06-09,2025-06-17,5,309.99,15,U.P.I,In-Store,Retuned,0,Customer requested callback
501063,95,54,25,7,2025-02-28,2025-03-04,5,313.42,5,Upi,Online,COMPLETED,123.89,
500087,384,2,23,4,2026-02-04,2026-02-08,9,2918.43,15,card,Online,returned,116,Urgent delivery requested
505088,135,64,5,22,2025-10-31,2025-11-01,2,1323.31,5,net banking,Online,Compeleted,100.83,
507546,527,109,32,7,2024-01-03,2024-01-12,5,499.58,25,net banking,In-Store,Completed,0,
509682,225,84,12,24,2026-06-14,2026-06-23,9,730.89,0,Card,In-Store,COMPLETED,0,Corporate order
507737,686,87,24,23,2024-06-28,2024-07-03,10,1310.31,5,Card,In-Store,COMPLETED,0,Corporate order
503512,378,119,24,18,2026-01-13,2026-01-16,9,226.97,20,net banking,In-Store,Compeleted,0,Bulk order - verify stock
500320,735,71,37,13,2025-03-08,2025-03-11,4,577.57,25,card,In-Store,Compeleted,0,
502031,649,47,31,18,2024-02-14,2024-02-15,1,114.6,15,NetBanking,In-Store,Compeleted,0,
502027,869,125,20,14,2024-11-30,2024-12-01,6,407.9,45,card,Online,COMPLETED,95.59,
508117,903,120,17,19,2026-05-04,2026-05-06,5,160.4,5,UPI,In-Store,pending,0,Bulk order - verify stock
504918,627,11,35,24,2024-08-19,2024-08-21,7,4720.26,15,CARD,Online,COMPLETED,133.06,
507854,383,53,27,23,2026-04-09,2026-04-11,4,285,0,card,Online,Cancelled,132.28,
500583,710,111,38,4,2024-04-29,2024-05-01,3,624.89,10,UPI,Online,Compeleted,100.31,
501520,506,100,24,13,2024-01-29,2024-02-03,3,484.74,15,cash,In-Store,COMPLETED,0,
502304,2,39,12,6,2024-05-08,2024-05-17,5,479.83,20,CASH,Online,COMPLETED,32.85,Urgent delivery requested
508878,,45,37,12,2024-01-18,2024-01-25,4,169.51,30,CASH,Online,Returned,39.82,
506961,266,104,8,13,2026-04-18,2026-04-20,10,406.74,15,Upi,In-Store,Completed,0,Gift wrap requested
508560,546,41,40,17,2026-03-14,2026-03-18,1,248.55,25,net banking,In-Store,Pending,0,
504605,148,67,30,23,2025-06-12,2025-06-18,6,1035.71,30,U.P.I,In-Store,COMPLETED,0,
503377,385,9,22,8,2025-08-22,2025-08-23,9,1251.59,0,cash,Online,CANCELLED ,137.39,
508062,426,61,12,14,2025-10-13,2025-10-15,3,1147.15,5,NetBanking,Online,completed,94.44,Gift wrap requested
501384,,109,40,5,2024-05-24,2024-05-29,8,481.28,10,Upi,Online,Completed,95.77,
505593,815,70,25,15,2024-01-10,2024-01-14,9,1841.05,15,upi,In-Store,Pending,0,Urgent delivery requested
503650,281,94,12,18,2024-06-22,2024-06-23,8,1343.82,25,CASH,Online,Completed,148.38,Corporate order
500016,128,110,2,15,2025-04-01,2025-04-06,5,248.76,0,CASH,In-Store,Returned,0,
503503,567,22,26,11,2025-01-20,2025-01-26,6,1336.93,0,NEFT,Online,Completed,105.33,
508839,431,121,12,20,2025-04-07,2025-04-13,2,535.22,35,UPI,In-Store,COMPLETED,0,Corporate order
508449,824,101,38,14,2026-04-19,,9,2145.37,25,upi,In-Store,COMPLETED,0,
506906,844,51,1,3,2025-06-05,2025-06-07,1,392.24,25,Credit Card,Online,pending,146.63,
504531,37,111,24,16,2024-01-27,2024-02-02,1,676.16,25,Debit Card,In-Store,Completed,0,Corporate order
505891,456,36,34,10,2024-06-14,2024-06-20,4,416.64,25,Debit Card,In-Store,COMPLETED,0,
509177,370,71,23,24,2025-01-01,2025-01-10,9,587.63,5,NetBanking,Online,Completed,35.98,Corporate order
500354,853,116,39,4,2026-03-30,2026-04-01,4,210.38,25,CASH,Online,COMPLETED,121.26,Customer requested callback
509482,181,84,32,4,2024-08-13,2024-08-08,9,764.31,20,UPI,Online,Completed,148.72,
500710,177,5,19,12,2026-04-13,2026-04-16,3,3369.28,5,UPI,In-Store,completed,0,
504342,691,46,22,16,2025-01-13,2025-01-17,7,313.54,0,CARD,In-Store,Canceled,0,Bulk order - verify stock
502514,610,27,34,7,2025-12-30,2026-01-06,5,3688.09,35,net banking,In-Store,Completed,0,Customer requested callback
506005,527,112,26,10,2024-04-09,2024-04-13,6,575.73,10,UPI,Online,COMPLETED,32.71,
509686,,76,26,2,2024-12-09,2024-12-18,7,1769.71,10,CASH,Online,cancelled,47.9,Customer requested callback
500386,386,3,39,22,2024-12-01,2024-12-06,5,4743.15,25,UPI,Online,Compeleted,36.5,Loyalty discount applied manually
506732,978,23,25,15,2024-10-21,2024-10-29,8,2058.84,30,U.P.I,In-Store,Compeleted,0,
505741,631,110,36,1,2024-01-25,2024-02-03,4,243.98,5,net banking,In-Store,COMPLETED,0,Gift wrap requested
505836,465,110,11,16,2025-07-01,2025-07-10,5,254.18,10,Net Banking,In-Store,completed,0,Urgent delivery requested
508668,306,43,37,10,2025-10-21,2025-10-24,10,289.22,0,U.P.I,In-Store,COMPLETED,0,Loyalty discount applied manually
504146,733,21,14,7,2025-08-13,2025-08-22,9,654.76,0,Cash,In-Store,Completed,0,
504562,361,66,15,19,2026-05-23,2026-06-01,9,1810.89,20,Debit Card,Online,Compeleted,98.62,Loyalty discount applied manually
502517,297,120,32,5,2025-02-21,2025-02-26,7,151.52,5,CASH,In-Store,completed,0,
500058,913,77,18,3,2025-06-24,2025-06-30,5,1521.18,10,NetBanking,In-Store,Compeleted,0,
509485,300,40,14,5,2024-08-12,2024-08-13,5,188.77,10,Card,Online,returned,122.4,
507659,559,58,36,6,2025-05-16,2025-05-24,9,2028.19,20,Credit Card,In-Store,completed,0,
502764,146,59,23,1,2025-10-07,2025-10-16,4,1031.01,20,CASH,Online,CANCELLED ,-65.17,Gift wrap requested
507602,605,63,38,20,2025-04-02,2025-04-10,6,1191.83,15,NetBanking,Online,Retuned,134.41,
500798,406,96,21,23,2024-11-08,2024-11-10,8,1882.34,25,Card,In-Store,pending,0,
507762,515,87,14,5,2025-07-02,2025-07-03,4,1332.74,15,Upi,Online,COMPLETED,121.88,Corporate order
508518,772,103,20,1,2026-05-25,2026-06-01,10,607.07,5,NetBanking,In-Store,COMPLETED,0,
501192,672,97,21,10,2026-04-20,2026-04-24,6,1885.93,30,Cash,Online,Retuned,91.74,Bulk order - verify stock
501322,35,90,30,1,2024-12-08,2024-12-07,1,1594.68,25,CARD,Online,Compeleted,71.55,Bulk order - verify stock
504127,740,10,20,21,2026-04-02,2026-04-03,3,720.17,15,cash,In-Store,cancelled,0,
502026,395,100,24,20,2024-10-10,2024-10-11,0,515.93,20,Cash,In-Store,pending,0,Urgent delivery requested
501865,320,55,4,2,2025-06-20,2025-06-27,3,1614.05,20,cash,In-Store,pending,0,
500674,173,118,9,2,2025-02-12,2025-02-07,8,477.99,30,net banking,In-Store,COMPLETED,0,Customer requested callback
507707,448,69,22,15,2026-02-23,2026-03-02,5,1047,15,card,Online,Retuned,42.04,
503875,21,99,27,13,2025-04-13,2025-04-14,3,997.03,10,Net Banking,In-Store,COMPLETED,0,Corporate order
507785,659,62,34,12,2024-02-09,2024-02-17,1,914.63,30,Upi,Online,COMPLETED,104.08,Customer requested callback
500308,749,110,32,4,2025-10-18,2025-10-24,9,239.01,5,upi,In-Store,Completed,0,Loyalty discount applied manually
502144,63,98,8,15,2024-09-22,2024-10-01,3,1955.91,30,Net Banking,In-Store,completed,0,Corporate order
508765,718,17,27,10,2025-06-25,2025-06-28,3,4014.07,35,Net Banking,Online,CANCELLED ,106.2,
500977,712,49,6,8,2025-04-24,2025-04-28,8,173.46,15,CASH,Online,cancelled,99.97,Loyalty discount applied manually
501463,669,47,20,23,2024-10-03,2024-10-06,1,,5,UPI,Online,completed,136.37,Bulk order - verify stock
502141,502,120,16,10,2024-08-01,2024-08-02,9,165.89,25,cash,Online,Compeleted,74.84,
500274,225,110,21,22,2025-10-24,2025-10-26,10,238.12,40,net banking,In-Store,Retuned,0,
507683,259,21,31,1,2024-09-19,2024-09-22,0,631.27,5,NetBanking,In-Store,Cancelled,0,
502049,619,38,2,4,2026-03-23,2026-03-25,4,307.67,30,U.P.I,Online,Returned,109.17,
509288,926,86,31,11,2025-12-10,2025-12-17,6,442.84,10,card,In-Store,Returned,0,
505198,195,19,12,2,2026-03-19,2026-03-25,7,2666.53,0,Credit Card,Online,COMPLETED,82.62,
509082,676,84,5,21,2024-02-21,2024-02-23,1,704.25,5,Cash,In-Store,Returned,0,Loyalty discount applied manually
504520,146,49,26,1,2024-01-13,2024-01-17,1,182.28,20,cash,In-Store,Completed,0,Customer requested callback
508745,126,95,32,14,2025-12-28,2026-01-03,5,679.19,5,Debit Card,Online,completed,42.19,
506417,534,78,26,13,2025-10-15,2025-10-22,2,490.73,10,UPI,Online,pending,105.14,
502394,84,105,30,7,2024-06-23,2024-06-25,10,494.23,20,NetBanking,Online,COMPLETED,57.21,Loyalty discount applied manually
504327,191,87,40,5,2024-01-17,2024-01-26,7,1324.28,25,CASH,In-Store,COMPLETED,0,
503261,910,51,27,6,2026-03-18,2026-03-20,10,378.67,20,net banking,In-Store,COMPLETED,0,
502000,470,92,25,2,2024-11-11,2024-11-18,5,1808.4,0,cash,Online,Pending,35.02,
505918,406,59,22,4,2024-06-22,2024-06-23,8,1071.85,30,UPI,In-Store,COMPLETED,0,Urgent delivery requested
502515,156,54,19,4,2025-04-19,2025-04-23,3,329.97,5,NEFT,Online,Compeleted,124.9,
500921,751,32,21,23,2025-01-15,2025-01-17,5,102.37,25,NEFT,In-Store,Compeleted,0,
503489,134,105,14,13,2024-11-25,2024-11-30,7,459.87,0,upi,Online,Returned,49.73,
508527,402,17,17,12,2024-04-01,2024-04-08,10,4343.47,30,Upi,In-Store,completed,0,Loyalty discount applied manually
500262,992,92,33,12,2024-12-15,2024-12-19,3,1814.48,15,Debit Card,Online,COMPLETED,53.76,Loyalty discount applied manually
504583,628,77,2,7,2024-08-24,2024-09-02,4,1512.58,25,cash,In-Store,Compeleted,0,
501907,42,51,23,8,2024-01-20,2024-01-28,5,374.96,5,Net Banking,In-Store,COMPLETED,0,
508476,388,96,40,18,2026-04-27,2026-05-02,7,1980.65,30,NEFT,Online,COMPLETED,79.73,
501993,505,79,6,18,2025-07-06,2025-07-14,2,1236.36,10,U.P.I,In-Store,COMPLETED,0,Bulk order - verify stock
505993,563,72,32,23,2025-05-09,2025-05-11,1,1221.16,30,cash,In-Store,COMPLETED,0,Corporate order
500048,989,103,14,11,2024-10-26,2024-10-31,3,598.14,20,NetBanking,In-Store,pending,0,Loyalty discount applied manually
502779,258,33,19,24,2024-05-22,2024-05-24,6,403.26,30,Cash,Online,Completed,107.67,Urgent delivery requested
502882,573,98,23,14,2025-12-01,2025-12-08,4,2012.07,25,Credit Card,In-Store,Retuned,0,
502623,46,76,35,17,2024-02-16,2024-02-17,5,1785.84,10,CASH,Online,Compeleted,146.04,Customer requested callback
503524,356,78,21,21,2025-10-05,2025-10-14,5,508.19,25,CARD,Online,Completed,36.67,
506832,999025,52,37,23,2026-02-26,2026-03-06,9,381.68,0,Net Banking,In-Store,Returned,0,
502283,824,39,21,21,2024-08-14,2024-08-23,8,471.87,25,Cash,Online,Completed,118.9,
506334,486,16,11,20,2024-02-12,2024-02-20,5,2139.22,5,CARD,Online,completed,81.41,
503296,654,81,34,22,2024-02-05,2024-02-13,7,1730.01,30,cash,In-Store,COMPLETED,0,Corporate order
507029,343,88807,37,18,2024-08-25,2024-08-26,2,2287.59,45,Credit Card,Online,completed,42.81,
500905,636,81,33,10,2025-03-05,2025-03-07,4,1825.74,30,NEFT,In-Store,returned,0,Urgent delivery requested
504299,590,107,31,2,2024-09-10,2024-09-18,3,365.36,10,U.P.I,Online,Completed,90.03,
507043,490,50,20,15,2024-06-18,2024-06-19,5,301.03,15,CASH,Online,Compeleted,43.63,Urgent delivery requested
507351,270,2,5,12,2025-12-21,2025-12-23,1,3013.15,25,NEFT,Online,Returned,132.71,
504747,530,116,32,14,2024-09-01,2024-09-02,1,201.83,10,cash,In-Store,returned,0,
506901,967,49,32,23,2024-04-21,2024-04-22,8,180.77,50,UPI,Online,Completed,133.97,Urgent delivery requested
504388,981,37,35,1,2026-04-22,2026-04-28,7,200.31,20,Net Banking,Online,PENDING,84.48,
506405,938,7,37,6,2025-02-15,2025-02-16,9,732.06,20,upi,In-Store,Compeleted,0,
507091,904,40,35,11,2025-10-08,2025-10-11,4,,10,upi,Online,PENDING,88.73,
504017,,56,21,22,2025-09-17,2025-09-25,10,951.42,0,CARD,In-Store,COMPLETED,0,
503562,709,34,17,5,2025-03-09,2025-03-15,4,147.73,15,upi,In-Store,COMPLETED,0,
501641,759,31,19,20,2024-10-08,2024-10-12,2,159.67,15,Cash,Online,COMPLETED,136.51,Bulk order - verify stock
500697,596,123,20,23,2026-06-29,2026-07-06,10,395.07,15,Credit Card,Online,completed,107.92,
500442,323,4,33,22,2024-07-19,2024-07-26,10,4123.84,30,UPI,In-Store,Pending,0,Gift wrap requested
504750,437,112,22,7,2025-03-14,2025-03-18,8,534.31,15,upi,In-Store,COMPLETED,0,
500673,159,32,21,22,2024-05-21,2024-05-27,7,102.29,0,cash,Online,completed,50.34,
505844,432,27,37,19,2025-03-13,2025-03-19,4,3749.74,15,Debit Card,Online,COMPLETED,37.53,Bulk order - verify stock
507009,6,70,27,16,2024-06-02,2024-06-10,10,1835.79,15,Cash,Online,Compeleted,134.38,Bulk order - verify stock
508478,365,35,25,5,2026-06-23,2026-06-28,1,177.26,20,Cash,Online,Retuned,81.31,Urgent delivery requested
506653,193,82,26,3,2024-01-24,2024-01-26,1,563.3,30,Debit Card,Online,Cancelled,125.68,
501352,88,50,9,18,2026-06-20,2026-06-25,4,293.88,30,Upi,In-Store,completed,0,
500745,266,27,32,13,2025-07-23,2025-08-01,7,3770.25,30,NetBanking,In-Store,Returned,0,Bulk order - verify stock
501867,966,68,16,22,2025-05-04,2025-05-08,5,366.2,5,UPI,In-Store,Completed,0,
502100,13,58,35,11,2024-01-10,2024-01-13,10,2010.18,20,Cash,Online,Compeleted,103.62,
509648,886,77,16,3,2024-05-05,,8,1401.2,0,card,Online,Completed,48.62,
503956,459,74,5,15,2026-05-03,2026-05-04,7,1403.19,20,CASH,In-Store,Compeleted,0,Gift wrap requested
508074,690,119,29,24,2025-10-30,2025-11-02,7,224.77,25,card,In-Store,CANCELLED ,0,
507252,189,111,25,5,2026-05-25,2026-05-27,6,647.61,10,U.P.I,In-Store,Pending,0,
509710,162,79,35,4,2026-02-10,2026-02-12,10,1209.21,15,UPI,Online,COMPLETED,95.7,Customer requested callback
500844,383,106,11,11,2024-02-22,2024-02-28,2,657.37,30,NEFT,In-Store,Compeleted,0,
508689,469,67,26,23,2026-05-04,2026-05-08,2,1019.03,0,UPI,Online,Compeleted,72.41,Gift wrap requested
507493,828,79,34,15,2024-04-12,2024-04-17,5,1155.07,30,U.P.I,Online,COMPLETED,97.03,Corporate order
503269,198,68,34,13,2024-06-02,2024-06-11,4,384.51,25,NetBanking,In-Store,Completed,0,
509474,622,92,19,5,2024-01-15,2024-01-19,1,1770.12,30,NetBanking,In-Store,COMPLETED,0,
500556,771,58,15,7,2024-07-21,2024-07-29,9,1906.21,25,Card,Online,returned,30.06,Loyalty discount applied manually
507881,561,25,32,7,2025-09-07,2025-09-12,7,1377.45,15,NEFT,Online,completed,91.86,
500568,534,81,23,18,2024-12-05,2024-12-08,5,1829.89,20,card,In-Store,Compeleted,0,
505348,243,53,20,1,2025-05-27,2025-06-05,9,268.15,10,CARD,Online,COMPLETED,100.09,
506614,633,11,5,21,2026-03-26,,1,4635.97,25,Net Banking,In-Store,Compeleted,0,
509752,748,3,36,15,2026-05-07,2026-05-11,1,4435.73,30,CASH,In-Store,Retuned,0,Loyalty discount applied manually
506506,729,84,2,9,2024-05-20,2024-05-28,10,709.92,25,cash,In-Store,COMPLETED,0,
505193,155,124,33,14,2025-09-08,2025-09-17,9,278.84,25,upi,In-Store,PENDING,0,
507516,506,32,3,14,2025-06-11,2025-06-13,4,103.98,0,cash,Online,completed,51.11,
501844,830,2,33,10,2025-01-06,2025-01-08,8,3006.4,0,net banking,Online,COMPLETED,46.6,
505652,510,40,13,12,2024-08-21,2024-08-29,4,201.2,0,NEFT,In-Store,COMPLETED,0,Corporate order
502875,902,17,4,4,2024-09-19,2024-09-21,7,3975,0,Net Banking,Online,Cancelled,56.04,
507512,302,78,13,9,2026-02-05,2026-02-08,9,526.03,20,Upi,Online,completed,109.33,Urgent delivery requested
509180,133,10,9,21,2025-03-10,2025-03-14,2,726.59,0,NEFT,Online,COMPLETED,75.22,
506676,998,19,18,20,2026-05-26,2026-06-02,7,2612.95,5,Debit Card,Online,COMPLETED,30.64,Gift wrap requested
505795,399,111,2,23,2024-12-03,2024-12-04,2,630.27,5,U.P.I,In-Store,COMPLETED,0,
501530,999023,37,12,12,2025-08-22,2025-08-23,3,197.65,25,cash,Online,Completed,135.12,Customer requested callback
501708,926,49,21,1,2024-07-05,2024-07-07,5,187.66,15,net banking,In-Store,Canceled,0,Gift wrap requested
508768,482,54,4,24,2024-11-25,2024-11-26,5,327.45,25,NEFT,In-Store,Compeleted,0,
506200,430,60,24,14,2024-01-02,2024-01-05,6,1677.33,10,NEFT,Online,Compeleted,29.64,
504332,284,97,19,13,2026-01-08,2026-01-10,1,1726.16,10,Upi,Online,PENDING,64.95,
501870,835,30,16,24,2026-06-15,2026-06-20,9,2801.55,0,cash,In-Store,Canceled,0,
508796,554,77,37,7,2026-03-26,2026-03-29,8,1389.77,30,UPI,In-Store,Compeleted,0,Customer requested callback
509753,579,25,37,21,2025-08-24,2025-08-28,4,1386.94,15,Debit Card,Online,Completed,91.31,
506652,334,63,40,16,2026-05-06,2026-05-09,4,1165.41,5,card,In-Store,completed,0,Bulk order - verify stock
503054,402,83,31,11,2024-03-28,2024-04-04,2,2289.89,30,net banking,In-Store,Compeleted,0,Urgent delivery requested
508144,524,100,2,3,2026-03-01,2026-03-04,4,495.47,30,CASH,Online,completed,40.55,
509575,525,105,2,4,2024-01-01,2024-01-08,4,460.65,20,CASH,In-Store,Returned,0,Gift wrap requested
500083,688,24,13,22,2024-02-16,2024-02-18,6,4936.36,25,net banking,Online,Compeleted,94.43,Customer requested callback
502417,862,41,24,15,2025-03-12,2025-03-21,7,234.7,25,card,Online,Completed,30.06,
501077,263,50,13,24,2024-08-04,2024-08-13,4,285,5,Cash,In-Store,Retuned,0,
504320,436,43,4,12,2025-10-31,2025-11-06,4,315.05,20,Upi,Online,COMPLETED,56.6,
507621,87,5,18,23,2024-07-21,2024-07-26,9,3383.37,20,upi,Online,Completed,135.37,Customer requested callback
501699,338,71,36,5,2024-05-18,2024-05-21,10,578.28,5,Cash,In-Store,COMPLETED,0,
508994,26,71,36,11,2025-01-13,2025-01-17,4,608.46,25,U.P.I,Online,Returned,143.46,
503299,899,106,38,8,2024-04-18,,10,677.59,15,Net Banking,In-Store,Compeleted,0,Loyalty discount applied manually
505794,750,2,8,13,2026-04-14,2026-04-18,7,2804.02,0,net banking,In-Store,completed,0,Bulk order - verify stock
504837,560,11,20,7,2025-12-31,2026-01-03,4,4485.34,20,upi,Online,completed,99.66,
505250,629,73,35,3,2024-01-27,2024-02-01,2,1106.96,15,cash,In-Store,pending,0,Gift wrap requested
504729,494,82,26,21,2025-02-07,2025-02-09,6,543.89,10,Credit Card,Online,completed,145.09,Loyalty discount applied manually
500947,287,74,31,20,2024-02-06,2024-02-07,2,1311.58,15,Cash,Online,Completed,76.23,
500426,152,8,3,8,2025-07-13,2025-07-21,7,2797.53,10,Debit Card,In-Store,Returned,0,Loyalty discount applied manually
509724,514,47,21,14,2025-01-16,2025-01-24,6,113.36,0,NetBanking,Online,Cancelled,37.11,Corporate order
507554,245,113,12,6,2024-02-10,2024-02-14,4,245.87,10,NetBanking,Online,Completed,79.4,
501752,317,19,40,24,2024-01-29,2024-02-07,2,2739.51,0,Credit Card,Online,completed,63.89,
506958,648,102,37,17,2024-09-14,2024-09-15,4,974.63,15,Net Banking,Online,PENDING,-64.12,
509091,667,54,20,3,2026-06-09,2026-06-17,2,326.55,20,NEFT,In-Store,Completed,0,
504533,79,92,21,14,2024-12-18,2024-12-25,7,1788.18,15,NEFT,Online,Compeleted,125.17,
500423,607,9,4,12,2024-07-28,,5,1152.68,25,Card,Online,Completed,141.46,Urgent delivery requested
500056,240,62,38,19,2024-07-04,2024-07-13,0,887.77,5,cash,Online,cancelled,33.7,Customer requested callback
500447,763,118,2,20,2025-11-25,2025-12-03,2,458.39,20,CASH,Online,Completed,74.74,Bulk order - verify stock
500148,191,105,33,5,2024-12-11,2024-12-16,9,466.66,25,Cash,Online,CANCELLED ,118.04,
502434,572,7,22,16,2026-01-20,2026-01-26,3,730.68,0,Net Banking,In-Store,completed,0,
504469,816,97,4,13,2026-06-02,2026-06-11,6,1820.6,20,NEFT,In-Store,COMPLETED,0,
505105,30,124,19,23,2025-06-17,2025-06-25,8,292.61,20,Credit Card,In-Store,Completed,0,Loyalty discount applied manually
505812,696,7,34,3,2024-01-28,2024-01-31,6,745.56,20,CARD,Online,returned,30.75,
507882,136,36,20,22,2024-01-02,2024-01-07,9,415.63,0,Net Banking,In-Store,completed,0,
500071,718,77,25,9,2025-01-03,2025-01-04,1,1433.81,25,Cash,Online,Completed,142.02,
507116,609,56,21,11,2026-05-19,2026-05-26,10,923.94,0,CASH,Online,Pending,142.57,
504790,865,25,31,1,2024-04-17,2024-04-20,3,1378,30,NetBanking,Online,returned,117.75,Customer requested callback
508045,487,126,2,20,2025-01-21,2025-01-26,3,563.88,20,UPI,In-Store,completed,0,Loyalty discount applied manually
500242,302,32,22,1,2024-11-27,2024-11-29,1,106.79,25,CASH,Online,Compeleted,29.4,
507223,393,17,3,12,2025-03-16,2025-03-18,9,4098.18,25,U.P.I,Online,Compeleted,119.86,Customer requested callback
508101,741,68,2,13,2024-01-21,2024-01-26,2,351.95,25,NetBanking,Online,COMPLETED,134.88,
501505,707,58,4,7,2026-05-31,2026-06-04,10,1914.64,25,Debit Card,In-Store,Completed,0,
507738,702,14,33,3,2025-03-01,2025-03-09,2,4848.26,30,Upi,In-Store,Completed,0,Gift wrap requested
509730,502,66,31,6,2026-02-25,2026-03-06,5,1822.47,5,Cash,Online,pending,44.59,
504090,905,42,9,17,2025-07-28,2025-08-06,8,83.71,5,NetBanking,Online,CANCELLED ,109.36,
507529,826,3,5,24,2024-07-01,2024-07-09,6,4365.98,10,CARD,In-Store,COMPLETED,0,Corporate order
502445,449,29,25,23,2025-04-14,2025-04-21,1,2999.07,30,net banking,In-Store,pending,0,
507744,191,71,30,2,2024-01-11,2024-01-16,1,584.6,10,Card,Online,COMPLETED,82.21,
505486,225,8,20,9,2024-08-22,2024-08-26,6,2652.82,15,NEFT,In-Store,completed,0,
507654,28,8,20,1,2025-04-22,2025-04-26,5,2685.26,30,UPI,In-Store,completed,0,
505299,818,88819,11,10,2025-07-18,2025-07-27,3,1749.01,15,NetBanking,Online,PENDING,73.02,Corporate order
508353,258,10,8,11,2024-08-07,2024-08-10,2,740.7,5,upi,Online,Completed,66.71,
508179,59,31,6,20,2024-12-05,2024-12-08,7,156.48,10,Upi,In-Store,COMPLETED,0,
502386,622,106,33,20,2024-07-01,2024-07-10,8,716.78,30,net banking,Online,COMPLETED,146.37,
506234,583,102,14,7,2025-06-22,2025-06-25,8,1057.25,20,Net Banking,Online,returned,-96.82,Bulk order - verify stock
500309,529,44,31,21,2024-04-10,2024-04-14,3,454.54,15,NetBanking,Online,pending,148.5,Urgent delivery requested
504385,210,28,17,2,2026-05-10,2026-05-13,7,3944.46,10,UPI,Online,Pending,138.46,
501465,717,121,19,21,2024-10-24,2024-11-01,6,505.41,25,Cash,In-Store,completed,0,
500457,150,80,11,3,2026-01-23,2026-01-31,1,1411.33,5,Debit Card,Online,COMPLETED,41.62,Urgent delivery requested
504445,920,108,8,19,2025-10-19,2025-10-21,6,178.08,5,Cash,Online,pending,96.33,Corporate order
504067,848,9,19,18,2026-02-17,2026-02-25,9,1231.17,0,UPI,In-Store,Completed,0,Gift wrap requested
503069,586,33,13,17,2025-07-05,2025-07-14,1,373.61,25,NetBanking,In-Store,Compeleted,0,
501779,200,35,20,22,2026-06-29,2026-07-02,10,178.05,10,Cash,In-Store,completed,0,
502057,140,62,7,16,2025-06-12,2025-06-16,2,894.9,10,Cash,In-Store,CANCELLED ,0,
507271,890,6,16,19,2026-01-01,2026-01-05,1,1762.88,15,NEFT,In-Store,Completed,0,Bulk order - verify stock
509263,361,115,24,11,2024-01-23,,10,333.62,15,upi,In-Store,completed,0,Urgent delivery requested
500668,985,31,2,21,2026-01-16,2026-01-24,9,164.01,5,CARD,Online,Completed,143.79,Loyalty discount applied manually
507120,277,112,28,1,2024-10-13,2024-10-17,3,578.32,5,NetBanking,Online,Returned,-61.44,Corporate order
504959,985,38,15,20,2026-06-28,2026-07-03,4,,20,Upi,In-Store,Compeleted,0,
509804,121,124,22,22,2024-03-02,2024-03-05,4,280.66,5,Credit Card,Online,Completed,92.2,Gift wrap requested
502615,829,16,30,22,2025-11-13,2025-11-18,1,2166.85,10,Cash,Online,returned,53.48,
508917,571,67,13,22,2024-06-25,2024-07-04,5,1036.52,15,Card,Online,COMPLETED,107.13,Urgent delivery requested
504874,168,89,24,16,2024-04-05,2024-04-13,6,1797.36,0,card,Online,completed,86.18,Loyalty discount applied manually
507922,607,93,25,19,2024-09-11,2024-09-20,-3,370.1,20,CARD,Online,completed,32.95,
506924,47,73,16,1,2024-09-11,2024-09-12,4,1106.58,15,NEFT,Online,returned,135.35,
508867,509,19,13,15,2025-07-13,2025-07-14,2,2584.12,5,cash,Online,Compeleted,31.11,Customer requested callback
507724,906,2,18,14,2025-08-29,2025-09-07,6,2869.31,5,cash,In-Store,Compeleted,0,
500352,882,84,38,10,2026-01-27,2026-02-04,2,707.29,25,upi,In-Store,Compeleted,0,
508022,394,38,11,8,2025-10-18,2025-10-20,4,320.73,15,U.P.I,In-Store,Retuned,0,
502077,228,12,31,17,2024-04-01,2024-04-08,5,466.59,25,Upi,In-Store,completed,0,
502442,512,24,13,9,2026-02-24,2026-03-01,7,4897.21,15,Card,In-Store,Completed,0,Customer requested callback
508704,930,87,29,8,2025-02-09,2025-02-16,10,1379.14,20,UPI,In-Store,Cancelled,0,Gift wrap requested
509621,148,18,14,19,2024-04-23,,9,921.13,20,Card,Online,returned,148.91,Corporate order
505742,461,36,29,6,2026-05-24,2026-05-29,6,420.67,50,cash,Online,Pending,79.12,
509510,883,101,37,20,2024-06-18,2024-06-21,3,2217.04,20,card,In-Store,COMPLETED,0,
503897,761,11,26,6,2025-02-20,2025-02-23,8,4382.39,15,cash,Online,pending,110.4,Bulk order - verify stock
502040,740,123,34,20,2025-08-06,2025-08-10,6,410.95,25,CASH,In-Store,Compeleted,0,
500547,740,90,8,24,2024-06-05,2024-06-12,9,1523.94,20,Cash,In-Store,returned,0,
508988,481,13,4,5,2024-07-13,2024-07-17,9,4400.17,0,Upi,In-Store,returned,0,
505333,116,4,7,24,2025-07-31,2025-08-06,2,4105.91,20,Net Banking,In-Store,pending,0,
500853,551,117,2,16,2026-03-10,2026-03-12,5,296.45,20,upi,Online,Completed,44.85,Bulk order - verify stock
505336,76,99,9,21,2025-01-16,2025-01-20,3,966.66,5,cash,In-Store,completed,0,
504623,936,8,33,17,2024-02-14,,7,2613.52,25,Upi,In-Store,COMPLETED,0,
505440,630,4,24,12,2024-04-18,2024-04-24,7,4429.07,0,Card,Online,Completed,47.43,
506322,384,70,10,14,2024-11-10,2024-11-14,1,1892.19,20,upi,In-Store,COMPLETED,0,Bulk order - verify stock
500935,130,19,19,7,2024-04-01,2024-04-03,5,,10,Cash,Online,completed,56.62,
506538,343,60,31,12,2026-03-29,2026-04-04,6,1542.03,30,CASH,Online,Completed,33.75,
501684,408,115,10,14,2024-04-21,2024-04-27,2,343.44,0,Credit Card,In-Store,Completed,0,
508231,320,64,25,16,2025-12-31,2026-01-03,4,1307.91,10,cash,Online,completed,126.4,Bulk order - verify stock
508111,915,107,11,20,2026-03-19,2026-03-24,7,388.48,15,CASH,Online,Pending,110.03,
509558,476,106,37,8,2025-03-22,2025-03-29,6,657.44,45,cash,Online,completed,142.3,Loyalty discount applied manually
506152,823,23,16,2,2024-04-06,2024-04-15,4,1919.44,0,NEFT,Online,Retuned,117.14,Loyalty discount applied manually
501605,573,12,20,1,2026-04-13,2026-04-18,2,459.74,5,Net Banking,In-Store,returned,0,Gift wrap requested
501592,49,58,5,11,2024-07-09,2024-07-13,5,1912.34,25,card,In-Store,Compeleted,0,Corporate order
508643,741,81,4,8,2024-03-14,2024-03-15,4,1726.33,25,Credit Card,In-Store,Completed,0,Customer requested callback
507605,663,87,6,21,2025-09-17,2025-09-20,6,1261.25,25,cash,In-Store,completed,0,Bulk order - verify stock
500060,490,12,11,20,2025-01-28,2025-02-05,8,462.75,0,cash,In-Store,Compeleted,0,
505008,568,101,24,22,2025-11-28,2025-12-07,6,2224.63,10,NEFT,In-Store,Cancelled,0,
503561,275,71,4,11,2025-02-05,2025-02-08,2,631.34,30,NetBanking,In-Store,COMPLETED,0,Corporate order
505429,466,48,18,24,2026-04-25,2026-04-26,6,128.72,40,U.P.I,In-Store,completed,0,
509628,134,66,16,17,2024-11-01,2024-11-09,9,1916.15,5,Net Banking,In-Store,COMPLETED,0,
507489,852,29,12,24,2025-03-02,2025-03-10,3,2861.17,15,Cash,Online,completed,95.26,
500910,409,69,30,22,2025-05-13,2025-05-14,7,1021.64,30,NEFT,In-Store,Compeleted,0,Corporate order
505378,169,42,34,5,2026-01-03,2026-01-09,8,88.23,20,CARD,Online,pending,95.38,
501972,94,53,34,3,2025-01-20,2025-01-23,4,282.87,5,Upi,Online,Compeleted,-78.84,
504145,988,80,33,7,2024-09-19,2024-09-24,7,1316.85,20,U.P.I,Online,Compeleted,94.16,Loyalty discount applied manually
501550,708,101,14,22,2025-11-24,2025-11-23,10,2189.67,10,NetBanking,In-Store,Compeleted,0,
505233,806,39,20,19,2025-05-10,2025-05-16,2,486.37,20,Card,In-Store,Completed,0,
509711,721,22,36,1,2024-01-28,2024-01-30,4,1312.62,0,Net Banking,In-Store,COMPLETED,0,
502680,889,9,6,9,2024-12-30,2024-12-31,5,1253.69,0,Debit Card,In-Store,COMPLETED,0,Bulk order - verify stock
501170,5,115,40,15,2024-09-15,2024-09-23,2,341.61,15,Credit Card,Online,Retuned,56.37,
501518,305,18,27,23,2025-01-28,2025-02-02,1,874.01,25,Card,In-Store,Completed,0,Urgent delivery requested
509189,579,87,33,14,2025-01-10,2025-01-05,4,1360.49,10,NetBanking,Online,PENDING,136.15,
505628,177,89,14,1,2026-01-30,2026-02-02,2,1879.06,15,Cash,Online,Retuned,112.68,Bulk order - verify stock
502246,724,78,5,23,2026-06-03,2026-06-12,10,534.05,5,Net Banking,In-Store,Returned,0,
502705,786,88,10,8,2024-11-09,2024-11-12,3,702.75,25,cash,In-Store,completed,0,
500351,198,73,19,22,2025-07-14,2025-07-20,7,1029.98,20,Upi,In-Store,completed,0,
504753,363,46,7,16,2024-05-11,2024-05-18,10,322.19,30,Debit Card,In-Store,Retuned,0,
502288,677,35,8,4,2024-07-21,2024-07-23,9,190.74,0,CASH,Online,Returned,106.46,
508862,496,52,23,19,2025-01-24,,3,386.53,15,Card,Online,completed,96.22,
506238,448,17,33,18,2025-05-02,2025-05-03,3,4192.03,25,CASH,In-Store,completed,0,Urgent delivery requested
505412,983,104,4,4,2026-04-01,2026-04-04,3,392.16,10,Net Banking,Online,completed,38.84,Loyalty discount applied manually
501690,893,93,15,15,2025-02-07,2025-02-09,1,381,25,NEFT,Online,completed,87.78,
503280,168,50,26,20,2025-03-10,,7,290.85,25,Net Banking,Online,Compeleted,94.3,
502870,268,14,29,8,2025-02-12,,6,4983.97,25,U.P.I,Online,completed,80.46,Customer requested callback
508735,369,58,12,8,2024-08-04,2024-08-06,7,1965.01,40,Upi,In-Store,completed,0,Urgent delivery requested
508477,689,7,36,19,2025-01-24,2025-01-31,8,721.8,25,CASH,Online,COMPLETED,111.47,
504232,880,50,32,18,2026-04-22,2026-04-25,6,288.57,5,NetBanking,Online,COMPLETED,94.18,
504378,722,117,34,7,2024-06-24,2024-06-29,7,299.68,30,net banking,Online,completed,92.98,
500876,55,10,2,22,2024-05-09,,6,728.04,15,NetBanking,Online,Canceled,48.83,
502163,439,82,29,4,2025-12-10,2025-12-17,5,560.93,20,NetBanking,In-Store,Completed,0,Corporate order
501511,204,65,39,18,2024-02-18,2024-02-27,9,1590.43,0,CASH,In-Store,Retuned,0,
509015,264,118,16,8,2025-12-12,2025-12-14,7,454.23,10,upi,Online,Canceled,78.91,
504130,704,46,17,15,2024-06-12,2024-06-18,0,307.8,15,Upi,Online,Pending,-39.5,
501096,946,104,9,4,2025-08-07,2025-08-08,2,401.78,30,net banking,Online,returned,88.03,
502552,884,52,13,17,2026-04-20,2026-04-28,4,,15,U.P.I,In-Store,Pending,0,
503657,,35,1,13,2024-05-24,2024-05-29,1,191.91,0,Credit Card,Online,Pending,50.4,
508391,291,104,12,13,2024-08-17,2024-08-20,8,378.42,20,CARD,In-Store,PENDING,0,
506213,943,125,9,22,2025-07-14,2025-07-19,6,415.85,10,Upi,Online,Retuned,40.46,
509087,915,124,33,21,2026-03-25,2026-03-27,6,289.32,15,upi,In-Store,Completed,0,Corporate order
506223,736,54,13,7,2026-04-03,2026-04-05,4,327.88,10,UPI,Online,Compeleted,140.16,
502756,685,42,17,5,2026-04-29,2026-05-03,7,87.42,10,Cash,In-Store,COMPLETED,0,
503623,505,55,20,10,2026-05-30,2026-06-07,6,1646.61,25,Net Banking,In-Store,Compeleted,0,
507746,649,32,35,8,2026-06-20,2026-06-29,3,104.56,10,Debit Card,Online,pending,140.06,
502700,283,65,7,23,2025-06-28,2025-07-03,10,1517.26,10,U.P.I,In-Store,Returned,0,Bulk order - verify stock
501257,897,26,14,14,2024-08-19,2024-08-26,3,,30,net banking,Online,COMPLETED,84.4,
502479,837,88819,28,7,2024-09-13,2024-09-22,7,2317.41,20,Debit Card,In-Store,Returned,0,
501544,915,99,13,7,2024-05-10,2024-05-11,6,1020.83,20,Card,Online,completed,78.9,
505065,,27,25,2,2025-10-05,2025-10-12,6,3563.81,5,card,Online,Completed,130.58,Customer requested callback
503918,943,92,13,1,2026-04-17,2026-04-25,4,1811.82,0,U.P.I,In-Store,PENDING,0,Gift wrap requested
502587,436,41,16,8,2024-07-25,2024-08-01,2,235.05,15,cash,Online,completed,81.6,
507173,329,57,12,16,2024-03-28,2024-03-25,2,1370.63,0,CASH,Online,Completed,69.68,
509598,,115,22,18,2026-04-06,2026-04-07,8,327.13,5,cash,Online,Compeleted,124.59,
500667,648,37,37,6,2026-03-16,2026-03-22,6,190.97,0,net banking,Online,Completed,80.51,
504444,687,74,27,14,2024-05-23,2024-05-29,3,1375.2,25,UPI,In-Store,Compeleted,0,
501162,763,11,13,8,2025-02-14,2025-02-21,10,4504.58,15,Upi,Online,Canceled,106.67,
506273,382,46,39,20,2026-04-25,,4,305.97,15,cash,In-Store,completed,0,Customer requested callback
507884,329,63,10,21,2024-02-23,2024-02-27,5,1166.65,30,UPI,In-Store,Retuned,0,
508432,950,3,14,10,2025-08-27,2025-09-05,2,4509.2,30,UPI,In-Store,Completed,0,
506874,703,80,17,3,2024-04-18,2024-04-24,4,1292.83,45,net banking,In-Store,completed,0,
506291,554,47,10,16,2024-02-15,2024-02-24,4,121.6,20,Upi,In-Store,Completed,0,Bulk order - verify stock
502726,99,104,23,2,2025-01-03,2025-01-10,6,400.01,10,cash,In-Store,Completed,0,
509453,428,24,24,6,2025-05-08,2025-05-10,6,4853.68,20,UPI,In-Store,completed,0,
509601,756,112,17,8,2026-04-14,2026-04-19,4,534.56,15,card,In-Store,Completed,0,Urgent delivery requested
500864,865,109,17,23,2026-05-10,2026-05-13,2,521.76,0,UPI,In-Store,Completed,0,Loyalty discount applied manually
504261,593,45,33,19,2025-10-30,2025-11-02,8,159.04,10,card,In-Store,Pending,0,
500936,677,37,31,3,2024-09-01,2024-09-10,3,207.85,0,upi,Online,Completed,146.45,Bulk order - verify stock
507476,786,28,33,7,2024-06-05,2024-06-08,6,4002.51,30,U.P.I,Online,Pending,30.73,Bulk order - verify stock
509097,288,34,27,8,2025-07-02,2025-07-11,7,153.48,25,Cash,In-Store,completed,0,
500631,526,118,26,11,2024-10-30,2024-11-03,2,468.25,15,cash,Online,Cancelled,81.49,Gift wrap requested
503113,370,33,40,3,2024-12-20,2024-12-25,4,402.7,15,CARD,Online,Compeleted,64.18,Urgent delivery requested
501607,76,50,36,21,2025-01-26,2025-02-03,6,277.81,25,Cash,In-Store,completed,0,Corporate order
509518,750,98,8,11,2024-05-12,2024-05-19,9,1962.52,40,CARD,Online,Pending,119.95,
501749,233,19,16,15,2025-04-23,2025-04-29,8,2658.14,10,Upi,Online,COMPLETED,39.94,
500994,919,48,29,20,2025-01-31,2025-02-06,10,125.48,15,NetBanking,In-Store,Returned,0,
500392,317,119,35,12,2024-09-27,2024-10-03,4,214.66,25,card,In-Store,Compeleted,0,
505576,803,52,32,11,2025-03-11,2025-03-13,5,393.51,30,Cash,Online,completed,76.64,Gift wrap requested
505014,489,52,21,10,2024-07-04,2024-07-13,5,366.96,10,NEFT,In-Store,Compeleted,0,
507782,859,126,38,6,2024-07-06,2024-07-15,3,603.11,30,Card,In-Store,returned,0,
509581,814,53,15,6,2025-08-30,2025-09-04,7,279.82,15,CARD,Online,completed,74.43,
504556,410,29,18,12,2025-03-31,2025-04-01,3,3123.12,30,CARD,Online,Completed,42.51,Gift wrap requested
505499,333,115,21,17,2024-08-05,2024-08-12,5,351.89,30,Net Banking,In-Store,Completed,0,
508559,799,33,1,8,2024-05-22,2024-05-29,4,392.68,5,CASH,In-Store,Cancelled,0,
505655,607,106,29,10,2024-03-01,2024-03-09,9,678.43,10,Credit Card,Online,COMPLETED,52.5,Gift wrap requested
500385,773,5,9,23,2026-03-14,2026-03-23,10,3386.23,30,Credit Card,In-Store,cancelled,0,Corporate order
502952,138,57,9,24,2024-11-11,2024-11-12,7,1343.7,30,UPI,Online,Retuned,41.62,
501444,713,81,37,20,2024-03-02,2024-03-11,6,1860.04,25,UPI,In-Store,Compeleted,0,Customer requested callback
503948,287,101,14,15,2024-02-11,2024-02-18,10,2121.29,20,Upi,In-Store,Compeleted,0,
505869,983,85,13,24,2024-07-22,2024-07-27,8,914.31,30,U.P.I,Online,Compeleted,134.33,
501252,834,123,19,20,2024-10-01,2024-10-09,3,408.06,5,Cash,Online,Pending,90.7,
501342,40,83,18,11,2025-04-01,2025-04-10,6,2306.86,10,Net Banking,Online,Completed,104.44,
503806,542,81,38,18,2026-04-14,2026-04-17,8,1861.39,10,CASH,Online,cancelled,110.43,
504956,56,116,7,12,2024-03-22,2024-03-28,1,208.42,20,Debit Card,Online,Compeleted,105.54,
509819,179,8,9,7,2026-01-24,2026-01-30,8,2643.95,10,Cash,Online,COMPLETED,60.23,
504969,885,6,5,10,2024-06-22,,6,1786.86,0,U.P.I,Online,completed,123.17,Gift wrap requested
501681,172,8,28,15,2024-08-08,2024-08-13,3,2640.36,5,Cash,Online,Compeleted,90.39,
506151,20,69,37,1,2024-05-12,2024-05-19,5,1105.04,15,UPI,In-Store,Compeleted,0,Corporate order
505365,883,65,32,21,2024-12-21,2024-12-24,4,1519.09,20,NetBanking,Online,Compeleted,72.34,
500127,801,92,31,5,2026-03-23,2026-03-30,1,1827.84,10,U.P.I,Online,Compeleted,120.02,Corporate order
508609,860,69,2,22,2025-07-05,2025-07-09,2,1045.64,25,UPI,Online,Returned,65,
505730,276,118,34,13,2024-03-04,2024-03-05,7,441.42,5,Debit Card,Online,COMPLETED,56.58,Customer requested callback
503801,780,52,25,24,2024-10-28,2024-10-31,9,367.28,25,net banking,Online,completed,39.34,Customer requested callback
507817,227,104,8,23,2025-09-01,2025-09-03,9,400.58,30,Cash,Online,Canceled,98,
500222,880,69,18,19,2024-02-05,2024-02-14,2,1087.59,20,UPI,Online,Compeleted,90.21,Bulk order - verify stock
500339,761,27,26,2,2024-12-26,2025-01-04,9,3787.08,30,cash,Online,Compeleted,122.88,
509685,427,66,38,19,2025-04-18,2025-04-27,9,1827.74,10,Debit Card,In-Store,Pending,0,
505075,523,20,19,15,2024-10-17,2024-10-18,7,3160.84,25,Cash,Online,completed,110.76,
506080,69,1,22,23,2025-10-27,2025-11-03,7,2863.87,0,Credit Card,In-Store,Retuned,0,
508857,563,83,17,14,2025-12-25,2025-12-26,5,2354.06,15,Upi,In-Store,Returned,0,
503271,149,91,32,24,2025-10-02,2025-10-09,1,508.45,30,net banking,Online,Completed,139.83,
507411,849,52,38,2,2025-08-17,2025-08-22,3,360.1,15,cash,In-Store,Cancelled,0,Gift wrap requested
505552,610,116,25,16,2025-02-23,2025-02-26,4,207.32,15,Cash,Online,Compeleted,101.56,
500198,105,10,22,3,2026-06-30,2026-07-06,4,762.62,15,CARD,Online,Returned,107.97,Urgent delivery requested
501920,220,10,39,6,2025-07-09,2025-07-15,7,746.66,15,NetBanking,Online,COMPLETED,119.97,
506290,320,114,12,1,2026-06-10,2026-06-13,3,191.48,25,U.P.I,In-Store,completed,0,
506587,409,8,7,18,2024-09-11,2024-09-18,7,2774.58,25,NEFT,Online,Compeleted,80.2,
508692,599,39,1,9,2025-12-16,2025-12-25,6,506.21,20,NEFT,In-Store,Compeleted,0,
500719,472,82,1,15,2024-11-22,2024-11-23,6,565.75,0,Cash,Online,COMPLETED,99.91,
506024,288,1,36,15,2025-09-04,2025-09-12,3,2907.95,5,Credit Card,Online,completed,95.11,
500270,265,29,22,22,2025-08-08,2025-08-15,1,2989.84,0,Credit Card,Online,COMPLETED,97.95,
501159,119,80,5,11,2026-05-15,2026-05-18,6,1356.28,5,Upi,In-Store,COMPLETED,0,
507021,770,84,15,7,2025-06-24,2025-06-25,5,765.65,20,upi,Online,COMPLETED,67.29,
506411,899,99,26,8,2025-08-03,2025-08-04,1,982.08,10,NetBanking,In-Store,Completed,0,
503265,8,17,40,16,2024-05-10,2024-05-19,4,4034.05,25,Upi,Online,Compeleted,97.99,
507592,40,15,29,12,2025-03-07,2025-03-08,4,1801.01,15,card,Online,Compeleted,41.88,
508868,75,114,13,17,2024-07-19,2024-07-24,3,196.36,15,Cash,Online,Completed,81.79,Gift wrap requested
504021,760,42,30,24,2024-05-09,2024-05-15,6,84.46,5,Upi,In-Store,returned,0,Customer requested callback
505180,725,41,7,3,2025-07-11,2025-07-16,6,232.1,20,NetBanking,Online,completed,100.16,
502570,816,36,31,4,2024-08-29,2024-09-06,9,430.27,5,net banking,Online,cancelled,42.98,Urgent delivery requested
503349,666,28,40,18,2025-06-28,2025-07-02,7,3849.53,5,CASH,Online,completed,64.71,
506885,857,41,18,18,2025-03-04,2025-03-12,2,241.8,5,CASH,Online,Returned,103.91,Corporate order
509286,450,3,23,13,2024-02-26,2024-02-28,9,4589.73,30,NEFT,Online,Retuned,102.32,
509840,604,8,4,22,2024-04-20,2024-04-22,8,2558.6,30,Card,Online,COMPLETED,113.86,Loyalty discount applied manually
505043,47,2,29,23,2025-09-09,2025-09-13,5,2787.59,10,NEFT,Online,COMPLETED,85.38,
500828,705,89,27,14,2025-07-22,,10,1854.92,30,Net Banking,Online,completed,136.68,
506833,358,12,11,15,2024-06-30,2024-07-04,10,500.22,20,UPI,In-Store,Retuned,0,
505274,967,5,27,14,2025-10-26,2025-10-30,4,3605.92,25,NEFT,Online,Completed,53.25,Corporate order
504684,39,16,36,12,2024-01-11,2024-01-19,7,1998.05,10,CASH,Online,returned,145.98,Loyalty discount applied manually
503662,269,27,19,20,2025-11-27,2025-12-01,9,3686.8,0,Net Banking,Online,cancelled,84.76,
508493,971,59,27,14,2024-03-03,2024-03-12,4,1037.08,30,NetBanking,In-Store,Compeleted,0,Bulk order - verify stock
504866,836,1,38,9,2025-10-22,2025-10-31,8,2917.09,10,net banking,Online,Retuned,29.75,Gift wrap requested
503676,131,74,13,14,2025-09-20,2025-09-27,3,1351.09,20,NetBanking,In-Store,Compeleted,0,
507934,815,100,22,1,2026-04-25,2026-04-29,1,530.13,15,Upi,In-Store,COMPLETED,0,
506522,754,118,21,12,2025-10-08,2025-10-13,8,455.39,5,Credit Card,Online,COMPLETED,104.67,
503553,437,62,2,14,2026-04-18,2026-04-26,9,914.96,25,NetBanking,In-Store,Compeleted,0,
503517,333,91,24,15,2024-06-04,2024-06-06,6,502.12,25,card,In-Store,Completed,0,Bulk order - verify stock
507884,329,63,10,21,2024-02-23,2024-02-27,5,1166.65,30,UPI,In-Store,Retuned,0,
508246,64,107,17,10,2026-01-04,2026-01-05,2,368.1,10,Cash,Online,completed,123.93,Urgent delivery requested
506028,24,75,37,5,2025-09-06,2025-09-13,1,1180.92,30,U.P.I,Online,Completed,46.24,Urgent delivery requested
506848,430,57,7,13,2025-07-15,2025-07-21,5,1416.68,5,U.P.I,Online,CANCELLED ,123.63,
501717,952,62,2,16,2024-09-05,2024-09-12,6,845.63,5,Upi,In-Store,Retuned,0,
501614,454,34,37,13,2024-02-24,2024-03-03,4,153.19,20,Card,Online,cancelled,87.91,Urgent delivery requested
504481,183,71,36,4,2024-10-18,2024-10-20,8,610.78,25,CASH,In-Store,completed,0,
503962,776,17,13,5,2025-03-20,2025-03-19,1,4226.77,10,net banking,Online,Returned,56.56,Customer requested callback
503487,630,48,3,3,2025-02-17,2025-02-24,10,126.76,20,Credit Card,Online,completed,88.02,
507868,187,122,23,14,2024-04-29,,8,170.69,15,Upi,In-Store,pending,0,Urgent delivery requested
506296,239,111,21,18,2025-05-15,2025-05-19,9,662.14,30,cash,Online,Pending,116.98,
501716,477,85,18,16,2025-09-23,2025-09-24,5,945.22,5,Debit Card,Online,Returned,86.65,Corporate order
500670,635,100,28,18,2024-08-19,,1,516.27,25,NEFT,In-Store,Completed,0,Gift wrap requested
505598,258,73,18,19,2024-12-03,2024-12-05,6,1053.12,5,UPI,In-Store,COMPLETED,0,
509350,409,64,33,10,2024-05-31,2024-06-01,5,1394.27,30,Cash,In-Store,Completed,0,Customer requested callback
500034,289,89,26,5,2024-04-29,2024-05-04,3,1750,10,cash,Online,Compeleted,105.19,
508826,189,67,21,24,2025-01-23,2025-02-01,6,1106.27,15,U.P.I,In-Store,COMPLETED,0,
505251,996,125,8,24,2026-03-03,2026-03-08,8,410.9,0,U.P.I,In-Store,COMPLETED,0,Loyalty discount applied manually
505007,588,47,12,9,2024-05-16,2024-05-25,4,114.25,20,Cash,Online,Completed,55.22,
505329,,92,21,12,2025-02-24,2025-02-27,10,1866.1,30,CASH,Online,Completed,93.63,
507623,931,18,29,4,2024-10-28,2024-11-03,7,908.53,10,net banking,Online,Compeleted,53.92,Corporate order
500704,840,8,3,23,2025-08-04,2025-08-02,6,2571.21,15,UPI,Online,Compeleted,97.02,
509549,674,43,34,20,2025-07-15,2025-07-24,5,301.43,20,card,In-Store,COMPLETED,0,Bulk order - verify stock
507079,161,83,18,1,2024-03-22,,6,2511.9,0,Card,In-Store,returned,-26.54,
508046,354,19,14,5,2024-10-18,2024-10-23,1,2658.87,10,Cash,Online,COMPLETED,62.74,Customer requested callback
508141,966,65,6,8,2024-04-05,2024-04-11,2,1478.89,25,CASH,In-Store,Compeleted,0,
503159,669,17,30,16,2025-10-30,2025-11-01,8,4056.15,5,Net Banking,Online,COMPLETED,64.33,
502914,436,78,18,16,2026-03-28,2026-03-29,5,525.22,10,Card,Online,Completed,84.4,Bulk order - verify stock
508060,757,17,11,7,2024-03-28,2024-04-06,2,3980.58,5,net banking,Online,Completed,49.15,Bulk order - verify stock
508029,708,85,20,20,2025-07-21,2025-07-18,1,868.13,5,Cash,Online,completed,117.08,Customer requested callback
501010,652,81,35,9,2025-10-19,,10,1842.8,20,Cash,In-Store,Returned,0,
501100,722,49,34,4,2025-11-26,2025-12-02,1,177.26,5,NEFT,Online,Retuned,114.01,
504663,17,105,39,13,2025-05-27,2025-06-02,7,483.76,10,Debit Card,In-Store,COMPLETED,0,
506396,156,106,3,11,2024-07-06,2024-07-14,7,670.47,5,Upi,In-Store,Retuned,0,
504992,654,63,40,21,2024-01-17,2024-01-26,1,1262.55,20,Upi,In-Store,COMPLETED,0,
508877,808,123,4,4,2024-07-07,2024-07-13,7,412.77,20,CASH,Online,PENDING,131.47,
506384,71,122,21,12,2026-03-24,2026-03-25,1,159.13,5,net banking,Online,CANCELLED ,113.99,Bulk order - verify stock
509527,433,43,29,18,2026-02-23,2026-02-28,2,316.06,0,Card,In-Store,PENDING,0,Gift wrap requested
508587,784,28,39,7,2024-12-31,2025-01-04,10,3925.35,40,NetBanking,Online,COMPLETED,114.47,
509470,819,8,5,2,2026-03-27,2026-04-02,7,2660.52,20,UPI,In-Store,Completed,0,
502421,547,82,22,12,2025-09-21,2025-09-22,6,548.47,20,NEFT,Online,PENDING,39.68,Corporate order
504403,,62,12,21,2025-12-22,2025-12-23,2,891.24,30,UPI,In-Store,Completed,0,
508123,369,5,4,4,2025-07-20,2025-07-24,4,3423.55,10,cash,In-Store,COMPLETED,0,
507310,205,62,35,20,2025-03-10,2025-03-12,2,887.11,25,cash,Online,Returned,121.6,
504602,259,69,36,24,2025-01-28,2025-02-02,8,1123.44,5,U.P.I,Online,Compeleted,57.83,Bulk order - verify stock
503381,267,104,17,19,2024-03-11,2024-03-18,8,404.69,15,Upi,Online,Completed,84.02,
506783,314,99,29,6,2024-04-26,,6,1002.92,15,Card,In-Store,pending,0,Urgent delivery requested
500772,726,75,38,6,2024-07-15,2024-07-16,2,1225.28,30,upi,In-Store,Completed,0,
509370,902,85,31,1,2026-03-05,2026-03-11,6,868.87,10,NetBanking,Online,Retuned,96.73,
505654,675,36,40,16,2025-07-21,2025-07-27,6,409.15,30,Net Banking,In-Store,Completed,0,Bulk order - verify stock
507410,332,106,5,22,2025-12-26,2026-01-03,0,686.81,5,card,Online,PENDING,122.11,Bulk order - verify stock
505060,182,21,29,13,2024-12-23,2024-12-28,6,641.26,25,Cash,Online,Completed,75.55,Corporate order
506692,880,96,39,24,2026-06-03,2026-06-05,8,1909.21,25,Credit Card,Online,Canceled,30.03,Urgent delivery requested
507653,868,26,29,11,2025-10-28,2025-10-31,9,3101.97,5,cash,Online,Canceled,98.9,
509705,324,109,35,3,2026-02-23,2026-02-26,1,501.71,30,Credit Card,In-Store,completed,0,
501294,263,116,40,4,2025-12-15,2025-12-21,5,205.48,10,Cash,Online,returned,93.1,
507535,395,58,23,13,2025-03-16,,6,2028.93,20,U.P.I,Online,COMPLETED,87.14,Corporate order
500605,937,106,11,24,2025-03-21,2025-03-22,9,714.9,0,U.P.I,In-Store,Completed,0,
509339,999044,56,7,18,2024-07-20,2024-07-27,5,921.1,10,Net Banking,In-Store,Canceled,0,
500993,395,62,10,22,2024-09-16,2024-09-20,1,895.14,25,cash,Online,COMPLETED,48.85,
506132,105,88810,3,2,2024-06-20,,1,1048.61,5,Cash,Online,Retuned,30.56,Gift wrap requested
502265,146,105,30,9,2025-05-19,2025-05-23,2,479.52,10,U.P.I,In-Store,Returned,0,
500601,172,13,8,2,2025-10-16,2025-10-23,4,4159.1,15,UPI,In-Store,Canceled,0,Urgent delivery requested
507100,673,30,28,16,2026-06-05,2026-06-12,3,2784.86,30,NEFT,Online,Completed,140.83,
502895,180,66,32,20,2024-09-14,2024-09-17,3,1834.37,5,NEFT,In-Store,Cancelled,0,
507486,268,10,19,20,2024-09-28,2024-10-01,3,717.05,15,card,In-Store,returned,0,
500660,544,95,29,13,2024-08-29,2024-09-01,2,663.29,15,U.P.I,Online,COMPLETED,144.05,Gift wrap requested
509428,990,112,20,4,2024-04-10,2024-04-14,1,,10,Upi,In-Store,completed,0,
505912,921,27,2,1,2025-08-10,2025-08-11,10,3602.62,0,UPI,Online,Completed,58.74,
504409,68,14,14,16,2024-03-21,2024-03-26,1,5008.27,25,NEFT,In-Store,Completed,0,Loyalty discount applied manually
502022,615,76,6,21,2024-10-17,2024-10-19,3,1764.7,25,Debit Card,Online,COMPLETED,101.09,
500768,209,13,2,16,2025-08-24,2025-08-28,3,4361.76,5,Card,Online,Cancelled,143.05,Loyalty discount applied manually
508903,609,27,20,13,2025-10-18,2025-10-23,10,3709.61,10,U.P.I,In-Store,returned,0,Gift wrap requested
506525,484,53,36,23,2025-09-07,2025-09-11,10,272.45,20,card,Online,Cancelled,46.02,
501838,320,81,29,5,2026-04-12,2026-04-21,10,1764.68,30,cash,In-Store,cancelled,0,
504008,721,5,37,18,2025-08-30,2025-09-02,8,3470.15,15,cash,In-Store,returned,0,
500162,154,27,17,18,2024-04-13,2024-04-21,5,3845.91,0,NetBanking,In-Store,Compeleted,0,Gift wrap requested
500818,598,109,35,19,2025-05-24,2025-05-30,3,517.85,10,U.P.I,Online,COMPLETED,48.27,
507426,393,75,40,18,2026-03-26,2026-03-27,9,1197.72,15,CASH,In-Store,Returned,0,
504221,220,12,36,13,2026-01-13,2026-01-19,1,454.88,15,NetBanking,In-Store,Compeleted,0,Loyalty discount applied manually
509317,199,61,24,5,2025-06-08,2025-06-15,1,1101.66,15,net banking,In-Store,completed,0,Urgent delivery requested
502883,858,71,29,7,2026-02-14,,4,,10,CARD,In-Store,completed,0,Corporate order
505513,133,118,29,18,2024-07-01,2024-07-02,2,477.78,25,card,Online,completed,52.48,
504777,357,96,5,4,2024-11-08,2024-11-11,1,1897.26,0,Cash,In-Store,Compeleted,0,
505919,822,28,10,13,2025-12-20,2025-12-27,1,3828.59,20,net banking,Online,completed,93.28,Bulk order - verify stock
502506,784,29,35,24,2024-10-18,2024-10-27,9,3104.27,15,Debit Card,Online,Completed,144.08,
502556,999046,78,17,11,2025-12-07,2025-12-11,1,533.5,20,Net Banking,In-Store,Completed,0,
502765,71,60,25,23,2024-08-18,2024-08-19,10,1535.31,30,U.P.I,Online,pending,109.07,
507202,541,32,2,23,2026-01-12,2026-01-16,5,104.55,5,Debit Card,In-Store,Compeleted,0,Corporate order
500211,232,63,39,17,2025-12-15,2025-12-21,3,1226.43,20,Cash,Online,Completed,110.08,
501270,406,115,22,4,2024-03-13,2024-03-17,7,329.32,10,Debit Card,In-Store,PENDING,0,
504115,855,43,39,4,2025-09-30,2025-10-01,3,297.26,5,CASH,In-Store,Compeleted,0,
506524,364,24,35,14,2024-04-19,2024-04-23,5,4522.69,20,UPI,Online,returned,135.58,
506509,677,115,38,15,2025-07-10,2025-07-12,0,344.77,15,NEFT,Online,Completed,77.48,
504366,877,61,23,20,2024-02-11,2024-02-16,3,1056.68,25,CASH,In-Store,Completed,0,
506854,767,18,27,5,2024-01-16,,5,896.54,30,UPI,Online,completed,124.69,Loyalty discount applied manually
507050,962,41,21,7,2026-03-31,2026-04-09,3,250.94,20,cash,Online,completed,63.24,
509457,383,110,15,23,2026-05-25,2026-05-27,4,253.54,0,U.P.I,Online,Completed,82.36,
506150,860,103,33,7,2024-08-19,2024-08-25,1,625.39,10,Card,Online,Cancelled,123.75,
506187,418,63,33,21,2024-11-24,2024-11-30,4,1191.14,20,cash,In-Store,COMPLETED,0,Corporate order
501037,638,110,15,21,2026-05-17,2026-05-19,8,245.68,10,U.P.I,Online,CANCELLED ,91.49,Loyalty discount applied manually
506648,319,57,25,16,2024-07-30,2024-08-03,6,1318.53,10,U.P.I,Online,Completed,144.64,Customer requested callback
507530,6,36,3,7,2025-04-11,2025-04-16,5,401.16,10,cash,Online,Completed,77.46,Bulk order - verify stock
501566,690,86,22,1,2025-07-22,2025-07-25,3,447.6,5,UPI,Online,Compeleted,84.16,Loyalty discount applied manually
509200,,101,18,14,2025-01-22,2025-01-28,7,,5,NEFT,In-Store,COMPLETED,0,Bulk order - verify stock
508955,213,18,8,7,2026-01-31,2026-02-09,7,870.23,0,NetBanking,In-Store,Retuned,0,
508748,840,3,9,14,2025-10-23,2025-10-25,4,4585.11,25,CARD,Online,completed,139.77,
503699,194,42,19,9,2025-05-01,2025-05-07,7,88.49,15,NEFT,In-Store,COMPLETED,0,
504496,958,90,27,2,2024-01-01,2024-01-07,1,1564.26,10,cash,Online,completed,125.81,Customer requested callback
506931,61,84,31,20,2025-10-28,2025-11-03,2,738.57,5,UPI,In-Store,Compeleted,0,
505899,509,19,9,6,2025-07-12,2025-07-19,5,2758.51,20,NetBanking,In-Store,Completed,0,
503212,852,25,18,11,2025-10-30,,6,1459.47,30,Credit Card,In-Store,completed,0,
506124,49,46,4,1,2024-02-09,2024-02-12,10,315.96,15,Net Banking,Online,COMPLETED,58.32,Corporate order
508170,981,53,38,2,2024-07-23,2024-07-24,9,278.27,15,Card,Online,Completed,76.55,Loyalty discount applied manually
502580,152,109,38,16,2024-02-03,2024-02-10,2,493.11,30,Cash,In-Store,completed,0,
500570,387,57,12,9,2024-10-22,2024-10-31,10,1427.79,25,Debit Card,In-Store,Compeleted,0,
500834,78,46,13,16,2026-04-30,2026-05-06,7,311.06,25,Cash,In-Store,cancelled,0,
505261,325,118,7,8,2024-12-07,2024-12-08,5,435.29,20,Card,In-Store,Compeleted,0,
505897,144,21,25,7,2025-11-03,2025-11-06,8,643.3,5,Cash,In-Store,COMPLETED,0,Customer requested callback
504210,767,123,8,12,2024-10-20,2024-10-28,4,424.74,0,Credit Card,Online,Completed,125.3,
504292,988,44,15,21,2024-11-15,2024-11-18,4,438.21,5,UPI,In-Store,Completed,0,
503316,686,32,10,22,2025-10-09,2025-10-05,5,107.72,15,CARD,Online,Completed,35.8,Loyalty discount applied manually
505200,487,42,9,16,2025-02-23,2025-02-28,1,88.36,10,NetBanking,In-Store,COMPLETED,0,
501810,365,3,12,10,2024-06-21,2024-06-26,1,4404.91,5,UPI,Online,COMPLETED,29.48,Corporate order
500945,397,41,19,3,2026-04-11,2026-04-13,9,243.51,10,Net Banking,In-Store,returned,0,Customer requested callback
504213,732,30,28,2,2024-12-05,2024-12-07,8,2661.59,15,Cash,Online,Completed,75.67,Bulk order - verify stock
506179,693,11,3,17,2025-09-06,2025-09-10,5,4801.57,30,Cash,Online,Compeleted,113.15,Bulk order - verify stock
506983,192,21,27,5,2024-02-05,2024-02-09,8,639.96,25,Net Banking,In-Store,cancelled,0,
505394,286,22,15,13,2026-05-24,2026-06-02,1,1357.37,5,cash,Online,Cancelled,57.49,
503975,656,36,12,2,2024-10-24,2024-11-01,8,424.01,0,cash,In-Store,completed,0,
504881,738,46,25,7,2024-09-08,2024-09-13,3,318.72,30,U.P.I,Online,pending,85.76,
500338,899,34,36,6,2024-02-11,2024-02-13,4,155.05,20,Credit Card,In-Store,COMPLETED,0,Customer requested callback
500292,820,1,2,11,2025-09-08,,7,2919.18,5,card,Online,returned,36.15,
509717,329,60,23,4,2024-06-25,2024-06-30,9,1675.84,25,Net Banking,Online,completed,113.26,Gift wrap requested
507320,42,56,38,21,2025-02-09,2025-02-15,5,937.64,30,Cash,Online,Compeleted,75.04,
509517,178,5,36,3,2025-05-25,2025-05-26,5,3614.82,5,Cash,Online,Compeleted,105.2,
507367,455,27,39,23,2025-01-25,2025-02-01,1,3526.73,0,CASH,In-Store,completed,0,
507415,150,125,40,14,2025-12-16,2025-12-20,6,386.78,5,CASH,Online,Retuned,29.3,
508177,991,24,25,14,2024-02-20,2024-02-21,4,4973.66,30,UPI,In-Store,Compeleted,0,Gift wrap requested
507898,643,45,12,8,2026-02-04,2026-02-11,10,167.09,20,CARD,Online,COMPLETED,55.18,
508738,961,77,40,20,2025-04-22,2025-04-28,8,1426.05,0,upi,In-Store,Completed,0,
502032,452,66,16,18,2025-04-11,2025-04-15,5,1777.1,15,net banking,Online,Completed,104.96,
501097,892,14,31,23,2025-01-18,2025-01-21,10,5147.73,25,Debit Card,Online,Completed,92.57,Gift wrap requested
504451,277,9,13,23,2025-03-26,2025-04-01,8,1137.19,0,Cash,In-Store,completed,0,
502351,343,5,18,4,2025-05-22,2025-05-28,8,3563.32,20,cash,Online,cancelled,76.5,
501236,261,68,8,22,2024-09-27,2024-09-28,3,354.99,15,Cash,In-Store,Completed,0,Loyalty discount applied manually
506436,531,71,9,13,2026-01-17,2026-01-20,1,594.01,25,Cash,In-Store,COMPLETED,0,
502675,545,126,33,6,2024-08-27,2024-09-03,3,588.81,0,U.P.I,Online,Retuned,61.05,
508984,211,111,34,11,2024-09-17,2024-09-20,1,651.98,30,Debit Card,In-Store,Compeleted,0,
506701,211,33,36,2,2025-08-02,2025-08-07,8,397.09,30,net banking,Online,completed,59.63,
503196,679,118,27,11,2026-04-10,2026-04-17,4,439.8,20,Cash,Online,returned,29.09,
503042,645,31,32,24,2024-07-31,2024-08-04,4,158.43,10,NetBanking,Online,Completed,81.77,Loyalty discount applied manually
508777,25,83,40,9,2025-08-05,2025-08-14,1,2359.59,30,net banking,In-Store,Retuned,0,
502849,69,31,22,14,2026-03-05,2026-03-10,1,166.53,30,net banking,In-Store,completed,0,
503119,291,121,3,7,2025-07-23,,3,544.67,5,Net Banking,Online,Compeleted,31.6,Bulk order - verify stock
500598,377,70,22,19,2024-01-26,2024-01-28,10,1951.17,30,cash,Online,Completed,130.01,
507219,35,10,30,8,2024-05-18,2024-05-25,5,734.52,25,Card,Online,Completed,54.77,Corporate order
503739,597,117,18,14,2024-12-02,2024-12-03,10,277.56,5,CARD,In-Store,pending,0,Loyalty discount applied manually
507373,169,14,18,9,2026-01-11,2026-01-13,1,4782.22,0,cash,Online,Compeleted,79.03,
507464,633,74,10,2,2026-04-09,2026-04-12,4,1335.82,0,Card,In-Store,Returned,0,
501442,526,92,8,12,2024-02-20,2024-02-21,4,1815.39,10,Card,In-Store,returned,0,
507433,726,27,11,11,2024-03-23,2024-03-25,7,3498.73,25,net banking,In-Store,completed,0,
507436,854,5,33,14,2026-03-23,2026-03-26,9,3528.11,20,CASH,Online,Completed,92.37,Corporate order
504549,538,78,30,8,2024-03-08,2024-03-10,10,522.58,30,U.P.I,In-Store,Completed,0,Gift wrap requested
505419,402,34,32,2,2025-11-04,2025-11-08,1,154.97,5,NEFT,In-Store,Compeleted,0,
505788,256,108,29,18,2025-09-11,2025-09-14,8,176.29,25,UPI,Online,Returned,99.55,Urgent delivery requested
506185,108,51,8,9,2025-09-03,2025-09-05,1,375.27,10,Cash,In-Store,Completed,0,
508793,272,87,18,23,2024-01-24,2024-01-25,9,1259.45,25,Cash,In-Store,completed,0,
500711,874,48,36,22,2025-03-03,2025-03-09,2,127.8,25,NEFT,In-Store,Compeleted,0,
505774,926,25,3,1,2024-08-15,2024-08-16,10,1395.12,30,upi,In-Store,returned,0,
509701,172,124,39,17,2026-04-29,2026-04-30,7,283.63,10,NetBanking,In-Store,completed,0,
509636,498,96,17,12,2024-05-05,2024-05-09,10,1845.97,15,Upi,In-Store,COMPLETED,0,
507523,958,88,33,9,2025-07-05,2025-07-14,8,724.02,30,U.P.I,In-Store,COMPLETED,0,Urgent delivery requested
507179,929,50,35,9,2024-12-23,2024-12-31,9,280.21,20,Cash,In-Store,completed,0,
507397,587,62,21,2,2024-02-16,2024-02-25,4,900.11,30,cash,Online,completed,75.88,Gift wrap requested
505417,977,49,7,23,2025-03-28,2025-04-05,8,170.47,15,net banking,In-Store,completed,0,Urgent delivery requested
503494,646,75,17,21,2024-04-13,2024-04-21,1,1173.03,0,card,In-Store,returned,0,
509594,880,100,14,19,2026-02-03,2026-02-09,7,,25,CASH,In-Store,Compeleted,0,Customer requested callback
508514,805,58,39,23,2024-06-17,2024-06-24,8,2000.31,5,CARD,Online,Retuned,59.59,Gift wrap requested
505415,718,5,15,14,2024-06-07,2024-06-10,9,3428.46,5,upi,In-Store,Retuned,0,Gift wrap requested
505032,632,20,6,1,2026-04-24,2026-04-25,2,3194.12,0,card,In-Store,Compeleted,0,
508841,565,88812,19,15,2025-10-01,2025-10-06,8,1390.18,30,NEFT,Online,Returned,99.87,
509028,887,95,21,24,2024-08-10,2024-08-18,7,684.87,30,net banking,In-Store,Completed,0,
500874,586,36,20,14,2025-02-17,2025-02-22,6,417.58,0,CASH,In-Store,completed,0,Loyalty discount applied manually
508245,825,72,36,22,2026-01-22,,1,1254.25,15,Credit Card,In-Store,Completed,0,
506109,,21,8,13,2025-08-07,2025-08-14,7,649.14,5,NetBanking,Online,Compeleted,38.56,Urgent delivery requested
508709,769,11,21,22,2026-03-14,2026-03-22,2,4561.91,30,cash,Online,Compeleted,53.53,
508210,222,37,2,7,2025-08-19,2025-08-21,4,200.63,10,NEFT,In-Store,Completed,0,Corporate order
504184,708,53,8,1,2024-08-24,2024-08-31,1,292.59,10,Upi,In-Store,COMPLETED,0,Corporate order
505382,378,59,18,18,2026-05-19,2026-05-27,4,,0,Card,In-Store,returned,0,Urgent delivery requested
505783,371,64,11,9,2025-06-06,2025-06-11,2,1401.33,5,CASH,Online,Retuned,144.83,Urgent delivery requested
500440,455,99,16,16,2025-09-05,2025-09-09,8,958.36,20,Upi,In-Store,completed,0,Customer requested callback
505664,526,8,25,22,2024-10-23,2024-11-01,4,2793.69,30,card,Online,Completed,148.49,Bulk order - verify stock
500535,141,18,36,3,2025-10-07,2025-10-12,7,924.74,30,U.P.I,Online,CANCELLED ,78.64,Loyalty discount applied manually
502250,65,19,29,9,2025-05-12,2025-05-14,5,2703.36,30,CARD,Online,Completed,94.35,Gift wrap requested
507781,447,104,31,23,2025-02-11,2025-02-12,8,375.79,25,Upi,In-Store,returned,0,
505217,935,90,7,18,2025-04-07,2025-04-12,9,1565.74,10,NEFT,Online,completed,112.9,Customer requested callback
503932,142,93,29,2,2024-10-11,2024-10-16,8,385.64,10,CASH,Online,Compeleted,56.35,Loyalty discount applied manually
506192,185,5,21,5,2025-03-09,2025-03-16,2,3569.07,30,Debit Card,In-Store,COMPLETED,0,Customer requested callback
504083,842,40,40,14,2024-04-04,2024-04-11,8,200.3,5,upi,In-Store,Retuned,0,Bulk order - verify stock
506929,103,108,21,9,2024-03-05,,7,164.08,0,card,In-Store,COMPLETED,0,
509395,32,43,2,20,2024-03-11,2024-03-15,10,293.85,30,card,In-Store,COMPLETED,0,Gift wrap requested
501683,,52,9,6,2025-01-11,2025-01-18,1,365.11,15,UPI,Online,completed,60.77,Gift wrap requested
503484,100,88815,39,17,2024-09-29,2024-09-30,8,1396.23,25,Debit Card,In-Store,COMPLETED,0,
501114,151,33,27,20,2024-12-09,2024-12-18,2,379.04,35,cash,Online,completed,144.77,Corporate order
500218,154,37,6,23,2024-07-13,2024-07-22,1,201.73,20,net banking,Online,completed,145.49,Loyalty discount applied manually
501951,676,3,10,21,2024-05-27,2024-06-04,5,4703.44,10,UPI,Online,Canceled,37,
507921,879,43,36,6,2025-04-22,2025-04-29,7,302.58,30,upi,In-Store,COMPLETED,0,Corporate order
506359,915,126,35,14,2025-08-24,2025-08-28,5,597.17,5,Cash,Online,Completed,105.74,
507033,401,51,1,12,2024-03-12,2024-03-15,8,370.6,15,CASH,In-Store,Completed,0,
509199,403,64,11,12,2025-09-09,2025-09-10,9,1390.47,25,Net Banking,Online,completed,61.77,
500455,280,124,35,16,2024-05-17,2024-05-24,6,277.09,30,Cash,Online,returned,107.97,Bulk order - verify stock
504730,37,75,28,7,2024-05-30,2024-06-03,9,1178.99,25,cash,Online,Cancelled,50.68,
504979,164,72,22,7,2024-02-14,2024-02-18,9,1243.2,15,Credit Card,In-Store,Canceled,0,
502119,36,67,39,2,2024-11-07,2024-11-10,5,1039.14,0,Credit Card,Online,Completed,101.45,Urgent delivery requested
504975,325,35,4,20,2025-04-12,2025-04-21,5,174.6,40,net banking,Online,Completed,101.71,
506171,484,50,15,11,2026-06-11,2026-06-17,4,295.8,15,Cash,In-Store,COMPLETED,0,
505843,215,70,7,22,2025-03-15,2025-03-20,10,1818.8,20,Cash,In-Store,completed,0,
500843,718,120,7,5,2024-01-04,2024-01-11,8,163.81,20,UPI,Online,returned,116.91,Gift wrap requested
505177,767,44,24,14,2024-10-12,2024-10-21,9,440.96,10,Net Banking,In-Store,Compeleted,0,
509102,438,79,7,17,2026-02-18,2026-02-19,2,1134.53,20,NEFT,Online,Compeleted,65.35,Customer requested callback
504215,428,3,37,18,2025-11-22,2025-11-26,4,4777.1,10,cash,Online,Retuned,104.34,Bulk order - verify stock
507185,578,72,5,22,2026-04-24,2026-04-27,5,1230.34,25,NetBanking,Online,Cancelled,36.98,Corporate order
504631,41,15,32,18,2024-10-19,2024-10-25,5,1808.11,15,net banking,In-Store,Compeleted,0,Urgent delivery requested
505165,538,14,36,1,2026-03-19,2026-03-25,7,5130.24,30,Cash,Online,COMPLETED,80.84,
508359,826,87,17,4,2026-05-06,2026-05-12,4,1286.38,20,Card,Online,Returned,127.5,
507103,327,91,14,4,2024-02-18,2024-02-20,1,468.8,10,NEFT,In-Store,returned,0,Gift wrap requested
503851,585,50,39,5,2026-01-01,2026-01-07,1,302.79,0,cash,In-Store,COMPLETED,0,Customer requested callback
500051,805,51,25,5,2024-06-20,2024-06-28,5,385.91,20,Cash,In-Store,COMPLETED,0,
508571,60,17,19,8,2024-06-23,2024-06-24,5,3949.76,15,CASH,In-Store,COMPLETED,0,Bulk order - verify stock
509131,241,59,33,19,2026-03-07,2026-03-10,8,1017.58,0,Card,In-Store,COMPLETED,0,Loyalty discount applied manually
507972,394,40,19,10,2024-01-20,2024-01-27,5,188.12,20,cash,In-Store,Compeleted,0,Gift wrap requested
502962,15,113,4,13,2024-02-17,2024-02-23,9,226.88,30,cash,Online,Compeleted,140.46,
501423,209,98,27,24,2026-04-29,2026-05-04,5,2010.52,10,Credit Card,Online,Returned,94.87,
507450,125,73,27,21,2024-06-14,2024-06-17,4,1124.41,25,cash,In-Store,Compeleted,0,
506057,566,103,38,13,2026-05-25,2026-05-26,1,623.45,0,Net Banking,In-Store,returned,0,
502789,592,104,23,11,2026-05-11,2026-05-15,4,379.81,25,Debit Card,Online,Pending,39.33,Gift wrap requested
509165,189,40,38,23,2024-07-08,2024-07-15,5,198.04,0,NetBanking,Online,completed,34.2,
505574,551,17,33,18,2026-04-20,2026-04-25,10,4193.74,0,card,Online,COMPLETED,107.65,Loyalty discount applied manually
504277,843,2,33,10,2026-05-02,2026-05-03,9,2737.03,15,Cash,Online,Returned,31.79,Gift wrap requested
504372,298,20,10,18,2025-06-18,2025-06-22,3,3029.37,15,upi,Online,cancelled,137.92,Urgent delivery requested
504873,978,16,24,15,2026-06-25,2026-07-01,7,2118.5,25,cash,Online,Retuned,49.93,
507963,374,22,29,12,2025-12-25,2025-12-31,3,1322.43,20,Upi,Online,Returned,127.87,
504258,213,72,38,13,2024-10-22,2024-10-27,3,1292.85,10,NetBanking,In-Store,completed,0,Gift wrap requested
500840,,120,19,7,2024-12-28,2025-01-04,6,163.68,30,card,Online,COMPLETED,140.26,Gift wrap requested
503591,595,29,17,18,2024-12-26,2025-01-03,2,2849.76,0,card,Online,COMPLETED,36.89,
509438,325,9,30,8,2025-02-04,2025-02-05,1,1206.35,10,net banking,Online,completed,48.11,
502437,751,70,34,15,2025-12-22,2025-12-29,1,1972.18,30,Cash,In-Store,Completed,0,Bulk order - verify stock
500813,453,110,31,4,2024-05-09,2024-05-10,1,253.59,15,Cash,In-Store,COMPLETED,0,Bulk order - verify stock
503339,253,122,8,13,2024-03-03,2024-03-02,2,161.16,25,Credit Card,Online,PENDING,118.69,Urgent delivery requested
503834,308,4,15,10,2026-06-01,2026-06-03,7,4418.65,25,Net Banking,In-Store,Canceled,0,Urgent delivery requested
504576,41,18,9,4,2025-03-29,,5,928.43,20,Net Banking,Online,COMPLETED,119.98,Urgent delivery requested
503863,405,44,38,14,2025-05-06,2025-05-13,3,452.11,30,Net Banking,Online,cancelled,70.75,
501572,315,33,19,17,2024-10-31,2024-11-06,3,401.3,25,net banking,In-Store,COMPLETED,0,Gift wrap requested
502025,587,14,10,8,2026-05-08,2026-05-16,4,5158.88,5,cash,Online,COMPLETED,135.26,
500130,370,33,3,16,2025-03-24,2025-03-26,10,387.42,5,cash,Online,Compeleted,127.72,Corporate order
508583,888,61,37,14,2024-05-12,2024-05-17,4,1125.44,10,Cash,In-Store,Completed,0,
505666,107,46,27,18,2024-03-23,2024-03-26,6,303.41,30,CARD,Online,Completed,80.89,Urgent delivery requested
506694,439,84,9,11,2024-01-03,2024-01-12,5,704.52,25,Net Banking,Online,Compeleted,64.89,
504703,516,122,10,24,2025-10-09,2025-10-16,3,172.74,20,Credit Card,In-Store,COMPLETED,0,Corporate order
504321,43,23,12,16,2025-01-26,,2,2077.7,30,Debit Card,Online,Completed,117.34,
508525,384,126,36,21,2025-11-27,2025-12-02,9,565,15,Upi,Online,Completed,112.89,Gift wrap requested
501912,380,29,35,24,2025-11-07,2025-11-08,6,2912.43,15,net banking,In-Store,completed,0,
500369,248,122,20,16,2024-09-16,2024-09-19,8,162.59,15,net banking,Online,COMPLETED,45.25,Loyalty discount applied manually
500437,587,15,18,7,2024-11-13,2024-11-17,8,1759.86,5,net banking,Online,Completed,70.57,Gift wrap requested
509332,99,9,29,13,2024-07-28,2024-08-01,9,1217.03,5,Card,In-Store,PENDING,0,Customer requested callback
505875,467,27,21,1,2025-02-28,2025-03-04,8,3827.64,25,Credit Card,In-Store,COMPLETED,0,
504717,286,27,21,16,2026-03-10,2026-03-16,6,3640.81,5,Debit Card,Online,Compeleted,127.23,
503628,536,83,11,13,2026-05-30,2026-06-01,5,2410.32,30,NetBanking,In-Store,Canceled,0,Customer requested callback
507836,661,84,24,21,2025-03-14,2025-03-18,10,709.45,35,NEFT,Online,Compeleted,54.99,Gift wrap requested
501089,830,35,18,4,2025-03-22,2025-03-30,7,178.95,10,cash,In-Store,COMPLETED,0,
502487,249,112,12,24,2026-05-15,2026-05-19,4,558.71,0,Debit Card,In-Store,CANCELLED ,0,
501500,353,95,7,16,2024-09-08,2024-09-13,5,684.42,0,UPI,In-Store,Compeleted,0,
503418,277,66,33,13,2025-08-12,2025-08-17,7,1890.64,25,Cash,In-Store,Compeleted,0,
508031,954,8,21,16,2024-07-04,2024-07-08,10,2561.23,30,Cash,In-Store,cancelled,0,
507139,803,112,11,11,2024-04-14,2024-04-19,3,534.63,5,upi,Online,PENDING,61.18,Urgent delivery requested
505687,163,90,26,10,2024-09-02,2024-09-05,9,1512.98,30,UPI,Online,completed,83,
507702,413,73,20,11,2025-09-18,2025-09-19,1,1097.71,5,CASH,Online,Canceled,136.09,Customer requested callback
504434,586,87,29,16,2024-05-20,2024-05-29,8,1299.93,10,Credit Card,Online,Completed,69.4,
506902,725,38,15,20,2025-07-22,2025-07-30,5,320.39,20,U.P.I,In-Store,Completed,0,
500882,619,19,18,4,2024-08-06,2024-08-11,7,2647.7,20,Card,In-Store,CANCELLED ,0,
504456,894,15,21,19,2024-09-19,2024-09-21,7,1804.42,0,Debit Card,In-Store,Pending,0,
503250,220,102,14,4,2025-03-31,2025-04-04,10,1025.84,5,NEFT,Online,Pending,94.01,
503434,432,28,21,11,2024-05-27,2024-06-02,6,3790.8,10,Debit Card,In-Store,completed,0,Urgent delivery requested
505041,939,110,8,16,2025-02-06,2025-02-12,4,239.65,0,UPI,In-Store,Completed,0,Corporate order
505256,746,100,25,5,2025-06-28,2025-07-05,4,515.44,15,Card,In-Store,COMPLETED,0,
503248,,82,10,22,2024-11-19,2024-11-27,0,523.72,30,cash,Online,Compeleted,90.83,Gift wrap requested
506315,855,85,22,19,2024-03-04,2024-03-10,1,905.97,30,card,In-Store,Completed,0,
507325,455,105,36,9,2024-08-06,2024-08-11,8,464.25,10,upi,In-Store,returned,0,Gift wrap requested
503866,389,61,6,13,2026-04-01,,7,1062.01,25,CASH,In-Store,COMPLETED,0,
504746,423,71,29,20,2025-10-07,2025-10-10,1,601.01,5,NetBanking,In-Store,Completed,0,
501640,957,54,2,13,2024-04-04,2024-04-11,2,309.79,30,Net Banking,Online,Returned,58.3,Gift wrap requested
501586,291,45,35,1,2026-02-17,2026-02-25,3,169.01,0,UPI,In-Store,Pending,0,
505650,264,90,4,9,2026-03-06,2026-03-07,7,1482.2,15,upi,In-Store,Compeleted,0,Bulk order - verify stock
500207,639,24,28,4,2024-01-03,2024-01-04,5,4569.86,30,NEFT,In-Store,Completed,0,Bulk order - verify stock
508140,751,10,38,10,2024-02-19,2024-02-20,10,764.58,20,NEFT,Online,COMPLETED,34.89,
507094,544,56,19,6,2025-05-20,2025-05-23,2,964.44,30,NetBanking,In-Store,Retuned,0,Customer requested callback
501113,683,25,19,22,2025-01-17,2025-01-14,10,1504.36,20,CASH,In-Store,CANCELLED ,0,Customer requested callback
502415,979,124,23,19,2026-01-20,2026-01-16,8,288.49,5,Cash,Online,pending,82.09,
502069,590,95,38,8,2024-04-29,2024-05-03,1,661.67,5,cash,In-Store,returned,0,Bulk order - verify stock
504767,54,36,25,14,2024-05-14,2024-05-18,2,435.11,15,NEFT,In-Store,Compeleted,0,
501280,841,82,7,10,2024-02-06,2024-02-15,7,547.77,10,upi,Online,completed,61.29,
507298,320,90,37,19,2024-06-19,2024-06-21,6,1532.73,30,Credit Card,In-Store,Completed,0,
503535,536,124,32,2,2025-12-17,2025-12-24,5,295.08,25,Upi,In-Store,Compeleted,0,
505543,517,49,13,23,2024-12-20,2024-12-27,10,177.77,0,U.P.I,In-Store,Returned,0,
500896,859,122,33,11,2025-09-07,2025-09-09,1,164.62,5,cash,Online,COMPLETED,-75.87,Corporate order
505551,467,81,29,20,2026-05-09,,4,1830.25,25,cash,Online,completed,103.12,
509568,968,12,15,13,2024-05-22,,7,461.52,15,Credit Card,Online,COMPLETED,37.77,
504850,671,56,36,6,2025-05-07,2025-05-11,3,918.03,20,cash,Online,Compeleted,48.6,
507428,244,7,36,3,2025-01-30,2025-02-02,3,710.15,5,net banking,In-Store,Completed,0,Urgent delivery requested
501601,324,59,27,23,2024-09-25,2024-09-26,9,1021.02,30,Credit Card,In-Store,returned,0,
509340,354,15,30,18,2026-03-24,2026-03-27,6,1901.52,5,upi,In-Store,Completed,0,
504035,241,11,14,23,2024-12-27,2024-12-25,2,4589.55,20,UPI,In-Store,COMPLETED,0,
506596,813,122,29,2,2025-09-16,2025-09-21,1,157.62,10,NEFT,In-Store,Compeleted,0,
505141,125,56,27,18,2026-01-29,2026-01-31,9,878.79,30,NEFT,Online,Completed,123.42,
505821,785,9,20,5,2026-01-31,2026-02-07,0,1217.92,15,cash,Online,Compeleted,141.04,
508312,450,30,35,16,2025-10-07,2025-10-13,4,2852.18,30,Upi,In-Store,Canceled,0,Customer requested callback
502327,786,67,19,12,2026-02-10,2026-02-19,6,1095.51,15,CASH,In-Store,completed,0,
501917,115,29,25,17,2026-03-03,2026-03-07,1,2977.46,0,NEFT,In-Store,completed,0,
503358,98,73,20,19,2025-09-20,2025-09-28,5,1080.42,5,Card,Online,Compeleted,55.65,
500125,925,69,12,21,2024-05-21,2024-05-29,4,1036.54,5,Upi,In-Store,Completed,0,
504760,612,7,19,12,2024-04-15,2024-04-22,3,746.57,10,NEFT,Online,completed,59.75,Corporate order
506579,955,111,33,9,2025-03-04,2025-03-11,1,638.02,30,NEFT,Online,CANCELLED ,138.34,Urgent delivery requested
502727,307,118,19,2,2024-05-05,2024-05-14,4,456.23,15,NetBanking,In-Store,Compeleted,0,Bulk order - verify stock
508083,941,46,25,13,2024-06-15,2024-06-24,5,330.81,0,NEFT,In-Store,Completed,0,Customer requested callback
509740,458,105,13,4,2025-10-30,2025-11-06,9,497.72,0,NetBanking,Online,COMPLETED,37.39,
502035,4,118,28,7,2024-05-18,2024-05-19,10,478.22,15,CARD,Online,Pending,101.12,Bulk order - verify stock
506527,992,68,35,15,2025-03-04,2025-03-09,6,362.95,30,CARD,Online,completed,90.64,
508065,999031,104,7,6,2024-03-17,2024-03-26,8,400.66,20,NetBanking,In-Store,Returned,0,Urgent delivery requested
506688,438,26,38,16,2025-12-01,2025-12-06,5,3220.78,30,NEFT,Online,completed,147.19,
509809,991,117,6,16,2024-10-20,2024-10-26,10,285.94,25,U.P.I,In-Store,Completed,0,Corporate order
509599,498,51,3,21,2025-05-08,2025-05-10,5,382.21,30,net banking,In-Store,COMPLETED,0,
505649,246,37,11,2,2024-06-21,2024-06-26,4,,20,Debit Card,Online,Completed,41.83,Gift wrap requested
504029,783,103,35,10,2024-07-07,2024-07-12,1,634.91,10,Credit Card,Online,Completed,138.25,Customer requested callback
508260,53,110,26,12,2025-04-16,2025-04-17,3,245.32,0,upi,In-Store,COMPLETED,0,
507763,,20,18,3,2025-08-02,2025-08-04,3,2964.49,25,UPI,Online,Compeleted,52.37,
500908,349,66,34,3,2025-04-23,2025-04-27,5,1839.02,15,cash,Online,CANCELLED ,135.17,
500476,932,39,9,5,2026-01-13,2026-01-14,10,473.23,20,CARD,Online,Compeleted,69.11,Urgent delivery requested
500215,869,112,20,8,2024-02-22,2024-02-27,3,577.45,30,UPI,In-Store,completed,0,Customer requested callback
506739,411,6,13,5,2024-12-13,2024-12-14,8,1656.74,20,NEFT,Online,CANCELLED ,89.75,
509788,511,118,26,3,2026-02-22,2026-02-25,10,467.63,10,U.P.I,In-Store,Compeleted,0,
503803,583,70,12,18,2025-03-20,2025-03-22,8,1956.38,15,cash,Online,Compeleted,114.02,
507829,735,114,26,16,2025-04-21,2025-04-27,7,201.59,0,UPI,Online,COMPLETED,134.19,Corporate order
509238,73,92,2,9,2025-01-13,2025-01-16,3,1793.87,15,Credit Card,In-Store,Completed,0,Gift wrap requested
500108,832,3,18,13,2024-03-22,2024-03-27,3,4644.11,15,card,In-Store,Completed,0,
506766,786,52,8,3,2024-11-15,2024-11-19,5,390.29,5,NetBanking,In-Store,Canceled,0,Corporate order
500694,512,108,29,2,2024-04-25,2024-04-28,9,179.46,30,NEFT,In-Store,Completed,0,Loyalty discount applied manually
501577,572,48,19,7,2025-03-08,2025-03-17,6,129.44,20,net banking,Online,Completed,54.63,Customer requested callback
508999,411,102,4,21,2026-06-15,2026-06-17,8,1024.82,10,CARD,Online,Completed,79.94,Urgent delivery requested
506099,824,56,21,22,2024-11-03,2024-11-07,10,889.03,15,CARD,In-Store,COMPLETED,0,Gift wrap requested
501590,958,79,30,14,2026-05-30,2026-06-06,3,1144.36,30,CARD,In-Store,Compeleted,0,
506300,634,42,23,20,2024-05-11,2024-05-20,8,81.58,30,upi,In-Store,Compeleted,0,Customer requested callback
506214,617,63,11,8,2026-03-10,2026-03-14,8,1212.69,0,NetBanking,In-Store,PENDING,0,Gift wrap requested
502693,289,88819,25,21,2026-05-04,2026-05-05,3,2427.28,25,net banking,In-Store,CANCELLED ,0,
506087,652,124,31,21,2024-06-01,2024-06-10,2,286.75,0,cash,Online,Compeleted,43.59,
506303,206,27,8,12,2024-12-26,2025-01-04,4,3734.99,25,Upi,In-Store,completed,0,Urgent delivery requested
500562,13,59,31,10,2025-10-26,2025-11-03,7,1038.24,30,Cash,Online,COMPLETED,80.35,Urgent delivery requested
504494,603,103,2,17,2024-08-05,2024-08-06,5,605.28,10,U.P.I,In-Store,Returned,0,
500413,701,94,22,19,2025-02-05,2025-02-13,1,1361.9,25,Upi,Online,returned,140.78,
500839,768,1,37,17,2025-05-01,2025-05-09,6,2904.19,20,cash,In-Store,COMPLETED,0,Loyalty discount applied manually
502780,942,116,19,11,2025-03-22,2025-03-28,7,214.84,30,NetBanking,In-Store,Compeleted,0,
507190,493,95,29,1,2024-03-08,2024-03-17,2,683.13,0,upi,Online,completed,55.64,Corporate order
503694,505,52,1,4,2026-05-03,2026-05-11,8,391.99,50,card,Online,Pending,66.63,Gift wrap requested
506119,170,92,12,1,2024-12-31,2025-01-06,10,1767.57,20,cash,In-Store,Completed,0,
502915,492,109,12,9,2025-11-12,2025-11-15,5,519,10,Debit Card,In-Store,Completed,0,Gift wrap requested
505411,531,77,11,2,2025-06-01,2025-06-09,3,1404.65,25,net banking,In-Store,COMPLETED,0,
502753,243,92,7,4,2025-09-24,2025-10-01,9,1753.26,25,CASH,Online,COMPLETED,43.06,
502899,919,81,35,24,2025-02-11,2025-02-16,10,1867.01,30,UPI,In-Store,Completed,0,Urgent delivery requested
501099,666,32,3,1,2024-01-01,2024-01-05,8,104.07,5,Card,In-Store,COMPLETED,0,
506748,556,47,27,17,2025-04-05,2025-04-12,2,114.69,15,card,In-Store,completed,0,Corporate order
503898,363,79,27,5,2025-07-03,2025-07-05,4,1225.9,10,Debit Card,Online,completed,39.36,
504219,29,81,8,18,2024-11-24,2024-11-30,2,1859.88,25,Cash,Online,Returned,49.75,Corporate order
506103,547,5,7,1,2025-08-18,2025-08-20,8,3579.77,5,CASH,In-Store,Completed,0,
506483,198,48,36,22,2025-08-23,2025-08-24,2,129.4,15,Card,In-Store,completed,0,Bulk order - verify stock
508776,569,12,22,15,2025-05-16,2025-05-25,6,491.42,20,UPI,In-Store,Completed,0,
504361,11,7,40,20,2024-12-09,2024-12-17,7,747.16,0,U.P.I,Online,Completed,105.98,
507961,730,40,38,11,2024-07-18,,1,200.2,5,Net Banking,Online,completed,64.13,Bulk order - verify stock
501973,362,44,2,13,2025-07-24,2025-07-31,10,449.45,0,CASH,Online,completed,90.87,
508099,37,16,33,8,2024-08-15,2024-08-16,8,2139.77,30,Net Banking,In-Store,Compeleted,0,
504567,978,39,23,10,2024-01-05,2024-01-06,2,480.46,0,Credit Card,In-Store,Compeleted,0,
504231,99,91,30,7,2024-01-27,2024-02-01,3,500.95,20,CASH,In-Store,PENDING,0,
502852,349,56,7,3,2024-07-03,2024-07-10,3,955.35,30,Credit Card,Online,pending,48.27,
501925,893,75,4,5,2025-08-31,2025-09-05,6,1255.77,15,Cash,In-Store,Compeleted,0,
500520,470,22,36,11,2024-11-16,2024-11-18,2,1266.82,5,CASH,In-Store,COMPLETED,0,Urgent delivery requested
505428,156,116,39,15,2024-05-21,2024-05-30,3,207.94,0,Card,In-Store,Completed,0,Loyalty discount applied manually
501330,245,120,37,4,2024-02-08,2024-02-17,8,162.59,10,net banking,Online,Compeleted,103.19,Customer requested callback
500156,654,30,18,14,2025-02-24,2025-03-05,3,2773.24,10,cash,In-Store,Returned,0,
504936,218,126,25,9,2025-10-28,,4,609.41,10,upi,Online,Completed,54.34,Gift wrap requested
508169,369,72,8,23,2026-05-14,2026-05-15,5,1246.81,25,Card,Online,Returned,50.16,
506310,68,3,26,3,2025-08-03,2025-08-12,7,4514.16,5,Debit Card,Online,COMPLETED,71.54,Gift wrap requested
505977,217,29,26,12,2025-02-06,2025-02-07,8,2895.08,30,U.P.I,Online,Pending,128.82,Urgent delivery requested
505090,897,22,29,11,2025-06-10,2025-06-15,9,1266.88,30,Debit Card,In-Store,Returned,0,Corporate order
504394,356,34,12,14,2024-01-23,2024-01-30,3,156.26,25,Credit Card,In-Store,COMPLETED,0,Corporate order
500168,632,101,27,18,2026-06-13,2026-06-18,7,2228.1,25,net banking,Online,COMPLETED,52.23,
501230,788,39,39,7,2024-01-07,2024-01-16,9,482.33,5,cash,In-Store,Returned,0,
509777,71,69,32,16,2026-06-26,2026-07-04,4,1034.08,25,upi,Online,PENDING,128.72,Loyalty discount applied manually
502190,141,29,24,16,2025-02-19,2025-02-28,9,3001.9,0,U.P.I,Online,completed,99.8,
506205,601,34,4,3,2025-11-08,2025-11-16,7,154.17,30,Upi,Online,Cancelled,57.94,
507789,380,93,24,19,2025-04-10,2025-04-18,3,397.86,20,NEFT,In-Store,PENDING,0,Corporate order
506607,905,44,20,10,2025-12-21,2025-12-27,5,414.32,25,net banking,Online,Completed,88.25,
508490,872,49,29,16,2025-09-05,2025-09-08,2,172.25,25,UPI,In-Store,COMPLETED,0,
500939,137,73,23,20,2024-10-08,,5,1119.61,0,Credit Card,Online,CANCELLED ,109.45,
504101,401,7,22,7,2024-06-12,2024-06-20,7,725.3,5,NEFT,In-Store,Completed,0,
500938,829,120,6,1,2024-04-08,2024-04-09,4,163.3,15,NetBanking,In-Store,Completed,0,
506581,352,37,22,10,2024-10-31,2024-11-06,10,195.16,25,Upi,Online,Compeleted,99.4,Loyalty discount applied manually
509843,244,88818,28,6,2025-11-29,2025-12-01,9,738.68,10,upi,In-Store,COMPLETED,0,
506517,425,3,14,10,2026-03-19,2026-03-20,4,4659.53,25,CASH,Online,Completed,94.74,Customer requested callback
503495,651,96,21,16,2026-01-20,2026-01-28,4,1889.45,20,UPI,In-Store,Completed,0,
507495,141,25,17,2,2025-04-06,2025-04-07,3,1480.1,0,Cash,Online,PENDING,87.93,
507538,487,102,11,5,2024-01-09,2024-01-12,4,1061.83,25,Net Banking,Online,completed,33.13,Customer requested callback
501633,153,38,34,22,2025-01-20,2025-01-25,3,306.75,30,Net Banking,In-Store,COMPLETED,0,
503210,585,64,21,23,2026-03-30,2026-04-04,3,1304.27,0,Credit Card,Online,completed,128.3,Bulk order - verify stock
508723,650,57,11,2,2024-05-21,2024-05-25,1,1371.26,25,NEFT,In-Store,COMPLETED,0,Gift wrap requested
504201,502,45,18,11,2024-12-15,2024-12-24,8,160.46,10,U.P.I,Online,returned,46.83,
505747,522,95,23,5,2025-10-12,2025-10-17,7,689.26,15,Upi,Online,Compeleted,29.98,Urgent delivery requested
509313,844,27,14,2,2026-01-27,2026-02-04,3,3631.27,10,Debit Card,In-Store,Compeleted,0,
503301,886,79,6,4,2025-08-10,2025-08-19,6,1240.55,0,UPI,In-Store,Canceled,0,
505357,818,56,34,17,2024-04-26,2024-04-28,5,924.5,5,upi,In-Store,Completed,0,
508548,156,6,13,22,2026-05-18,2026-05-24,4,1694.61,0,UPI,Online,completed,55.92,
509786,467,79,24,22,2025-01-22,2025-01-29,8,1241.66,25,Cash,Online,completed,116.05,
505568,,27,3,23,2025-07-24,2025-07-29,1,3745.46,10,CARD,In-Store,Completed,0,
502332,554,79,1,2,2026-04-21,2026-04-29,2,1183.32,50,Card,Online,COMPLETED,147.48,
500721,142,97,5,21,2026-03-25,2026-03-28,2,1739.37,0,CARD,Online,Returned,136.73,Bulk order - verify stock
509464,892,42,21,15,2026-01-19,2026-01-25,7,88.68,15,Credit Card,Online,CANCELLED ,65.85,
507987,157,72,18,13,2025-12-17,2025-12-25,5,1314.82,10,Credit Card,In-Store,returned,0,
501696,109,15,5,5,2025-05-12,2025-05-14,6,1894.91,10,UPI,Online,Pending,63.02,
509511,873,70,37,21,2024-10-05,2024-10-13,1,1857.61,0,CARD,Online,Compeleted,63.96,
509345,456,6,2,18,2025-06-11,2025-06-20,4,1741.42,20,Net Banking,In-Store,completed,0,
507698,108,110,13,8,2025-12-11,2025-12-20,6,237.33,5,net banking,In-Store,Compeleted,0,
506562,894,66,3,15,2025-11-15,2025-11-17,7,1925.44,40,Debit Card,In-Store,Compeleted,0,
508798,122,27,7,14,2024-01-14,2024-01-23,8,3606.68,5,Debit Card,In-Store,completed,0,
508378,668,87,9,9,2025-01-02,2025-01-03,6,1333.78,20,U.P.I,Online,pending,140.27,Bulk order - verify stock
504603,165,118,27,22,2024-09-22,2024-09-23,8,441.39,5,card,Online,Completed,58.12,Gift wrap requested
509169,264,76,36,9,2024-04-19,2024-04-24,2,1754.79,10,Credit Card,In-Store,Cancelled,0,Loyalty discount applied manually
503687,668,68,28,19,2025-06-24,2025-06-26,2,367.67,20,Credit Card,Online,Compeleted,54.01,
500907,24,19,5,6,2024-08-27,2024-08-28,10,2560.89,20,Card,In-Store,COMPLETED,0,Corporate order
503049,566,8,9,9,2025-04-10,2025-04-13,5,2653.63,30,Net Banking,Online,Compeleted,88.91,
508957,230,73,4,16,2025-11-15,2025-11-20,5,1097.08,30,NetBanking,Online,Compeleted,106.26,
509113,305,87,20,16,2026-02-15,2026-02-24,10,1344.21,20,Credit Card,In-Store,Compeleted,0,Urgent delivery requested
508591,519,23,22,20,2025-01-07,2025-01-02,1,2015.71,15,net banking,Online,cancelled,58.1,
504618,136,105,28,5,2025-08-30,2025-09-05,3,459.04,30,NetBanking,In-Store,Cancelled,0,Urgent delivery requested
501548,,27,14,19,2024-11-24,2024-12-02,4,3720.23,20,NEFT,Online,Completed,121.06,
509660,233,16,35,22,2026-03-13,2026-03-14,3,2156.21,20,net banking,In-Store,Retuned,0,Loyalty discount applied manually
508707,39,70,22,5,2024-12-14,2024-12-19,10,1802.94,15,upi,Online,Retuned,51.45,
505143,811,94,15,13,2026-05-19,2026-05-26,7,1278.15,10,cash,Online,Cancelled,75.74,
506555,896,104,25,7,2024-12-20,2024-12-24,5,399.74,5,Card,In-Store,PENDING,0,
500439,241,111,11,5,2025-12-16,2025-12-24,2,671.48,10,Debit Card,In-Store,Cancelled,0,
502853,274,94,35,17,2024-11-04,2024-11-13,2,1314.84,0,Card,Online,cancelled,-73.38,
506507,924,118,20,21,2024-02-06,2024-02-13,10,470.33,10,net banking,In-Store,completed,0,Corporate order
506284,685,78,36,5,2025-06-13,2025-06-16,4,539.67,10,CARD,In-Store,Pending,0,Bulk order - verify stock
506591,138,44,19,11,2025-07-01,2025-07-10,3,448.26,5,CARD,In-Store,Pending,0,Bulk order - verify stock
501293,665,97,22,5,2024-01-23,2024-01-24,4,1710.65,20,upi,Online,CANCELLED ,112.26,
509024,506,8,3,9,2024-05-29,2024-06-05,7,2821.98,40,Net Banking,Online,Pending,99.88,
506391,490,96,36,21,2025-05-13,2025-05-22,10,1844.57,0,Upi,In-Store,completed,0,
505750,696,86,29,11,2025-11-25,2025-12-01,8,459.81,50,U.P.I,In-Store,Compeleted,0,Corporate order
501390,587,45,23,14,2024-01-09,2024-01-12,4,167.99,25,NetBanking,In-Store,COMPLETED,0,Gift wrap requested
501630,11,49,18,4,2024-04-05,2024-04-09,9,184.31,25,Upi,Online,Canceled,76.12,Customer requested callback
507576,841,48,38,13,2024-06-13,2024-06-22,3,126.11,10,Credit Card,In-Store,Completed,0,
508411,643,39,10,19,2024-03-13,2024-03-20,10,507.01,30,Debit Card,In-Store,completed,0,
506471,104,79,18,14,2025-03-14,2025-03-17,9,1221.88,40,Debit Card,In-Store,Compeleted,0,
500700,997,6,23,4,2025-03-14,2025-03-22,5,1782.34,25,UPI,Online,completed,100.87,Corporate order
505753,313,31,18,16,2025-08-24,2025-08-29,1,152.44,15,CARD,Online,Compeleted,72.45,
501412,512,44,10,12,2026-01-20,2026-01-24,6,456.28,15,cash,In-Store,CANCELLED ,0,
509700,621,88805,28,14,2026-06-04,2026-06-07,1,1457.83,15,Credit Card,In-Store,COMPLETED,0,Customer requested callback
503520,894,38,16,13,2025-12-01,2025-12-05,5,305.96,30,NEFT,In-Store,completed,0,Loyalty discount applied manually
508719,700,95,4,16,2025-10-12,2025-10-16,7,673.45,5,NEFT,Online,COMPLETED,100.97,Corporate order
502430,566,39,10,13,2025-03-31,2025-04-09,8,517.47,0,Cash,Online,Pending,106.82,Urgent delivery requested
506567,904,2,34,9,2025-06-24,2025-06-28,5,2928.05,25,upi,In-Store,Completed,0,Gift wrap requested
508556,879,105,15,8,2025-07-03,2025-07-07,8,485.42,20,UPI,In-Store,Completed,0,Customer requested callback
501556,164,83,27,18,2026-06-14,2026-06-17,10,2320.39,30,Credit Card,Online,returned,38.66,Customer requested callback
501740,374,25,15,4,2026-02-06,2026-02-03,7,1478.88,15,Cash,Online,Completed,140.63,
505360,18,98,24,10,2026-02-03,2026-02-10,9,2023.87,25,U.P.I,Online,Compeleted,76.3,
500978,236,12,21,5,2024-11-30,2024-12-05,10,486.34,0,cash,Online,completed,42.67,Customer requested callback
506270,917,30,29,17,2024-07-13,2024-07-17,1,2698.44,0,Net Banking,In-Store,COMPLETED,0,
505129,408,78,32,3,2025-12-24,2025-12-26,8,537.17,30,Credit Card,In-Store,Completed,0,Urgent delivery requested
500797,378,84,27,7,2026-02-09,2026-02-15,3,708.95,20,U.P.I,Online,Completed,84.87,Urgent delivery requested
505162,757,65,4,23,2024-09-07,2024-09-08,6,1572.49,5,card,Online,Completed,105.78,
507617,162,40,8,15,2025-06-25,2025-07-02,4,192.58,15,UPI,Online,Completed,125.78,Corporate order
502398,110,98,14,6,2024-02-23,2024-03-01,8,2032.29,10,Cash,In-Store,Completed,0,Bulk order - verify stock
509764,1,18,7,8,2025-10-08,2025-10-09,5,908.69,15,upi,In-Store,Compeleted,0,Corporate order
503773,671,2,6,1,2026-05-07,2026-05-11,2,2761.23,15,Cash,Online,Completed,51.42,Loyalty discount applied manually
508165,321,106,13,16,2025-09-29,2025-10-08,7,704.1,0,CASH,In-Store,completed,0,
508257,117,24,37,21,2024-05-18,2024-05-23,3,4916.9,5,CARD,In-Store,COMPLETED,0,
507084,935,72,18,18,2025-10-24,2025-10-29,4,1317.48,15,U.P.I,In-Store,Returned,0,
500821,582,103,14,13,2024-02-07,2024-02-08,4,596.53,10,U.P.I,Online,COMPLETED,73.63,
505021,,76,36,17,2026-01-12,2026-01-15,8,1720.93,30,cash,In-Store,returned,0,
500641,141,4,3,19,2025-11-30,2025-12-06,8,4088.13,0,CARD,Online,COMPLETED,52.96,
502719,294,4,28,10,2025-12-26,2025-12-30,8,4084.68,10,U.P.I,In-Store,Completed,0,Customer requested callback
504823,381,79,38,12,2024-05-15,2024-05-22,9,1128.62,20,Upi,Online,Compeleted,106.28,
503783,792,16,11,23,2026-06-29,2026-07-07,5,2040.76,25,U.P.I,Online,COMPLETED,145.35,Customer requested callback
508133,290,13,29,13,2024-02-15,2024-02-20,8,4193.25,10,CASH,In-Store,COMPLETED,0,
506004,358,1,28,9,2024-08-12,2024-08-14,3,2844.49,50,Cash,In-Store,returned,0,
507606,540,74,13,11,2024-09-08,2024-09-13,3,1308,20,Debit Card,Online,COMPLETED,102.89,Gift wrap requested
502213,297,44,35,8,2025-06-21,2025-06-22,9,421.24,10,UPI,Online,Compeleted,119.04,Urgent delivery requested
501036,838,12,29,1,2025-12-16,2025-12-18,2,493.95,30,Credit Card,In-Store,Canceled,0,
508462,595,24,3,24,2025-07-25,2025-07-28,9,4864.33,30,UPI,Online,completed,64.65,
508802,417,59,29,14,2024-06-27,2024-07-01,7,1018.56,5,UPI,Online,COMPLETED,132.33,
506790,431,36,13,3,2024-01-06,,7,427.58,10,Credit Card,Online,Compeleted,137.85,Gift wrap requested
508736,1000,43,40,1,2024-12-16,2024-12-25,3,296.05,0,Credit Card,Online,CANCELLED ,30.2,Urgent delivery requested
508440,985,57,1,5,2025-09-12,2025-09-18,2,1361.82,10,cash,Online,COMPLETED,40.92,
500459,860,24,8,12,2025-10-22,2025-10-29,2,4798.27,20,UPI,Online,Pending,80.37,
501798,295,11,14,18,2024-10-31,2024-11-01,2,4775.66,25,Cash,In-Store,COMPLETED,0,Customer requested callback
505210,114,76,21,1,2025-11-23,2025-12-02,9,1719.97,30,Credit Card,Online,COMPLETED,110.47,
506609,271,75,28,2,2026-01-30,2026-02-05,4,1190.96,30,Net Banking,Online,Compeleted,58.98,Loyalty discount applied manually
504016,886,1,29,21,2024-11-29,2024-12-08,1,2918.89,5,Cash,In-Store,CANCELLED ,0,
506755,907,124,11,5,2026-06-27,2026-07-04,10,287.56,25,Cash,Online,completed,-50.63,
501341,394,117,29,12,2025-09-29,2025-10-06,2,274.15,30,cash,Online,Completed,43.69,
504070,847,117,21,3,2024-12-27,2025-01-04,8,283.44,5,Card,Online,COMPLETED,102.05,Bulk order - verify stock
508715,,65,28,24,2025-12-16,2025-12-21,2,1573.98,30,U.P.I,In-Store,returned,0,Urgent delivery requested
503103,574,94,19,5,2026-02-28,2026-03-02,2,1289.44,30,Upi,In-Store,Compeleted,0,
504491,469,75,34,19,2024-03-31,2024-04-03,4,1184.1,20,Net Banking,In-Store,COMPLETED,0,Urgent delivery requested
504132,446,98,28,13,2026-06-12,2026-06-14,7,1894.29,20,NEFT,In-Store,CANCELLED ,0,
504858,,95,39,11,2024-07-26,2024-08-04,5,680.01,30,NetBanking,Online,Retuned,103.97,Corporate order
505331,623,3,26,18,2025-03-06,2025-03-12,3,4635.39,15,Cash,In-Store,Completed,0,
500421,598,68,5,22,2025-04-04,2025-04-08,8,386.92,20,cash,In-Store,Cancelled,0,
502562,694,90,16,18,2024-04-03,2024-04-04,10,1486.11,25,Credit Card,Online,Compeleted,49.43,
501479,939,85,38,9,2025-12-11,2025-12-15,5,920.07,20,Debit Card,In-Store,Completed,0,
506420,314,103,33,6,2026-06-24,2026-06-25,6,608.9,25,Net Banking,In-Store,Completed,0,Corporate order
508634,905,79,13,19,2024-05-25,2024-05-26,10,1202.29,25,CASH,Online,COMPLETED,95.03,Bulk order - verify stock
507335,105,77,22,14,2024-09-05,2024-09-12,5,1408.78,45,Cash,Online,Compeleted,66.08,Gift wrap requested
502494,780,88806,28,5,2025-01-30,2025-01-31,6,1031.32,25,CASH,Online,PENDING,130.48,
502711,774,113,39,2,2024-12-29,2025-01-03,4,232.53,20,upi,Online,Cancelled,77.21,
500417,71,34,2,4,2026-03-03,2026-03-04,4,158.22,10,card,Online,COMPLETED,31.83,
504056,5,124,8,9,2024-12-23,2024-12-27,8,281.4,20,Card,In-Store,COMPLETED,0,Corporate order
502169,728,22,6,9,2024-12-09,2024-12-11,5,1328.82,15,cash,Online,COMPLETED,86.27,
500039,803,20,37,8,2026-04-16,2026-04-19,1,3112.5,15,card,Online,Compeleted,40.53,
505119,125,83,25,20,2025-07-10,2025-07-09,3,2397.74,30,Card,Online,completed,112.69,Loyalty discount applied manually
500109,912,3,11,15,2025-05-03,2025-05-10,10,4517.22,15,UPI,Online,Completed,69.05,Loyalty discount applied manually
500132,57,60,27,14,2024-08-15,2024-08-21,1,1638.5,10,net banking,In-Store,completed,0,Loyalty discount applied manually
500701,132,104,37,12,2025-06-04,2025-06-08,9,386.43,10,CARD,In-Store,Returned,0,
505597,308,106,40,19,2025-12-25,2025-12-29,7,685.22,0,CASH,In-Store,cancelled,0,Customer requested callback
506930,116,55,30,20,2025-10-16,2025-10-25,7,1639.35,25,net banking,Online,Completed,133.49,
500577,394,123,5,23,2025-09-05,2025-09-06,1,399.66,20,UPI,Online,Completed,134.04,Urgent delivery requested
504025,535,55,14,1,2025-06-01,2025-06-04,8,1673.38,0,cash,In-Store,COMPLETED,0,
506891,15,89,34,3,2026-06-09,2026-06-14,8,1887.6,10,NEFT,Online,Compeleted,92.38,Customer requested callback
503039,661,121,30,17,2025-03-09,2025-03-15,5,,25,NEFT,Online,Completed,39.99,
506129,540,30,36,12,2026-03-24,2026-03-27,3,2672.95,15,card,In-Store,COMPLETED,0,
500557,619,33,32,11,2025-06-04,2025-06-06,1,380.2,10,NetBanking,In-Store,Completed,0,
501967,999046,103,19,20,2024-08-31,2024-09-07,3,629.87,0,CASH,In-Store,returned,0,
509650,669,55,39,14,2025-12-03,2025-12-11,1,1737.45,30,Card,Online,Completed,123.05,
502816,913,122,17,9,2026-04-11,2026-04-17,1,160.51,30,net banking,Online,COMPLETED,79.98,
500055,311,57,3,24,2025-10-13,2025-10-14,1,1326.53,25,CARD,In-Store,Completed,0,Urgent delivery requested
507561,775,90,14,2,2026-02-10,2026-02-11,4,1520.09,30,CARD,Online,Canceled,77.85,Customer requested callback
506114,204,119,8,13,2024-06-09,2024-06-14,7,223.81,10,CASH,In-Store,Returned,0,
505737,39,65,29,10,2024-10-17,2024-10-22,10,1452.85,10,Debit Card,Online,Completed,145.57,
508781,258,92,4,4,2024-02-10,2024-02-17,5,1723.7,30,U.P.I,In-Store,pending,0,
506251,29,57,39,17,2025-01-11,2025-01-17,6,1392.34,15,Net Banking,Online,Completed,46.81,
504297,323,10,2,4,2025-05-14,2025-05-18,8,776.01,5,Net Banking,Online,CANCELLED ,136.77,
500340,221,52,3,3,2024-09-04,2024-09-10,4,385.01,25,cash,Online,Compeleted,59.86,
508546,613,89,37,5,2026-06-11,2026-06-13,2,1742.95,20,cash,Online,completed,144.3,
501380,565,92,5,5,2025-08-20,2025-08-26,6,1868.96,20,Cash,Online,Completed,38.49,Bulk order - verify stock
507303,558,95,23,21,2026-06-24,,7,679.14,30,CARD,Online,Returned,47.43,Loyalty discount applied manually
508494,353,59,37,16,2025-05-20,2025-05-22,6,1075.27,10,NEFT,Online,COMPLETED,134.9,Gift wrap requested
509827,664,72,38,15,2025-10-25,2025-10-31,6,1255.4,30,card,In-Store,completed,0,Customer requested callback
508001,90,29,36,1,2026-02-18,2026-02-23,2,3096.04,0,Upi,Online,COMPLETED,132.99,
508302,111,51,14,21,2026-03-28,2026-03-24,7,369.94,20,Credit Card,In-Store,completed,0,
504499,986,111,17,20,2024-07-21,2024-07-29,9,668.27,20,UPI,In-Store,Cancelled,0,Gift wrap requested
503170,76,4,26,13,2025-06-28,,9,4223,30,Card,Online,completed,92.98,
508894,349,84,3,23,2025-05-05,2025-05-10,4,707.46,20,Cash,Online,COMPLETED,92.15,Corporate order
506592,378,107,21,4,2025-11-26,2025-12-04,8,365.43,0,Credit Card,Online,COMPLETED,74.07,
501999,775,69,30,8,2025-03-05,2025-03-07,4,1041,30,cash,Online,CANCELLED ,101.86,Loyalty discount applied manually
500301,653,61,11,4,2025-11-12,2025-11-18,10,1102.39,5,upi,Online,Completed,131.59,Urgent delivery requested
508872,96,88,2,9,2025-09-10,,4,722.37,25,NEFT,In-Store,Compeleted,0,Corporate order
501366,995,17,36,8,2024-03-27,2024-04-03,1,4170.46,30,net banking,Online,Completed,105.5,
500724,243,87,30,11,2025-09-27,2025-10-01,3,1347.57,25,CASH,Online,COMPLETED,88.6,Gift wrap requested
500712,544,84,3,22,2024-06-02,2024-06-11,5,761.18,10,upi,Online,Completed,114.27,
501138,560,88,14,5,2024-09-18,2024-09-21,3,730.45,30,CARD,Online,COMPLETED,114.15,
505868,212,7,40,1,2024-03-31,2024-04-06,7,704.19,5,Cash,Online,pending,94.92,
504840,256,94,7,24,2024-06-25,2024-06-26,5,1404.53,5,cash,In-Store,completed,0,Bulk order - verify stock
503137,968,74,17,16,2024-12-17,2024-12-26,4,1401.97,5,upi,Online,COMPLETED,112.53,
508847,177,100,29,12,2025-08-31,2025-09-09,6,490.54,25,NEFT,In-Store,Compeleted,0,
501319,965,13,20,21,2025-10-06,2025-10-08,5,4399.06,5,U.P.I,Online,COMPLETED,47.63,
504539,579,79,21,22,2025-12-22,2025-12-25,6,1236.55,0,CARD,Online,completed,79.28,Corporate order
500924,191,87,36,21,2025-06-19,2025-06-21,1,1370.28,20,Cash,Online,Compeleted,113.12,
502637,281,97,30,7,2025-07-07,2025-07-09,9,1865.09,25,cash,In-Store,Completed,0,
509702,403,94,10,20,2025-04-05,2025-04-08,8,1330.5,20,upi,Online,Retuned,106,Corporate order
508419,673,3,37,13,2024-09-13,2024-09-20,1,4518.47,5,card,Online,Completed,105.67,
506553,870,41,22,19,2025-06-07,2025-06-08,9,245.56,10,U.P.I,Online,returned,48.92,Loyalty discount applied manually
505695,26,58,2,7,2025-08-17,2025-08-26,7,1943.03,5,NetBanking,Online,completed,92.48,
508457,529,125,12,9,2024-01-01,2024-01-06,8,386.86,10,upi,In-Store,Compeleted,0,
503562,709,34,17,5,2025-03-09,2025-03-15,4,147.73,15,upi,In-Store,COMPLETED,0,
501015,484,125,22,13,2025-02-05,2025-02-09,10,410.04,10,CASH,Online,Compeleted,79.22,Customer requested callback
509351,618,11,38,3,2025-11-06,2025-11-09,1,4387.58,0,Cash,In-Store,Completed,0,Customer requested callback
506655,584,89,37,24,2025-03-31,2025-04-07,9,1832.25,25,NEFT,Online,Compeleted,42.33,Urgent delivery requested
508204,930,113,2,20,2025-07-30,2025-07-31,1,233.25,20,Upi,In-Store,Compeleted,0,
501281,318,9,1,19,2025-05-11,,5,1230.55,15,upi,In-Store,Compeleted,0,Urgent delivery requested
505855,335,76,28,24,2026-03-04,2026-03-13,10,1746.49,5,CASH,Online,Completed,77.86,
503088,747,62,28,23,2026-05-26,2026-05-28,10,893.02,15,U.P.I,In-Store,COMPLETED,0,
509680,54,5,12,4,2024-01-03,2024-01-12,4,3478.89,50,cash,Online,completed,114.06,Gift wrap requested
509146,196,110,18,16,2025-07-20,2025-07-22,6,234.51,5,Cash,Online,Completed,35.14,Corporate order
507652,729,101,18,10,2024-10-24,2024-10-31,8,2239.66,25,NEFT,Online,Compeleted,135.63,Bulk order - verify stock
503813,366,89,2,13,2025-09-07,2025-09-16,1,1814.21,10,cash,In-Store,COMPLETED,0,Customer requested callback
500182,484,97,25,15,2026-05-19,2026-05-21,10,1810.78,25,CASH,In-Store,Compeleted,0,
509150,812,35,35,1,2024-05-22,2024-05-28,5,191.21,25,Cash,In-Store,COMPLETED,0,
501923,533,25,17,24,2024-04-18,2024-04-25,10,1481.28,5,Cash,Online,completed,110.19,
506409,984,94,21,6,2024-08-30,2024-09-03,6,1325.69,15,upi,Online,completed,104.67,
504731,148,98,32,1,2025-07-13,2025-07-19,10,2016.13,30,Net Banking,Online,Retuned,82.4,
500281,914,121,22,15,2025-09-13,2025-09-17,9,511.58,15,NetBanking,In-Store,COMPLETED,0,
501370,190,22,28,18,2024-12-02,2024-12-11,1,1271.72,15,CASH,Online,Compeleted,47.05,Urgent delivery requested
502720,984,66,4,12,2026-01-15,2026-01-22,10,,10,Net Banking,In-Store,CANCELLED ,0,Loyalty discount applied manually
505445,571,20,16,17,2025-09-18,2025-09-19,8,3147.36,20,Upi,In-Store,cancelled,0,Gift wrap requested
507140,862,109,23,24,2025-03-05,2025-03-06,10,523.55,30,U.P.I,Online,Compeleted,65.42,
502855,625,73,35,13,2024-01-03,2024-01-04,2,1093.64,10,Net Banking,In-Store,Completed,0,
500713,847,80,22,15,2026-03-29,2026-04-05,8,1371.41,5,upi,Online,CANCELLED ,128.58,Gift wrap requested
504546,788,40,35,15,2024-07-28,,5,200.26,25,Cash,In-Store,Compeleted,0,Urgent delivery requested
501759,169,77,36,21,2024-08-08,2024-08-10,2,1478.01,25,upi,Online,COMPLETED,55.64,Corporate order
508216,735,122,14,6,2025-11-18,2025-11-19,10,166.19,25,Debit Card,Online,completed,135.91,
505229,272,36,25,4,2025-05-22,2025-05-24,7,429.63,0,Upi,Online,Compeleted,65.09,
506415,109,117,13,13,2025-01-24,2025-01-22,8,287.06,10,Credit Card,In-Store,Compeleted,0,
501679,601,88811,32,10,2024-10-16,2024-10-17,2,1508.06,25,Cash,In-Store,Completed,0,Bulk order - verify stock
502939,302,21,33,12,2026-03-12,2026-03-16,8,664.76,25,UPI,Online,completed,111.25,Gift wrap requested
508845,307,118,19,22,2024-07-22,2024-07-24,2,449.47,10,NetBanking,In-Store,cancelled,0,
503476,351,88,23,19,2024-10-05,2024-10-12,6,733.38,10,Upi,In-Store,PENDING,0,Urgent delivery requested
500997,479,104,31,3,2026-05-04,2026-05-09,5,388.42,25,U.P.I,Online,Completed,85.42,
504077,486,91,6,2,2026-04-21,2026-04-27,1,482.46,0,Net Banking,In-Store,Compeleted,0,Loyalty discount applied manually
502497,359,79,33,4,2024-08-19,2024-08-24,4,1147.69,5,cash,In-Store,completed,0,
502320,704,14,19,9,2025-08-21,2025-08-28,1,5001.26,0,NEFT,In-Store,Canceled,0,Customer requested callback
506041,455,71,4,15,2024-11-14,2024-11-22,5,588.5,0,upi,Online,Compeleted,130.99,
502237,158,114,29,11,2024-08-28,2024-09-05,3,200.46,10,upi,Online,Compeleted,112.35,
507472,278,92,28,20,2024-02-28,2024-03-02,7,1750.85,30,card,Online,COMPLETED,143.34,
500575,533,23,28,16,2025-07-28,2025-08-04,7,1938.85,30,Card,Online,completed,91.75,
508669,733,87,37,24,2024-06-07,2024-06-08,3,1375.25,15,card,In-Store,Returned,0,Corporate order
500378,711,7,5,17,2026-05-23,2026-05-25,1,720.31,10,Credit Card,In-Store,Compeleted,0,Loyalty discount applied manually
502383,193,92,10,19,2024-01-28,2024-02-03,10,1856.62,30,card,In-Store,Retuned,0,
504708,490,18,38,3,2025-04-27,2025-04-30,4,938.79,25,CASH,In-Store,completed,0,Gift wrap requested
506325,561,78,14,12,2024-07-30,2024-08-06,8,536.33,30,CARD,In-Store,Compeleted,0,
503797,416,99,23,11,2025-05-31,2025-06-09,6,990.77,30,Net Banking,In-Store,Retuned,0,Bulk order - verify stock
506758,65,44,29,15,2026-01-26,2026-02-03,2,433.66,5,NetBanking,Online,completed,73.7,
502478,522,84,9,12,2025-06-01,2025-06-03,7,703.56,20,Debit Card,In-Store,Completed,0,
505140,430,48,29,8,2025-06-09,2025-06-18,1,135.21,20,Cash,In-Store,completed,0,
505955,929,77,4,11,2025-02-05,2025-02-09,5,1492.06,40,Cash,In-Store,COMPLETED,0,
505236,390,53,37,17,2025-10-08,2025-10-14,9,283.51,25,U.P.I,Online,Completed,107.05,Loyalty discount applied manually
503297,524,33,16,13,2025-09-07,2025-09-16,4,393.97,0,Net Banking,Online,COMPLETED,137.17,Corporate order
508116,,43,35,20,2024-03-06,2024-03-08,3,300.51,20,Credit Card,Online,Compeleted,147.45,
506951,906,60,16,1,2025-09-17,2025-09-22,3,1605.84,5,NetBanking,In-Store,completed,0,
504379,191,66,20,10,2024-10-25,2024-10-28,6,1856.18,0,CASH,Online,Compeleted,45.81,
507273,40,15,34,12,2024-03-14,2024-03-21,3,1913.77,5,Debit Card,In-Store,Compeleted,0,
508583,888,61,37,14,2024-05-12,2024-05-17,4,1125.44,10,Cash,In-Store,Completed,0,
501291,551,94,5,3,2026-02-02,2026-02-09,6,1398.65,5,Debit Card,Online,COMPLETED,105.54,
500311,523,77,21,19,2024-10-19,,2,1478.85,30,upi,In-Store,Compeleted,0,Loyalty discount applied manually
505399,976,114,15,11,2025-06-17,2025-06-18,5,191.99,0,Card,In-Store,returned,0,
508039,780,47,16,1,2026-06-14,2026-06-19,6,113.02,25,Card,Online,Returned,133.7,
508355,728,52,17,7,2025-07-22,2025-07-24,7,380.85,25,Cash,Online,Completed,43.51,
506988,416,82,2,15,2024-09-18,2024-09-21,4,536.02,25,Cash,Online,COMPLETED,134.72,
500264,111,65,1,11,2025-06-03,2025-05-30,7,1584.53,20,NetBanking,In-Store,COMPLETED,-81.74,Loyalty discount applied manually
504137,77,34,40,22,2024-02-14,2024-02-17,10,154.73,15,UPI,In-Store,Completed,0,
508147,943,79,23,9,2025-11-04,,7,1166.89,30,cash,In-Store,Compeleted,0,Bulk order - verify stock
500275,748,42,36,3,2024-05-03,2024-05-11,3,84.86,20,Net Banking,Online,Compeleted,94.15,
509295,101,25,30,2,2024-06-21,2024-06-26,1,1483.44,25,CASH,Online,Compeleted,49.43,
501007,6,38,40,1,2024-10-02,2024-10-07,2,306.9,15,CASH,In-Store,Compeleted,0,
503391,120,41,9,15,2024-06-05,2024-06-10,5,246,10,upi,Online,completed,66.68,
502784,426,125,3,24,2024-03-27,2024-03-30,9,381.07,20,net banking,Online,Compeleted,64.4,Loyalty discount applied manually
508243,999009,4,40,12,2024-04-03,2024-04-10,7,4378.04,15,cash,In-Store,completed,0,Gift wrap requested
506641,791,35,16,2,2025-04-18,2025-04-26,4,182.19,35,cash,Online,Compeleted,129.12,Bulk order - verify stock
508906,350,58,25,13,2024-07-29,2024-08-03,3,1927.69,20,Card,In-Store,Completed,0,
505835,528,107,10,15,2025-10-28,2025-10-29,9,391.56,20,Credit Card,In-Store,COMPLETED,0,
505816,,19,38,9,2024-11-18,2024-11-19,4,2687.3,25,Credit Card,Online,completed,125.77,
504464,258,18,17,8,2024-11-27,2024-12-03,7,916.82,20,CARD,Online,cancelled,33.81,Bulk order - verify stock
506183,965,88,3,19,2025-09-26,2025-09-30,10,750.91,25,NetBanking,Online,Cancelled,83.74,
505184,242,63,16,13,2024-04-30,2024-05-06,6,1199.97,0,cash,In-Store,completed,0,
502278,752,14,3,11,2024-11-14,2024-11-19,1,5186.38,10,cash,Online,Completed,79.46,Bulk order - verify stock
503281,76,50,15,13,2024-02-20,2024-02-22,10,283.57,30,upi,In-Store,completed,0,
506836,35,93,27,24,2024-04-13,2024-04-17,5,403.32,20,Credit Card,In-Store,Pending,0,Gift wrap requested
506838,355,98,26,21,2025-03-30,2025-04-01,5,1942.26,30,Debit Card,In-Store,Completed,0,Gift wrap requested
500079,921,20,13,8,2025-11-14,2025-11-22,9,2971.1,25,Upi,Online,completed,99.37,
503506,911,88811,19,24,2025-07-27,2025-08-05,7,927.14,5,CARD,In-Store,completed,0,Bulk order - verify stock
503663,381,14,22,2,2024-11-19,2024-11-27,7,5067.17,30,Card,In-Store,COMPLETED,0,Urgent delivery requested
503243,106,42,28,19,2025-01-27,2025-01-26,4,82.05,5,CASH,In-Store,Compeleted,0,
507016,700,111,26,16,2025-02-27,2025-02-28,1,658.88,5,upi,In-Store,Compeleted,0,Bulk order - verify stock
501000,576,91,32,3,2026-05-31,2026-06-05,7,496.69,0,NetBanking,Online,pending,77.05,
507844,162,95,19,6,2025-11-20,2025-11-18,7,699.52,0,Cash,Online,Compeleted,84.23,Corporate order
505759,368,30,12,12,2025-02-08,2025-02-10,8,2669.74,20,Net Banking,In-Store,Completed,0,
504888,21,2,27,11,2025-12-02,2025-12-10,1,2915.86,0,Debit Card,In-Store,Completed,0,Urgent delivery requested
506572,999,105,24,17,2024-03-22,2024-03-30,6,491.19,5,Card,Online,returned,73.76,
507146,170,76,9,21,2025-04-18,2025-04-19,6,1669.97,10,Cash,In-Store,completed,0,
502428,962,75,2,24,2024-01-04,2024-01-09,4,1172.26,0,cash,In-Store,completed,0,
504787,244,102,9,6,2025-06-05,2025-06-12,7,988.38,30,Net Banking,Online,Pending,145.78,
508005,808,70,25,19,2025-01-05,2025-01-13,5,1915.29,25,Debit Card,In-Store,completed,0,Gift wrap requested
503810,659,103,29,13,2024-03-13,2024-03-22,8,613.07,25,net banking,Online,completed,43.12,
507559,162,119,26,4,2025-10-14,2025-10-16,2,226.99,30,net banking,In-Store,completed,0,Corporate order
502021,427,126,33,1,2024-12-23,2024-12-31,3,590.67,25,UPI,In-Store,completed,0,Gift wrap requested
506995,148,113,15,6,2024-07-10,2024-07-15,2,232.09,20,CARD,In-Store,Completed,0,
509556,150,9,3,9,2024-07-01,2024-07-03,5,1143.64,0,Cash,Online,completed,138.4,
502403,893,48,27,5,2025-10-15,2025-10-24,1,132.88,5,CARD,Online,Completed,146.73,Bulk order - verify stock
504241,919,121,30,21,2025-01-07,2025-01-15,4,502.68,30,Cash,In-Store,Pending,0,Gift wrap requested
500880,800,13,28,2,2026-02-03,2026-02-11,9,4070.94,20,Cash,Online,Completed,135.47,
509715,971,44,20,15,2024-03-16,2024-03-18,2,447.56,25,NEFT,Online,Compeleted,63.7,
506500,50,94,15,15,2025-08-17,2025-08-25,8,1279.04,15,card,Online,COMPLETED,97.1,
506218,334,63,19,18,2026-04-11,2026-04-19,3,1256.01,25,CASH,In-Store,pending,0,
505317,999043,116,12,15,2024-05-13,2024-05-19,3,208.39,25,U.P.I,Online,Completed,59.21,
507182,208,83,21,15,2025-04-28,2025-04-30,10,2366.52,40,CARD,Online,Completed,31.04,
503333,673,59,3,8,2026-03-16,2026-03-24,1,1068.03,15,net banking,In-Store,pending,0,
509090,100,119,40,8,2024-02-27,2024-02-28,7,227.97,0,Upi,Online,COMPLETED,121.6,Loyalty discount applied manually
501609,558,11,23,12,2024-10-09,2024-10-10,6,4548.6,20,upi,In-Store,pending,0,
505252,790,54,5,10,2024-07-20,2024-07-25,4,313.02,5,Debit Card,Online,Compeleted,45.43,
506698,911,77,4,7,2026-03-08,2026-03-11,4,1501.92,25,net banking,In-Store,Compeleted,0,
500224,311,49,14,10,2024-09-15,2024-09-18,6,175.67,30,UPI,In-Store,completed,0,
507181,505,9,40,20,2024-10-31,2024-11-09,3,1153.89,15,UPI,In-Store,COMPLETED,0,
509618,484,125,8,5,2024-12-08,2024-12-11,8,383.17,15,U.P.I,In-Store,Completed,0,
509439,219,35,9,8,2025-03-23,2025-04-01,8,186.65,10,NEFT,Online,returned,120.51,
508515,269,56,19,14,2024-08-03,2024-08-09,10,914.79,10,Upi,In-Store,COMPLETED,0,
501469,,94,25,5,2025-01-27,2025-02-03,8,1326.16,0,Cash,In-Store,Compeleted,0,
500561,520,112,13,9,2025-08-28,2025-09-01,1,532.56,0,upi,In-Store,COMPLETED,0,
501763,222,8,8,11,2026-05-30,2026-06-06,2,2641.08,10,net banking,Online,completed,47.31,Corporate order
502824,395,97,24,5,2026-06-06,2026-06-07,5,1712.36,20,U.P.I,In-Store,Retuned,0,Bulk order - verify stock
506928,453,18,34,15,2024-09-22,2024-10-01,8,924.51,20,Card,In-Store,Completed,0,Loyalty discount applied manually
509654,286,10,20,10,2026-02-25,,1,772.66,30,upi,Online,completed,139.86,
501587,,41,18,22,2025-05-13,2025-05-17,8,249.59,10,net banking,In-Store,Returned,0,
508285,878,116,2,3,2024-08-30,2024-09-02,8,195.79,0,NEFT,Online,completed,130.66,
509044,926,54,6,6,2026-04-23,2026-04-25,6,312.69,15,Upi,In-Store,Compeleted,0,
505213,741,68,3,5,2024-03-10,2024-03-11,10,355.15,0,cash,In-Store,returned,-76.17,Loyalty discount applied manually
504832,448,24,4,3,2025-07-31,2025-08-08,9,4654.58,10,Cash,In-Store,CANCELLED ,0,
502548,786,13,25,2,2024-04-18,2024-04-19,6,4370.88,10,Net Banking,Online,Compeleted,31.74,
500095,306,98,37,7,2024-04-12,2024-04-20,9,1892.82,25,net banking,Online,Cancelled,33.64,Loyalty discount applied manually
508077,653,62,23,7,2024-04-26,2024-05-01,6,842.39,15,upi,Online,Compeleted,68.88,
505964,413,44,31,9,2025-12-18,2025-12-25,6,427.34,15,Credit Card,In-Store,Returned,0,
504517,676,61,11,10,2025-12-06,2025-12-09,2,1070.22,25,Credit Card,In-Store,COMPLETED,0,Customer requested callback
505609,673,7,17,24,2026-06-08,2026-06-13,2,720.53,25,net banking,In-Store,Compeleted,0,
507148,376,49,26,16,2025-05-02,2025-05-04,8,172.05,5,cash,Online,Compeleted,52.04,
505040,828,124,13,16,2024-08-02,2024-08-07,5,287.01,15,card,In-Store,completed,0,Gift wrap requested
503753,671,95,32,20,2024-10-01,2024-10-05,1,695.04,10,Cash,In-Store,Compeleted,0,Customer requested callback
506161,545,11,16,14,2024-06-10,2024-06-19,3,4542.11,15,Cash,In-Store,Compeleted,0,Corporate order
504259,572,104,3,8,2026-03-20,2026-03-29,7,373.68,15,cash,In-Store,completed,0,Gift wrap requested
509032,908,88,6,12,2025-02-17,2025-02-22,8,,15,Net Banking,In-Store,COMPLETED,0,
505451,499,47,14,3,2026-01-24,2026-01-26,4,121.24,15,NetBanking,Online,cancelled,37,Gift wrap requested
502321,788,77,26,7,2025-08-30,2025-09-01,1,1504.88,20,CARD,Online,returned,112.13,
501805,434,122,2,5,2024-12-13,2024-12-09,8,166.58,0,NetBanking,Online,Completed,131.94,Urgent delivery requested
509677,20,124,2,21,2024-04-21,,2,278.23,5,Debit Card,In-Store,Completed,0,Bulk order - verify stock
503483,346,3,35,21,2025-05-07,2025-05-08,4,4676.31,0,Debit Card,In-Store,Compeleted,0,
508238,904,42,35,17,2024-08-16,2024-08-25,3,83.02,30,Net Banking,In-Store,Returned,0,
500283,783,88,16,11,2025-10-22,2025-10-30,2,723.74,20,CARD,In-Store,completed,0,
508520,361,45,21,1,2025-07-02,2025-07-03,2,158.12,5,upi,Online,Completed,30.06,Bulk order - verify stock
502707,941,77,14,15,2026-01-02,2025-12-29,5,1402.81,10,Credit Card,Online,cancelled,52.9,
501466,755,111,16,7,2024-04-03,2024-04-04,9,656.18,20,CARD,Online,Completed,77.05,
509162,472,61,7,24,2024-01-15,2024-01-24,5,1123.54,15,NEFT,Online,Completed,38.1,Customer requested callback
506855,589,60,12,7,2025-07-26,,3,1686.69,0,Card,In-Store,pending,0,Urgent delivery requested
502106,127,4,2,9,2024-05-20,2024-05-19,4,4359.84,15,UPI,Online,Completed,146.69,
506898,941,50,8,4,2026-05-09,2026-05-14,9,294.96,5,upi,Online,Completed,130.19,Gift wrap requested
500107,688,17,31,15,2026-03-24,2026-03-27,10,4231.63,25,card,In-Store,Compeleted,0,
500070,42,42,32,5,2025-08-08,2025-08-11,8,82.64,25,upi,In-Store,completed,0,Bulk order - verify stock
503570,914,101,7,7,2026-03-01,2026-03-05,8,2260.19,25,UPI,Online,Completed,70.58,
503526,284,22,38,14,2025-06-30,2025-07-03,10,1278.72,25,CASH,In-Store,Compeleted,0,
500698,576,35,14,19,2024-02-05,2024-02-10,9,190.4,15,CASH,In-Store,returned,0,Loyalty discount applied manually
509779,739,63,33,20,2025-09-25,2025-10-04,5,1214.28,15,cash,Online,completed,42.7,
503193,959,60,23,18,2025-02-28,,2,1670.29,10,Credit Card,Online,Compeleted,135,Corporate order
506267,859,19,7,15,2025-05-21,2025-05-30,6,2811.53,20,Net Banking,Online,PENDING,87.29,Urgent delivery requested
506318,867,117,24,24,2026-03-31,2026-04-06,3,289.96,25,U.P.I,In-Store,Compeleted,0,
503794,463,5,14,22,2025-07-04,2025-07-11,1,3511.9,30,Upi,In-Store,Returned,0,
507184,289,85,13,3,2024-11-02,2024-11-11,2,861.85,0,CARD,In-Store,Completed,0,Customer requested callback
504473,101,60,5,9,2024-06-18,2024-06-24,5,1593.17,0,Cash,In-Store,Completed,0,Corporate order
506121,62,6,15,12,2025-09-28,2025-10-03,2,1780.02,15,CARD,In-Store,Canceled,0,
501424,339,33,21,17,2026-06-13,2026-06-15,10,394.62,25,CARD,In-Store,Completed,0,
505108,157,67,14,17,2025-05-19,2025-05-26,8,1121.54,0,Card,In-Store,Completed,0,
507258,833,40,27,8,2025-12-26,2026-01-01,9,196.37,20,Debit Card,Online,Compeleted,91.16,
505023,108,59,28,18,2025-12-19,2025-12-27,4,998.42,15,NetBanking,Online,PENDING,44.53,Urgent delivery requested
502276,993,2,24,24,2026-06-10,2026-06-14,3,2902.17,20,NetBanking,Online,Completed,146.09,Urgent delivery requested
500708,25,36,33,9,2026-05-26,2026-06-03,5,422.83,0,Upi,In-Store,Compeleted,0,Customer requested callback
500795,747,103,14,4,2025-05-04,2025-05-10,10,623.93,5,NetBanking,Online,completed,123.48,
500766,826,17,32,21,2025-05-10,2025-05-14,2,4175.97,20,net banking,Online,COMPLETED,130.31,Corporate order
507380,600,25,7,17,2026-05-24,2026-06-01,10,1443.24,25,UPI,In-Store,Compeleted,0,
504066,212,100,34,23,2025-04-07,2025-04-08,5,510.74,30,U.P.I,Online,COMPLETED,116.75,Corporate order
500153,469,88803,22,14,2025-02-10,2025-02-17,4,1367.15,5,Card,In-Store,returned,0,
500836,999003,103,3,6,2025-05-09,2025-05-15,5,595.21,25,CASH,Online,Completed,43.44,Gift wrap requested
504399,635,56,17,19,2025-05-10,2025-05-13,3,929.03,25,NEFT,Online,returned,93.05,
505326,625,25,17,4,2026-05-17,2026-05-25,5,1450.26,15,U.P.I,Online,Compeleted,116.88,
505048,163,33,23,13,2025-11-05,,1,401.5,30,net banking,In-Store,Compeleted,0,Bulk order - verify stock
507338,231,107,23,8,2025-06-10,2025-06-18,3,383.73,5,U.P.I,Online,PENDING,126.31,
506664,806,75,12,15,2025-09-21,2025-09-25,4,1163.59,30,Debit Card,In-Store,Compeleted,0,Loyalty discount applied manually
503038,634,89,24,4,2024-10-05,2024-10-09,3,1720.14,15,cash,In-Store,Completed,0,
508725,343,49,23,20,2024-08-15,2024-08-19,1,175.82,30,cash,In-Store,Completed,0,
508350,619,27,13,20,2025-09-12,2025-09-15,7,3532.77,0,net banking,Online,Canceled,90.91,Urgent delivery requested
503167,950,16,38,6,2026-04-16,2026-04-21,9,2005.94,5,CASH,In-Store,CANCELLED ,0,
502052,843,119,12,5,2025-11-12,2025-11-14,7,225.04,15,U.P.I,In-Store,Compeleted,0,
501620,310,77,1,10,2025-12-27,2025-12-24,7,1433.45,20,Upi,In-Store,Retuned,0,
507224,610,62,30,7,2024-03-14,2024-03-17,10,872.17,30,Upi,Online,PENDING,109.61,Bulk order - verify stock
505142,895,71,31,9,2024-01-14,2024-01-20,9,631.48,20,U.P.I,Online,COMPLETED,138.25,
501623,844,12,27,21,2024-09-01,2024-09-07,7,483.78,30,NetBanking,Online,Compeleted,-60.97,
508356,314,73,17,6,2025-11-19,2025-11-28,7,1079.07,25,NEFT,In-Store,pending,0,
505883,779,91,26,22,2025-10-27,2025-11-02,5,492.6,30,Net Banking,In-Store,COMPLETED,0,
506777,862,8,37,17,2024-04-20,2024-04-23,7,2590.68,25,CASH,Online,Completed,127.1,
505388,708,9,28,16,2024-05-29,2024-06-01,9,1210.51,15,Credit Card,Online,COMPLETED,128.88,
504387,,88,14,8,2026-01-21,2026-01-30,8,699.63,0,Upi,In-Store,completed,0,Urgent delivery requested
508683,103,71,9,17,2025-02-03,2025-02-10,7,623.99,5,Net Banking,Online,Completed,71.84,
506720,571,105,18,2,2025-05-29,2025-06-01,9,486.28,5,CASH,Online,Completed,122.74,
503164,734,52,18,14,2025-05-02,2025-05-05,5,395.75,10,Net Banking,Online,Compeleted,36.32,
505301,132,100,24,4,2025-11-06,2025-11-12,3,497.4,25,Debit Card,In-Store,COMPLETED,0,Bulk order - verify stock
505497,406,56,29,2,2026-06-16,2026-06-18,7,916.81,5,Cash,Online,PENDING,92.9,Urgent delivery requested
507579,974,105,33,22,2026-01-09,2026-01-12,6,476.18,10,Cash,In-Store,completed,0,Customer requested callback
507636,558,9,14,18,2025-09-26,2025-10-02,9,1249.27,20,NEFT,In-Store,COMPLETED,0,
505758,318,3,14,15,2024-07-26,2024-07-30,7,4692.85,10,U.P.I,Online,Completed,73.63,
504126,1,48,9,8,2026-04-18,2026-04-27,3,134.28,20,CASH,Online,cancelled,-53.92,
504693,791,67,29,24,2024-04-01,2024-04-02,2,1041.02,30,NetBanking,Online,COMPLETED,49.37,
506008,264,66,21,14,2025-03-18,2025-03-21,2,1905.06,25,cash,In-Store,Completed,0,
508499,88,67,27,21,2025-09-04,2025-09-12,3,1048.5,20,NEFT,Online,completed,146.54,
507136,794,6,26,12,2025-01-04,2025-01-13,4,1694.45,20,CARD,In-Store,CANCELLED ,0,
500612,6,122,36,14,2024-04-17,2024-04-20,10,169.2,0,CASH,In-Store,COMPLETED,0,
506378,,112,38,9,2026-03-06,2026-03-08,4,543.56,20,Upi,Online,Retuned,146.2,Customer requested callback
505310,25,21,20,22,2024-11-17,2024-11-19,5,627.11,30,NetBanking,Online,Completed,111.5,Bulk order - verify stock
508737,520,25,37,14,2024-08-25,2024-08-30,1,1462.53,25,Net Banking,Online,completed,43.48,Urgent delivery requested
507000,898,96,30,8,2026-06-11,2026-06-14,-2,1952.79,30,Card,In-Store,Compeleted,0,
504129,438,43,29,6,2025-04-26,2025-05-02,5,300.05,5,Debit Card,Online,COMPLETED,74.48,
504541,417,54,9,13,2025-08-22,2025-08-28,5,322.55,15,NetBanking,Online,returned,128.43,Corporate order
509077,451,90,21,10,2025-04-26,2025-05-04,4,1501.26,0,CASH,Online,completed,131.84,Urgent delivery requested
508368,543,18,20,22,2024-12-11,2024-12-16,9,896.7,5,Card,In-Store,Completed,0,
500845,253,118,31,20,2026-05-16,2026-05-24,1,437.41,5,Debit Card,In-Store,returned,0,
508455,676,76,16,12,2025-04-11,2025-04-15,9,1727.63,0,upi,In-Store,Returned,0,Bulk order - verify stock
505594,217,22,36,24,2024-07-21,2024-07-23,2,1319.3,20,Cash,In-Store,COMPLETED,0,
505943,641,96,18,3,2024-06-28,2024-07-03,4,1873.61,5,Upi,In-Store,Completed,0,
505930,368,40,33,24,2024-08-31,2024-09-09,2,190,25,CASH,In-Store,Compeleted,0,Gift wrap requested
505501,178,59,17,1,2026-01-12,2026-01-17,3,1011.67,15,cash,In-Store,completed,0,
506332,,78,14,24,2024-10-22,2024-10-31,7,493.27,10,upi,Online,completed,121.17,Corporate order
502554,101,67,38,10,2026-04-14,2026-04-18,3,1028.67,10,card,Online,Retuned,116.03,
505398,191,101,9,23,2025-12-15,2025-12-16,3,2170.49,10,Upi,In-Store,Completed,0,
504511,782,26,2,15,2024-10-28,2024-11-05,2,3269.22,25,NetBanking,In-Store,Compeleted,0,
506075,429,13,23,2,2024-05-16,2024-05-18,3,,30,cash,In-Store,Completed,0,
508345,673,24,36,7,2024-03-10,2024-03-11,1,4794.35,20,UPI,In-Store,COMPLETED,0,
502013,927,82,19,22,2025-12-20,2025-12-28,8,525.65,25,CASH,In-Store,COMPLETED,0,
501005,824,56,2,7,2025-06-03,2025-06-08,5,936.13,25,Card,In-Store,Returned,0,Urgent delivery requested
500208,404,20,32,22,2025-06-02,2025-06-04,8,3122.63,10,card,In-Store,Retuned,0,Urgent delivery requested
503331,378,30,37,17,2024-11-05,2024-11-13,8,2667.77,40,Upi,Online,Compeleted,84.78,Gift wrap requested
503303,789,17,36,4,2024-11-16,2024-11-17,5,4082.73,25,Credit Card,In-Store,Compeleted,0,Corporate order
500289,231,47,40,16,2025-11-23,2025-11-24,2,119.47,30,net banking,Online,COMPLETED,35.8,
507235,693,40,40,8,2024-12-31,2025-01-08,4,204.08,30,Net Banking,Online,Compeleted,38.7,
502423,895,126,10,18,2025-04-11,2025-04-13,1,607.85,5,UPI,In-Store,completed,0,
503754,312,125,29,5,2026-06-19,2026-06-25,9,398.21,15,NetBanking,Online,COMPLETED,136.65,Customer requested callback
501882,944,111,18,16,2024-04-28,2024-05-07,7,641.22,30,NetBanking,Online,pending,135.84,
507912,783,31,33,17,2025-04-02,2025-04-08,1,162.9,25,Net Banking,In-Store,returned,0,Corporate order
501687,86,9,15,12,2026-06-24,2026-07-02,5,1243.96,25,Debit Card,Online,returned,106.07,Customer requested callback
508400,857,93,5,6,2024-10-14,2024-10-20,1,400.14,10,cash,In-Store,CANCELLED ,0,
501961,668,97,11,7,2024-07-27,2024-07-28,3,1850.78,30,cash,In-Store,COMPLETED,0,
500235,58,17,11,6,2024-09-01,2024-09-09,7,4301.44,10,card,Online,Compeleted,77.69,
507531,707,118,34,14,2024-08-28,2024-09-02,4,471.72,20,NEFT,In-Store,Completed,0,Bulk order - verify stock
509767,39,57,39,4,2024-01-02,2024-01-09,0,1373.15,20,Credit Card,Online,COMPLETED,121.07,
508366,834,105,27,3,2025-08-08,2025-08-13,10,483.74,15,U.P.I,In-Store,Compeleted,0,
506749,155,93,16,22,2025-01-28,2025-01-31,2,395.11,20,Debit Card,In-Store,Retuned,0,Gift wrap requested
508279,652,58,3,3,2025-06-22,2025-06-26,4,1869.79,25,U.P.I,Online,Completed,40.38,
506668,117,66,36,17,2025-03-31,2025-04-07,2,1864.91,0,NetBanking,In-Store,completed,0,
504883,403,101,36,10,2024-01-07,,1,2333.11,10,U.P.I,In-Store,Completed,0,
502364,247,72,23,7,2026-02-10,2026-02-18,10,1235.95,0,Cash,Online,Completed,105.49,
507387,234,106,8,11,2024-02-02,2024-02-07,10,680.52,10,net banking,Online,returned,140.66,
505634,885,28,20,10,2025-07-28,2025-08-03,2,4084.35,25,upi,Online,PENDING,96.53,
502781,974,114,30,13,2026-03-08,2026-03-13,10,195.8,0,Credit Card,In-Store,Compeleted,0,Customer requested callback
508369,747,114,15,7,2025-10-19,,3,190.49,20,NetBanking,In-Store,Returned,0,
503697,733,18,21,11,2024-03-09,2024-03-12,5,876.07,20,UPI,Online,COMPLETED,55.17,
500249,512,37,38,21,2024-05-30,2024-06-02,2,198.15,10,Debit Card,Online,completed,119.92,
504501,143,55,21,20,2025-01-27,2025-01-28,2,1684.63,15,UPI,In-Store,Compeleted,0,Urgent delivery requested
502011,864,115,1,15,2024-10-28,2024-11-04,1,350.24,0,NetBanking,In-Store,Completed,0,
500229,89,53,4,16,2024-12-22,2024-12-24,5,272.58,10,CARD,Online,Cancelled,78.85,
501292,557,37,32,12,2025-08-30,2025-09-05,10,198.58,5,CARD,Online,Completed,100.85,
503752,896,6,30,10,2025-05-07,2025-05-13,10,1764.21,15,Credit Card,In-Store,Compeleted,0,Gift wrap requested
507800,50,33,22,10,2025-07-22,2025-07-25,10,371.51,30,Net Banking,In-Store,COMPLETED,0,Bulk order - verify stock
507991,307,57,1,10,2026-02-12,2026-02-19,10,1401.98,5,CASH,Online,completed,67.94,Loyalty discount applied manually
509736,88,125,38,21,2025-05-10,2025-05-17,3,380.83,15,upi,In-Store,Compeleted,0,Bulk order - verify stock
503919,45,54,8,16,2024-06-01,,3,308.95,15,Credit Card,In-Store,Retuned,0,
509498,292,63,23,15,2024-10-11,2024-10-14,4,1187.36,10,Upi,Online,Compeleted,52.9,
505393,162,90,1,7,2025-05-10,2025-05-11,5,1556.42,30,upi,In-Store,Pending,0,Loyalty discount applied manually
508969,850,51,34,20,2024-08-07,2024-08-08,4,384.94,15,Debit Card,In-Store,Completed,0,
501127,1,100,31,17,2025-03-26,2025-03-27,3,490.72,5,UPI,In-Store,PENDING,0,Gift wrap requested
502803,424,6,10,19,2025-01-10,2025-01-19,6,1767.42,0,Cash,In-Store,Compeleted,0,
506857,5,116,23,3,2024-07-29,2024-08-03,3,208.26,35,Card,Online,COMPLETED,111.8,
501854,947,107,6,22,2024-07-13,2024-07-20,5,364.39,25,Cash,Online,PENDING,81.41,
503788,9,88,1,17,2026-04-09,2026-04-17,9,733.67,30,CASH,In-Store,Completed,0,
502561,928,60,6,13,2025-03-31,,9,1646.06,0,CARD,In-Store,Compeleted,0,
500196,159,67,29,6,2026-06-13,2026-06-14,5,1092.25,20,NetBanking,In-Store,Completed,0,
500649,235,72,23,15,2025-05-01,2025-05-03,5,1223.89,10,Credit Card,In-Store,returned,0,
508258,33,36,2,8,2026-01-27,,7,400.71,25,upi,In-Store,COMPLETED,0,
505643,999038,26,39,16,2025-12-15,2025-12-17,6,3143.37,0,cash,Online,Completed,32.81,Bulk order - verify stock
504732,415,119,25,11,2025-09-27,2025-10-05,10,223.31,20,card,Online,Completed,116.7,
505633,884,14,25,7,2025-11-16,2025-11-19,4,4983.53,25,cash,In-Store,Completed,0,Bulk order - verify stock
507341,338,62,24,9,2025-02-19,2025-02-24,3,873.53,10,upi,Online,completed,44.02,
502373,129,110,7,21,2024-10-22,2024-10-28,1,242.18,20,net banking,Online,completed,37.22,
503860,844,31,13,23,2024-07-05,2024-07-04,9,157,25,upi,In-Store,Completed,0,
505391,44,90,29,18,2025-06-13,2025-06-18,8,1572.92,25,upi,In-Store,Compeleted,0,
505232,656,50,33,12,2024-12-13,2024-12-20,2,280.01,0,NetBanking,In-Store,Retuned,0,Corporate order
508718,730,115,19,2,2024-10-04,2024-10-06,8,352.44,30,CASH,Online,completed,73.05,Urgent delivery requested
508282,875,66,10,11,2025-02-07,,1,1805.79,10,U.P.I,In-Store,COMPLETED,0,Customer requested callback
504704,461,52,6,6,2025-02-26,2025-03-07,8,388.62,30,U.P.I,In-Store,CANCELLED ,0,
500985,225,74,38,23,2025-07-07,2025-07-16,2,1375.66,25,Net Banking,Online,Completed,80.82,
505337,193,55,8,19,2026-05-07,2026-05-09,2,1652.23,0,upi,In-Store,completed,0,Corporate order
505689,867,104,23,10,2026-03-29,2026-03-31,8,373.27,5,Card,In-Store,cancelled,0,
503360,687,24,11,1,2024-12-23,2024-12-30,10,4741.91,25,UPI,In-Store,Returned,0,
506826,142,75,26,2,2026-04-01,2026-04-07,1,1160.5,25,U.P.I,In-Store,cancelled,0,
509219,994,107,38,8,2024-09-16,2024-09-18,8,388.59,25,Upi,Online,Compeleted,78.91,
506113,767,19,7,6,2024-07-27,2024-08-01,3,2730.81,25,NetBanking,Online,Compeleted,86.16,
502359,910,41,13,18,2026-06-28,2026-07-06,4,241.49,35,upi,In-Store,Compeleted,0,
504944,300,26,28,7,2024-06-28,2024-06-30,2,3003.64,5,U.P.I,Online,COMPLETED,-75.71,Gift wrap requested
503702,830,33,8,7,2025-09-03,2025-09-06,10,372.45,0,Cash,In-Store,COMPLETED,0,
506030,510,56,20,1,2024-11-25,2024-12-04,4,920.85,10,net banking,Online,Compeleted,144.68,Customer requested callback
504091,349,104,25,21,2025-06-23,2025-06-26,6,374.21,35,CASH,In-Store,Returned,0,Loyalty discount applied manually
503287,266,101,17,17,2025-01-06,2025-01-09,5,2178.01,25,Cash,In-Store,completed,0,Gift wrap requested
502627,772,11,15,7,2026-05-24,2026-06-01,-2,4592.5,0,Upi,Online,Compeleted,98.13,
507848,800,8,25,14,2024-11-22,2024-11-27,3,2571.01,15,Net Banking,In-Store,Completed,0,
509328,526,58,27,1,2025-08-21,2025-08-27,6,2018.27,5,CASH,In-Store,COMPLETED,0,
509483,662,88,15,15,2025-09-17,2025-09-22,9,719.24,15,upi,In-Store,completed,0,Customer requested callback
501532,223,30,22,10,2025-03-15,2025-03-18,5,2776.97,10,upi,Online,Compeleted,58.59,Urgent delivery requested
501302,232,89,40,15,2025-05-28,2025-06-02,2,1881.94,0,CASH,Online,Completed,111.95,
507494,440,33,16,24,2024-06-21,2024-06-26,7,391.45,15,Credit Card,Online,COMPLETED,48.46,
506756,399,63,10,8,2024-07-28,2024-08-06,5,1229.88,25,CASH,In-Store,PENDING,0,Gift wrap requested
501070,579,45,4,13,2025-06-15,2025-06-16,3,157.2,30,UPI,In-Store,COMPLETED,0,Bulk order - verify stock
503791,493,70,30,24,2024-11-13,2024-11-22,5,1836.76,10,upi,Online,Compeleted,120.55,Bulk order - verify stock
500253,417,13,39,6,2024-11-02,2024-11-05,6,4309.85,0,Upi,Online,COMPLETED,44.62,
505018,598,16,36,22,2024-09-15,2024-09-20,9,2024.63,20,Upi,Online,PENDING,141.06,Bulk order - verify stock
502975,5,116,17,4,2024-10-24,2024-10-29,4,212.84,30,Net Banking,Online,Compeleted,134.06,
501905,451,94,40,23,2024-10-07,2024-10-14,10,1409.25,20,Credit Card,In-Store,Completed,0,
504974,226,66,39,16,2024-03-06,2024-03-10,8,1783.76,20,U.P.I,In-Store,PENDING,0,
507458,848,63,34,9,2026-01-29,2026-02-04,6,1241.65,30,Net Banking,Online,COMPLETED,38.21,
507764,475,87,39,17,2025-02-09,2025-02-17,5,1265.66,10,cash,Online,COMPLETED,146.74,
501509,174,54,9,3,2024-02-12,2024-02-19,1,317.75,5,UPI,In-Store,completed,0,Urgent delivery requested
500487,467,19,33,11,2024-09-07,2024-09-12,5,2602.9,10,UPI,Online,COMPLETED,117.22,Customer requested callback
506336,787,91,13,13,2025-06-19,2025-06-26,1,496.49,10,CASH,In-Store,Completed,0,Loyalty discount applied manually
509649,397,14,5,3,2025-02-27,2025-03-01,9,5018.09,5,Card,In-Store,Compeleted,0,Gift wrap requested
500807,261,67,26,18,2024-01-28,2024-02-05,8,1076.89,0,Cash,Online,Compeleted,58.41,
500023,,74,30,1,2024-10-15,2024-10-21,1,1410.17,10,card,Online,Completed,143.87,
507385,220,54,8,13,2024-03-17,2024-03-22,7,319.99,20,U.P.I,In-Store,completed,0,
508370,375,80,22,20,2024-05-06,2024-05-10,7,1361.91,0,Net Banking,Online,Compeleted,122.35,
501349,10,34,12,14,2026-02-28,2026-03-03,3,156.33,30,cash,In-Store,Compeleted,0,
502033,153,22,33,19,2025-12-01,2025-12-05,7,1296.78,25,Card,Online,COMPLETED,44.38,
506065,465,46,40,8,2025-11-08,2025-11-15,7,307.36,20,CASH,Online,COMPLETED,66.28,
506989,561,9,5,2,2025-10-20,2025-10-23,3,1175.53,15,Credit Card,In-Store,Compeleted,0,Bulk order - verify stock
508318,461,67,6,22,2025-05-06,2025-05-07,2,1018.43,25,Credit Card,In-Store,Completed,0,Corporate order
501033,342,46,39,11,2024-06-11,2024-06-20,8,313.09,5,Upi,In-Store,cancelled,0,
504166,280,26,36,10,2025-07-19,2025-07-22,2,3175.08,5,NEFT,Online,returned,140.62,
501869,,17,19,9,2024-07-15,2024-07-24,8,3968.14,5,CASH,In-Store,Compeleted,0,Corporate order
502574,44,122,9,21,2024-05-29,2024-06-04,7,172.36,15,Cash,Online,Completed,48.39,
504308,391,62,3,4,2026-05-11,2026-05-13,1,903.97,15,Debit Card,In-Store,Pending,0,Customer requested callback
502197,836,93,32,15,2025-08-16,2025-08-24,2,400.23,30,U.P.I,Online,Completed,58.26,
503644,565,58,22,22,2025-10-04,2025-10-05,3,1965.76,5,cash,Online,Completed,142.62,
508100,518,124,30,8,2025-05-14,,1,292.91,0,NEFT,Online,completed,111.16,
502305,176,89,11,14,2026-06-19,2026-06-28,1,1719.26,10,net banking,Online,Compeleted,59.48,Corporate order
502935,729,7,36,7,2025-05-22,2025-05-30,4,745.13,20,NetBanking,Online,Compeleted,139.73,
505672,411,77,10,5,2025-05-12,2025-05-20,5,1492.99,25,NEFT,In-Store,Retuned,0,Customer requested callback
504079,806,120,11,6,2026-04-30,2026-05-05,4,151.49,15,UPI,Online,Returned,139.88,
500937,999042,125,17,11,2024-02-28,2024-03-08,10,389.4,30,UPI,Online,Returned,110.3,
508235,385,22,28,14,2025-10-22,2025-10-29,7,1248.26,0,cash,In-Store,Compeleted,0,Customer requested callback
502564,109,81,34,5,2024-01-12,2024-01-20,2,1773.9,15,Card,In-Store,Returned,0,
504678,215,82,35,5,2025-04-25,2025-05-04,4,521.62,0,NEFT,In-Store,Pending,0,Gift wrap requested
508985,843,7,26,22,2024-05-25,2024-06-03,10,767.84,50,Credit Card,Online,Completed,103.05,
504748,519,41,12,11,2024-05-13,2024-05-17,10,244.23,20,Credit Card,Online,Completed,36.49,
502924,368,24,24,20,2024-02-19,2024-02-25,2,4549.8,5,NEFT,In-Store,COMPLETED,0,Bulk order - verify stock
508588,22,5,34,23,2024-03-18,2024-03-23,4,3355.11,0,Debit Card,In-Store,Canceled,0,Customer requested callback
506820,794,109,6,14,2024-05-22,2024-05-25,-1,502.24,5,Credit Card,In-Store,Cancelled,0,
506583,901,54,11,19,2025-09-26,2025-10-04,8,317.48,30,CASH,In-Store,Completed,0,Loyalty discount applied manually
502964,751,94,32,7,2026-05-25,2026-06-01,2,1375.76,40,NetBanking,Online,Compeleted,112.82,Urgent delivery requested
509652,596,123,19,12,2024-10-13,2024-10-16,7,393.63,30,Cash,In-Store,Completed,0,
506556,163,123,34,15,2024-12-17,2024-12-18,7,404.06,25,CARD,Online,COMPLETED,59.81,Loyalty discount applied manually
509587,229,126,26,5,2025-08-22,2025-08-26,6,594.13,30,net banking,Online,completed,128.01,
507035,593,32,29,16,2025-01-20,2025-01-21,5,104.23,10,UPI,In-Store,Completed,0,
506358,71,7,9,11,2026-01-03,2026-01-04,10,736.24,5,U.P.I,Online,COMPLETED,138.06,Loyalty discount applied manually
505383,524,13,34,11,2024-08-24,2024-08-30,5,4071.33,15,Cash,In-Store,PENDING,0,
500159,517,123,22,21,2026-02-10,2026-02-14,5,401.61,20,CASH,Online,Completed,67.09,
503572,102,16,36,20,2026-06-22,2026-06-30,4,2100.08,30,Cash,In-Store,Completed,0,
500480,969,112,33,4,2025-02-26,2025-03-02,9,551.98,5,U.P.I,Online,completed,51.59,Gift wrap requested
503012,508,105,5,17,2024-04-20,2024-04-23,1,485.97,20,U.P.I,In-Store,Completed,0,
500266,73,78,24,14,2025-10-17,2025-10-22,2,496.85,10,CASH,Online,Completed,60.6,Customer requested callback
506250,159,68,15,24,2026-05-20,2026-05-26,1,386.22,25,upi,In-Store,completed,0,Bulk order - verify stock
508227,834,85,29,17,2024-02-11,2024-02-18,9,921,0,CASH,In-Store,Completed,0,
509630,803,120,14,2,2026-03-28,2026-03-25,7,161.34,25,upi,In-Store,Completed,0,
502041,695,37,3,18,2026-05-20,,1,202.42,0,Debit Card,Online,completed,113.95,Corporate order
500216,806,56,21,5,2025-09-24,2025-09-25,6,885.45,30,Upi,Online,Cancelled,30.46,Bulk order - verify stock
503678,873,106,2,23,2026-01-15,2026-01-23,7,708.72,10,Upi,Online,completed,35.35,
508618,478,21,21,7,2026-02-19,2026-02-25,4,618.78,10,Net Banking,Online,Canceled,41.62,
502378,7,91,16,13,2025-10-15,2025-10-20,5,508.84,15,NEFT,In-Store,Returned,0,
509135,,29,22,5,2024-09-02,2024-09-04,2,3101.33,30,upi,Online,completed,138.43,Customer requested callback
507307,998,97,34,15,2024-04-04,2024-04-07,2,1735.46,15,upi,In-Store,completed,0,
509748,89,20,36,3,2026-03-26,2026-03-28,9,3069.35,0,card,In-Store,COMPLETED,0,
505416,346,87,9,3,2024-07-07,2024-07-13,8,1331.5,15,Cash,In-Store,Canceled,0,Loyalty discount applied manually
508521,732,109,35,22,2025-02-09,2025-02-16,4,490.66,25,Cash,In-Store,Compeleted,0,
502007,433,103,28,18,2025-04-29,2025-05-01,2,616.63,30,net banking,Online,Compeleted,139.35,Gift wrap requested
508036,998,23,35,1,2024-11-30,,5,1942.03,25,Debit Card,In-Store,COMPLETED,0,Corporate order
509667,68,107,18,17,2025-07-22,2025-07-30,3,384.2,20,upi,In-Store,completed,0,
506294,96,27,37,11,2025-12-11,2025-12-13,6,3542.56,20,Upi,In-Store,COMPLETED,0,
501657,964,13,29,21,2026-01-26,2026-02-01,10,4059.82,0,card,Online,Compeleted,42.07,
503630,361,8,39,11,2025-08-15,2025-08-16,5,2768.06,20,Debit Card,In-Store,Completed,0,
506421,44,6,36,9,2026-06-05,2026-06-01,9,1779.13,30,Upi,In-Store,Canceled,0,Gift wrap requested
504613,623,101,7,15,2025-07-18,2025-07-25,8,2192.85,20,Net Banking,Online,Compeleted,72,
501881,456,121,4,2,2024-12-16,2024-12-23,8,527.31,0,NEFT,Online,COMPLETED,89.9,
500616,574,49,35,19,2024-04-28,2024-05-07,3,183.37,0,upi,In-Store,COMPLETED,0,
501855,977,126,39,12,2024-02-17,2024-02-20,2,593.06,20,Credit Card,In-Store,Retuned,0,
508420,58,68,28,12,2024-06-27,2024-07-04,3,359.48,20,card,Online,Returned,30.45,Gift wrap requested
505149,680,80,19,13,2025-10-10,2025-10-17,5,1366.1,15,net banking,Online,Compeleted,34.17,
505561,718,2,10,2,2024-07-06,2024-07-10,4,2850.99,20,NEFT,In-Store,COMPLETED,0,Gift wrap requested
504906,48,126,37,18,2024-01-02,2024-01-09,5,595.87,15,cash,Online,Completed,132.05,
502576,96,12,7,24,2025-12-27,2026-01-04,9,,15,Net Banking,In-Store,Completed,0,
507077,650,71,15,14,2024-08-03,2024-08-05,2,620.16,10,cash,In-Store,Cancelled,0,Bulk order - verify stock
508427,371,92,4,2,2026-05-29,2026-06-02,8,1825.67,10,CASH,Online,Compeleted,147.81,
506782,219,110,36,11,2024-02-02,2024-02-06,7,253.67,30,CASH,In-Store,COMPLETED,0,Corporate order
507691,568,108,36,13,2025-04-05,2025-04-10,1,170.93,10,Credit Card,Online,returned,31.32,Loyalty discount applied manually
502323,7,79,25,15,2024-02-03,2024-02-12,10,1238.81,30,upi,In-Store,completed,0,
509610,283,95,36,9,2025-03-11,,5,651.3,15,net banking,In-Store,completed,0,
501069,126,100,39,13,2024-11-24,2024-11-29,6,488.38,40,Upi,In-Store,COMPLETED,0,Customer requested callback
507703,101,124,35,6,2024-06-13,2024-06-20,10,284.84,15,UPI,Online,completed,39.62,
508334,100,32,23,11,2024-12-11,2024-12-16,4,102.96,25,NetBanking,Online,COMPLETED,116.95,
508069,979,114,23,9,2025-04-27,2025-04-29,3,198.98,0,cash,Online,completed,120.23,
509129,979,124,9,21,2024-12-10,2024-12-19,2,275.16,5,card,In-Store,Completed,0,
509099,464,113,5,24,2026-06-06,2026-06-14,3,247.84,25,NetBanking,In-Store,COMPLETED,0,
502099,61,122,22,8,2026-04-22,2026-04-23,1,159.14,20,Cash,In-Store,Compeleted,0,Corporate order
508941,114,88817,29,17,2026-05-26,2026-06-03,4,805.33,10,card,Online,Pending,55.27,
508891,597,101,38,18,2025-08-06,2025-08-08,8,2183.65,5,Cash,In-Store,Completed,0,
508605,999026,45,28,18,2025-08-08,2025-08-15,1,156.16,25,net banking,Online,Retuned,118.26,
508176,478,37,6,19,2025-05-20,2025-05-27,2,208.17,15,Net Banking,Online,Retuned,114.55,Bulk order - verify stock
507977,530,13,37,13,2026-02-02,2026-02-08,5,4251.66,15,Cash,In-Store,Completed,0,
508079,195,64,7,2,2024-03-17,2024-03-26,7,1391.57,15,Upi,In-Store,cancelled,0,
503812,73,70,39,16,2025-09-01,2025-09-07,10,1828.1,20,U.P.I,Online,PENDING,70.31,
500038,350,97,5,11,2024-03-24,2024-03-31,6,1785.61,35,CASH,In-Store,Returned,0,Gift wrap requested
503722,85,78,4,7,2026-02-12,2026-02-15,2,503.88,0,cash,In-Store,COMPLETED,0,Gift wrap requested
500344,608,118,24,5,2024-07-25,2024-07-26,9,438.24,25,NetBanking,Online,Completed,-98.86,Loyalty discount applied manually
503104,796,62,16,6,2024-11-18,2024-11-26,7,832.65,5,NetBanking,Online,Canceled,36.38,
502355,77,104,15,4,2024-06-27,2024-07-01,10,410.29,20,Debit Card,In-Store,Returned,0,
506731,784,57,11,13,2026-05-07,2026-05-08,6,1325.37,0,Card,In-Store,Completed,0,Bulk order - verify stock
501453,583,99,8,11,2025-01-28,2025-02-03,6,996.14,5,cash,In-Store,Compeleted,0,Urgent delivery requested
503654,998,125,10,22,2024-10-15,2024-10-18,3,417.13,20,net banking,Online,completed,41.92,
501547,846,61,18,14,2025-06-20,2025-06-25,2,1087.98,20,upi,Online,Completed,82.6,
501002,335,114,23,20,2025-10-11,2025-10-13,3,190.61,10,Card,In-Store,COMPLETED,0,
507915,467,21,10,4,2025-02-26,2025-03-04,6,642.48,30,NEFT,Online,Compeleted,122.24,
507611,686,22,11,3,2025-02-06,2025-02-12,9,1347.83,15,cash,Online,returned,144.49,Loyalty discount applied manually
506165,990,39,39,15,2025-05-12,2025-05-20,5,516.71,10,NetBanking,Online,completed,76.77,
509270,85,53,33,4,2024-02-26,2024-03-06,9,278.87,25,U.P.I,In-Store,COMPLETED,0,Loyalty discount applied manually
504950,901,91,40,11,2024-01-04,2024-01-02,8,480.62,5,Debit Card,In-Store,Retuned,0,Urgent delivery requested
507057,331,43,33,19,2024-09-24,2024-09-25,2,290.97,50,Debit Card,In-Store,completed,0,Customer requested callback
502331,394,84,7,2,2024-02-27,,8,721.29,20,card,Online,COMPLETED,126.14,
505372,386,7,2,13,2026-03-17,2026-03-18,4,720.6,30,CASH,Online,COMPLETED,136.71,Loyalty discount applied manually
505907,10,40,12,19,2024-11-20,2024-11-21,10,198.6,20,U.P.I,In-Store,COMPLETED,0,
509461,17,16,32,14,2024-04-01,2024-04-10,3,2017.39,30,Credit Card,In-Store,completed,0,Gift wrap requested
506464,992,71,39,14,2024-12-16,2024-12-18,10,580.56,20,CASH,Online,completed,102.55,
505350,781,66,38,13,2024-12-15,2024-12-23,4,1865.28,15,card,Online,Cancelled,49.47,
506374,512,23,34,12,2024-07-16,2024-07-22,5,2064.47,30,Upi,In-Store,Completed,0,
503344,904,68,9,5,2024-04-27,2024-04-29,6,369.04,0,net banking,Online,COMPLETED,38.73,
504510,598,44,20,21,2026-04-08,2026-04-09,9,424.26,5,card,In-Store,COMPLETED,0,Customer requested callback
507821,857,39,5,22,2025-08-03,2025-08-05,2,478.63,5,CASH,In-Store,CANCELLED ,0,Gift wrap requested
504452,151,5,20,4,2024-09-11,2024-09-20,7,3467.05,15,CASH,Online,Retuned,65.44,
503964,524,88,36,4,2025-08-07,2025-08-10,1,755.77,0,CARD,In-Store,Completed,0,Gift wrap requested
509811,532,100,32,1,2024-12-14,2024-12-15,9,503.45,30,Credit Card,In-Store,completed,0,
501836,672,75,36,20,2024-06-25,2024-06-27,10,1264.85,10,Card,Online,completed,55.05,Bulk order - verify stock
505512,528,99,13,11,2025-02-01,2025-02-02,8,935.69,30,Credit Card,In-Store,CANCELLED ,0,
500394,424,1,33,7,2025-01-31,2025-02-09,2,2754.83,5,UPI,In-Store,CANCELLED ,0,
500361,588,18,16,5,2024-12-02,2024-12-01,6,898.23,10,Debit Card,Online,cancelled,81.74,Corporate order
505094,808,20,3,23,2025-04-06,2025-04-15,9,2927.84,15,NEFT,Online,completed,130.81,
501379,117,65,15,10,2025-02-17,2025-02-18,2,1453.89,0,NetBanking,Online,Compeleted,49.85,Customer requested callback
503485,958,78,28,21,2025-01-07,2025-01-13,2,517.2,10,Cash,Online,Returned,124.22,
503203,733,86,12,23,2024-08-09,,3,482.69,25,upi,In-Store,Compeleted,0,
504319,987,105,30,17,2025-09-17,2025-09-20,1,470.23,25,card,Online,Compeleted,88.02,
505033,46,37,24,23,2026-05-23,2026-05-24,9,206.86,0,UPI,In-Store,cancelled,0,
501460,367,102,15,23,2025-02-10,2025-02-17,5,1038.81,0,CASH,Online,Completed,42.15,
504108,611,87,6,13,2025-11-04,2025-11-12,1,1272.01,10,UPI,Online,completed,114.57,Gift wrap requested
505771,680,61,12,12,2025-02-25,2025-03-02,6,1076.7,5,U.P.I,In-Store,Compeleted,0,
505984,714,31,18,15,2025-01-29,2025-02-04,8,166.35,0,cash,Online,completed,96.23,
506935,758,61,4,20,2026-03-21,2026-03-22,2,1094.75,10,Cash,Online,completed,99.33,
501712,464,75,35,22,2025-06-24,2025-07-02,8,1155.28,10,U.P.I,In-Store,Completed,0,Loyalty discount applied manually
506824,830,5,40,8,2025-12-22,2025-12-28,3,,30,Credit Card,In-Store,Completed,0,Corporate order
507467,375,77,27,17,2024-06-24,2024-06-25,4,1392.01,15,upi,In-Store,cancelled,0,
507069,975,71,4,1,2026-02-28,2026-03-04,9,633.3,0,Upi,In-Store,COMPLETED,0,Customer requested callback
505861,181,29,19,9,2025-01-23,2025-01-25,9,2844.96,25,upi,In-Store,COMPLETED,0,Gift wrap requested
502681,519,126,6,2,2024-06-07,2024-06-02,10,583.2,10,Debit Card,Online,cancelled,78.41,
508928,11,70,29,9,2026-01-16,2026-01-19,1,1923.78,10,Credit Card,In-Store,Cancelled,0,Customer requested callback
503399,872,29,39,13,2026-06-23,2026-06-27,10,2932.41,0,card,In-Store,completed,0,
500199,331,3,40,20,2026-02-13,2026-02-19,7,4581.26,20,cash,Online,Completed,64.64,
504141,658,113,10,19,2024-04-12,2024-04-16,4,227.13,30,U.P.I,In-Store,COMPLETED,0,
505862,983,59,19,24,2025-05-08,2025-05-09,7,1025.94,10,Credit Card,Online,COMPLETED,42.74,
500097,95,46,39,22,2024-04-08,2024-04-13,6,310.58,10,NEFT,In-Store,Returned,0,
505677,362,40,4,21,2026-03-24,2026-03-30,4,197.09,25,Debit Card,In-Store,completed,0,
509407,956,98,6,16,2024-08-24,2024-08-25,3,2044.54,30,CARD,Online,Compeleted,64.03,
500542,952,30,30,1,2025-12-18,2025-12-26,7,2724.83,5,CASH,Online,Completed,141.33,Corporate order
509021,722,44,35,17,2024-12-15,2024-12-22,6,418.01,30,NetBanking,Online,COMPLETED,46.49,
509607,911,82,25,2,2024-12-03,2024-12-08,1,559.67,15,Credit Card,Online,pending,29.43,
506401,587,121,12,23,2024-08-14,2024-08-17,0,525.36,20,cash,In-Store,Completed,0,
501304,932,120,16,20,2025-08-24,2025-08-31,10,161.8,30,CARD,Online,COMPLETED,33.32,
506953,730,60,11,9,2024-04-29,2024-05-05,3,1620.63,20,Card,In-Store,Completed,0,
508688,623,122,14,14,2024-10-25,2024-10-26,10,156.79,25,CARD,Online,Canceled,119.27,Bulk order - verify stock
504988,336,114,12,5,2025-09-21,2025-09-27,1,205.46,30,CARD,Online,Canceled,108.33,Gift wrap requested
509661,446,28,35,4,2026-06-16,2026-06-24,2,4024.54,25,Upi,In-Store,returned,0,Corporate order
503634,146,31,33,1,2025-06-18,,2,163.61,10,NetBanking,In-Store,Retuned,0,Customer requested callback
504733,722,40,3,12,2026-06-14,2026-06-15,10,195.78,25,Net Banking,In-Store,pending,0,
506684,202,34,14,1,2026-06-23,2026-06-27,10,157.09,20,Debit Card,In-Store,Compeleted,0,
509352,926,30,20,4,2025-10-06,2025-10-10,1,2784.93,5,U.P.I,In-Store,Completed,0,
505137,675,44,3,16,2024-05-31,2024-06-08,5,417.36,0,cash,In-Store,completed,0,Gift wrap requested
502348,438,70,8,12,2025-02-16,2025-02-25,6,1915.21,20,Credit Card,In-Store,Pending,0,
502716,99,7,36,22,2024-05-08,2024-05-17,7,742.59,10,cash,In-Store,COMPLETED,0,Urgent delivery requested
502344,316,118,21,14,2024-12-09,2024-12-13,7,474.69,0,cash,In-Store,Completed,0,
508212,739,30,24,22,2025-02-10,2025-02-14,8,2762.28,10,NEFT,Online,completed,94.85,Loyalty discount applied manually
504598,829,59,14,7,2026-03-17,2026-03-21,4,1063.73,20,Card,Online,Cancelled,111.45,Gift wrap requested
502844,197,92,19,21,2024-06-27,2024-07-06,8,1895.12,0,Credit Card,In-Store,COMPLETED,0,
504489,294,16,10,24,2024-12-15,2024-12-18,9,2076.35,40,CASH,Online,pending,132.92,Gift wrap requested
501173,928,108,7,2,2026-06-05,2026-06-06,7,163.27,20,CARD,In-Store,Compeleted,0,
505219,890,104,36,16,2026-06-07,2026-06-16,4,391.8,5,Cash,Online,COMPLETED,136.11,
501241,550,78,2,16,2025-06-22,2025-06-28,9,504.34,20,Cash,Online,Pending,93.14,
506337,518,80,40,16,2024-11-09,2024-11-17,10,1316.92,25,U.P.I,Online,completed,102.54,Bulk order - verify stock
506211,942,41,33,12,2025-08-16,2025-08-17,10,243.54,0,net banking,In-Store,Retuned,0,Corporate order
507770,49,89,17,20,2025-01-20,2025-01-29,5,1844.14,30,cash,In-Store,returned,0,
508643,741,81,4,8,2024-03-14,2024-03-15,4,1726.33,25,Credit Card,In-Store,Completed,0,Customer requested callback
500091,367,99,8,22,2024-05-25,2024-05-29,7,951.38,10,UPI,In-Store,cancelled,0,Corporate order
506089,913,19,22,2,2024-09-03,2024-09-07,10,2726.69,20,CASH,In-Store,COMPLETED,0,
503945,332,84,28,12,2026-05-12,2026-05-21,1,708.98,0,cash,In-Store,Compeleted,0,
509052,733,46,5,16,2024-03-13,2024-03-16,4,309.5,20,CARD,In-Store,CANCELLED ,-26.57,
500952,968,119,19,12,2025-03-12,2025-03-18,10,208.7,25,CASH,In-Store,Completed,0,Bulk order - verify stock
506269,238,105,37,16,2025-11-05,2025-11-09,4,481.91,25,CARD,Online,COMPLETED,147.21,Gift wrap requested
501325,851,4,21,19,2025-07-16,2025-07-23,7,4062.69,10,NEFT,In-Store,completed,0,
502671,504,79,25,18,2024-05-13,2024-05-16,4,1176.53,30,NEFT,Online,COMPLETED,73.68,
503580,778,42,12,13,2025-02-27,2025-03-06,6,87.16,0,UPI,Online,Compeleted,41.24,Bulk order - verify stock
500252,493,109,38,1,2024-06-15,,10,476.12,5,CARD,In-Store,completed,0,Corporate order
500268,193,108,5,23,2024-08-08,2024-08-10,5,163.13,15,cash,Online,Completed,105.91,Bulk order - verify stock
507058,152,36,32,10,2025-07-27,2025-07-29,2,423.3,0,net banking,In-Store,Cancelled,0,
503400,189,28,26,13,2024-08-27,2024-09-02,6,3767.97,25,NEFT,Online,completed,34.71,
506769,987,12,22,6,2026-01-25,2026-01-29,10,484.24,30,upi,Online,COMPLETED,-31.38,Urgent delivery requested
500956,815,42,38,4,2026-05-23,2026-05-31,4,82.6,0,Cash,In-Store,COMPLETED,0,Bulk order - verify stock
503746,389,59,12,10,2025-06-05,2025-06-13,2,1056.63,25,Cash,Online,Compeleted,64.35,Customer requested callback
502318,428,58,26,24,2024-12-20,2024-12-23,8,1958.04,25,Upi,Online,Retuned,138.43,
505050,483,102,9,2,2026-03-02,2026-03-04,8,974.46,10,net banking,In-Store,completed,0,Bulk order - verify stock
507814,661,126,25,21,2026-01-20,2026-01-25,5,583.32,25,Net Banking,Online,Completed,39.52,Gift wrap requested
508214,255,104,29,8,2026-03-07,2026-03-08,8,379.97,30,net banking,In-Store,pending,0,
505528,358,40,14,24,2025-05-02,2025-05-06,9,192.45,0,U.P.I,Online,completed,147.1,Loyalty discount applied manually
501873,836,52,1,24,2024-05-02,2024-05-03,3,384.27,30,Card,In-Store,Returned,0,Customer requested callback
504863,47,105,33,6,2025-12-01,2025-12-03,10,484.73,20,Card,In-Store,Completed,0,
503655,271,81,5,11,2024-01-30,2024-02-04,3,1725.66,15,CASH,Online,Completed,101.54,
505446,806,17,30,16,2025-11-11,2025-11-20,5,4291.5,20,card,Online,returned,111.89,
502890,289,9,28,1,2026-04-10,2026-04-19,4,1171.5,0,CARD,In-Store,Compeleted,0,Customer requested callback
503539,20,43,20,16,2025-03-19,2025-03-24,9,297.58,15,NEFT,Online,returned,70.91,Loyalty discount applied manually
500146,237,38,30,19,2024-07-30,,6,322.59,25,NEFT,Online,CANCELLED ,109.43,
508426,487,113,31,7,2026-05-08,2026-05-09,9,231.96,5,CARD,In-Store,Compeleted,0,Bulk order - verify stock
502834,498,99,2,18,2025-07-17,2025-07-23,9,973.48,20,Cash,In-Store,Completed,0,
503237,321,7,40,3,2026-04-22,2026-04-26,9,742.46,30,Credit Card,In-Store,Canceled,-91.07,
504163,855,57,1,19,2024-05-21,2024-05-27,9,1301.93,40,Upi,Online,COMPLETED,92.32,
507098,867,23,7,6,2025-04-03,,1,1944.04,15,Upi,In-Store,pending,0,
509529,400,50,4,17,2024-04-30,2024-05-03,3,289.22,30,Debit Card,In-Store,Completed,0,Loyalty discount applied manually
505091,211,43,13,18,2025-04-17,2025-04-26,2,288.01,5,Cash,In-Store,Retuned,0,Gift wrap requested
501738,594,3,23,18,2026-06-17,2026-06-24,3,4426.79,20,card,In-Store,CANCELLED ,0,Gift wrap requested
504812,896,33,8,23,2026-06-08,2026-06-15,2,389.55,0,NEFT,Online,Compeleted,111.62,
501723,66,51,36,23,2026-05-23,2026-05-28,2,372.02,5,Card,Online,completed,87.45,
501109,612,27,33,15,2024-03-18,2024-03-22,2,3506.98,5,net banking,In-Store,Completed,0,
506954,147,74,32,22,2025-03-17,2025-03-25,5,1378.98,20,CASH,Online,Compeleted,107.96,
509062,826,121,38,23,2026-05-17,2026-05-25,8,530.73,35,Credit Card,Online,COMPLETED,72.51,Urgent delivery requested
503491,400,38,38,3,2025-02-26,2025-03-06,6,296.17,10,card,Online,COMPLETED,87.75,
502273,450,14,24,11,2026-06-28,2026-07-01,9,4784.09,15,Card,In-Store,Pending,0,
501305,23,27,28,13,2024-04-02,2024-04-07,4,3691.77,30,Debit Card,Online,COMPLETED,83.47,Loyalty discount applied manually
502392,391,60,12,24,2026-06-02,2026-06-05,3,1607.66,0,card,Online,Compeleted,148.47,
508810,784,78,28,12,2024-05-09,2024-05-13,4,538.15,5,U.P.I,Online,COMPLETED,82.06,
501702,566,49,25,15,2024-01-02,2024-01-05,7,178.97,10,U.P.I,In-Store,Completed,0,
502766,818,99,36,8,2024-07-25,2024-08-01,1,983.05,10,Debit Card,Online,returned,51.61,
502954,786,121,6,17,2025-04-24,2025-04-26,6,517.17,25,Card,Online,Canceled,43.09,
502360,485,7,16,16,2025-02-08,2025-02-09,10,708.95,0,card,Online,Compeleted,118.85,Corporate order
509267,337,71,14,21,2025-11-07,2025-11-08,10,581.05,5,NEFT,Online,PENDING,91.16,
508573,932,66,1,23,2025-10-22,2025-10-23,3,1764.3,0,UPI,In-Store,COMPLETED,0,Loyalty discount applied manually
503289,110,39,23,1,2026-06-15,2026-06-24,4,482.99,20,UPI,Online,Completed,32.93,Gift wrap requested
501183,123,93,24,10,2025-10-07,,6,368.94,20,Upi,Online,completed,117.83,
507749,244,83,22,18,2025-10-31,2025-11-07,7,2508.67,20,CARD,Online,cancelled,105.54,
508015,133,16,26,21,2025-09-14,2025-09-15,7,2107.67,45,NetBanking,In-Store,pending,0,
501377,870,111,21,24,2025-08-14,2025-08-17,9,649.95,20,Cash,In-Store,Returned,0,Corporate order
502598,586,26,31,18,2024-01-30,2024-02-08,10,3187.41,0,CASH,Online,Completed,84.73,Loyalty discount applied manually
500175,457,82,38,12,2025-01-21,2025-01-28,10,559.52,0,CASH,Online,Completed,48.1,
509488,240,38,11,17,2025-10-21,2025-10-26,5,300.17,0,upi,In-Store,Compeleted,0,Customer requested callback
506619,361,28,31,17,2025-04-06,2025-04-12,7,3925.7,20,Upi,In-Store,COMPLETED,0,
509546,994,62,11,23,2025-08-23,2025-08-24,4,844.99,10,UPI,Online,Completed,30.06,Gift wrap requested
506404,946,14,3,12,2024-04-06,,4,4816.36,10,Net Banking,Online,COMPLETED,74.13,Bulk order - verify stock
503411,611,103,20,19,2026-05-31,2026-06-01,6,598.25,10,card,In-Store,COMPLETED,0,Urgent delivery requested
503451,546,100,12,14,2025-07-28,2025-08-05,8,505.25,0,Cash,Online,Completed,43.17,
501222,631,108,28,22,2024-01-07,2024-01-10,10,178.54,40,Net Banking,In-Store,COMPLETED,0,
500655,577,7,12,16,2025-10-29,2025-11-05,3,719.42,30,NEFT,Online,Completed,30.26,
502076,191,70,8,3,2024-01-04,2024-01-13,4,1974.21,15,CASH,Online,Completed,93.15,
503439,708,89,31,4,2024-06-10,2024-06-17,1,1733.14,0,Credit Card,Online,PENDING,60.18,
506817,6,66,16,11,2025-12-06,2025-12-10,1,1757.43,10,Upi,In-Store,COMPLETED,0,
507999,752,84,18,24,2025-06-14,2025-06-23,9,720.41,0,net banking,In-Store,PENDING,0,Bulk order - verify stock
505039,,16,32,24,2025-12-24,2025-12-25,8,2138.17,0,NetBanking,Online,Retuned,136.01,
503174,486,11,27,22,2026-01-11,2026-01-12,8,4423.35,20,NEFT,In-Store,Compeleted,0,
504316,585,101,38,18,2024-03-12,2024-03-16,3,2271.77,5,CASH,In-Store,COMPLETED,0,
503854,713,80,34,12,2026-02-14,2026-02-18,3,1352.97,15,cash,In-Store,Completed,0,Urgent delivery requested
506395,254,50,30,15,2026-02-09,2026-02-13,6,278.44,30,cash,In-Store,Compeleted,0,Gift wrap requested
504532,27,67,10,10,2024-09-30,2024-10-07,6,1070.82,15,Net Banking,In-Store,Completed,0,
506184,187,93,3,4,2026-06-20,2026-06-28,10,401.11,10,U.P.I,In-Store,COMPLETED,0,Loyalty discount applied manually
500040,405,62,20,14,2025-04-09,2025-04-12,3,833.69,5,UPI,In-Store,CANCELLED ,0,Customer requested callback
508963,410,96,11,16,2024-08-17,2024-08-26,10,1963.57,10,NetBanking,Online,cancelled,51.39,Gift wrap requested
505563,999001,113,10,23,2026-03-29,2026-04-01,10,243.75,10,Debit Card,Online,PENDING,53.81,
500761,830,48,15,15,2026-03-18,2026-03-22,7,129.7,20,Upi,In-Store,COMPLETED,0,
504309,905,41,25,8,2026-06-08,2026-06-16,9,229.09,10,card,Online,Pending,144.4,Bulk order - verify stock
508104,370,105,15,12,2025-06-27,2025-06-28,2,455.2,25,net banking,Online,Completed,102.93,
506304,997,124,27,16,2024-03-16,2024-03-18,8,288.13,5,CASH,Online,completed,105.83,
508297,688,66,5,24,2024-07-15,2024-07-19,1,1817.88,15,CASH,In-Store,Completed,0,Bulk order - verify stock
503034,462,34,34,22,2026-02-07,2026-02-13,5,150.29,20,Card,In-Store,Completed,0,Corporate order
508531,386,85,39,15,2025-02-25,2025-03-03,5,943.76,10,net banking,In-Store,Completed,0,
506899,460,4,34,16,2025-10-08,2025-10-09,2,4295.22,30,Cash,In-Store,completed,0,
500684,365,122,8,22,2025-08-30,2025-09-05,3,172.21,5,Credit Card,In-Store,Compeleted,0,
507872,71,107,25,23,2026-05-08,2026-05-14,2,388.95,5,Debit Card,In-Store,Completed,0,
500992,,124,9,6,2024-05-04,,1,277.05,0,Card,In-Store,Completed,0,
506940,394,36,24,14,2024-03-18,2024-03-20,9,415.86,15,Card,Online,Compeleted,59.21,
504466,249,13,40,17,2024-05-01,2024-05-10,3,4341.29,15,NetBanking,In-Store,completed,0,
505705,709,106,35,2,2024-10-23,2024-10-29,6,671.43,20,Card,Online,Compeleted,68.16,
501802,476,77,30,7,2025-08-03,2025-08-06,3,1495.53,25,net banking,In-Store,Completed,0,Urgent delivery requested
500119,858,81,32,11,2025-07-16,2025-07-23,10,1748.3,10,NetBanking,Online,pending,69.42,Urgent delivery requested
500762,,18,23,21,2024-03-15,2024-03-20,8,906.9,5,upi,Online,Compeleted,107.62,Urgent delivery requested
503342,516,70,27,10,2025-06-24,2025-06-29,7,1896.55,30,net banking,In-Store,Completed,0,
506681,547,17,1,6,2025-07-04,2025-07-06,10,4187.39,25,NetBanking,In-Store,Completed,0,
500506,985,32,12,9,2024-12-05,2024-12-10,9,101.44,20,net banking,Online,Returned,110.22,Corporate order
507886,516,28,32,10,2025-01-13,2025-01-14,5,4080.12,25,net banking,Online,COMPLETED,131.5,Corporate order
504656,78,121,29,12,2024-11-24,2024-12-03,1,530.87,0,Card,Online,Retuned,65.63,
503776,893,57,20,14,2025-02-22,2025-02-26,6,1306.8,25,Upi,Online,completed,66.55,Customer requested callback
507830,347,46,3,6,2026-02-07,2026-02-10,8,312.84,20,NEFT,In-Store,Compeleted,0,
502547,362,111,28,18,2025-03-25,2025-03-28,3,637.82,25,Net Banking,In-Store,completed,0,
508190,175,53,34,15,2024-12-08,2024-12-12,2,292.19,0,CASH,Online,Completed,-90.29,
501271,12,80,23,8,2025-09-11,2025-09-20,6,1294.74,25,Card,In-Store,cancelled,0,
501360,857,103,28,21,2024-07-16,2024-07-18,7,639.4,30,net banking,In-Store,COMPLETED,0,Bulk order - verify stock
508226,363,44,1,15,2025-04-03,2025-04-10,3,,30,card,Online,Compeleted,136.27,Bulk order - verify stock
507430,,98,36,7,2024-12-14,2024-12-20,10,2057.96,20,Upi,Online,Compeleted,84.79,Bulk order - verify stock
507163,450,79,2,19,2024-11-19,2024-11-21,10,1167.95,50,net banking,In-Store,completed,0,
502601,914,34,40,19,2025-09-24,2025-09-27,5,151.52,15,card,In-Store,returned,0,Bulk order - verify stock
504374,317,37,36,16,2024-03-25,2024-03-31,3,199,15,Credit Card,In-Store,completed,0,
506710,477,121,3,2,2024-01-05,2024-01-14,7,545.84,5,Net Banking,In-Store,Returned,0,
504773,204,32,3,20,2025-07-26,2025-08-01,8,100.44,5,Debit Card,In-Store,CANCELLED ,0,Urgent delivery requested
509616,419,9,28,18,2026-02-07,2026-02-16,8,1146.88,25,U.P.I,Online,Retuned,123.39,Customer requested callback
502828,497,38,4,16,2025-06-06,2025-06-14,9,314.29,0,upi,In-Store,Returned,0,
502776,104,107,5,4,2025-05-03,2025-05-11,7,383.45,15,Upi,In-Store,Canceled,0,
504948,196,27,17,18,2025-07-02,2025-07-06,3,3580.43,50,cash,Online,Compeleted,44.27,Urgent delivery requested
501267,661,59,9,23,2025-05-28,2025-05-30,2,1046.21,0,Net Banking,Online,returned,76.73,Loyalty discount applied manually
503793,149,119,9,10,2024-03-18,2024-03-22,1,211.68,5,NEFT,Online,Compeleted,92.63,
501327,653,97,14,7,2026-02-04,2026-02-11,2,1746.9,10,Upi,In-Store,COMPLETED,0,
507156,668,39,34,2,2026-03-05,2026-03-07,7,506.22,40,NetBanking,In-Store,Compeleted,0,
505805,505,41,21,15,2025-03-17,2025-03-26,1,236.83,15,card,Online,COMPLETED,122.07,Bulk order - verify stock
507474,276,45,1,7,2025-04-04,2025-04-07,7,168.22,10,UPI,In-Store,COMPLETED,0,Customer requested callback
507704,735,18,28,3,2026-01-25,2026-01-28,10,901.47,0,UPI,Online,Compeleted,76.44,Corporate order
506387,481,12,31,20,2026-06-12,2026-06-14,4,466.94,5,upi,In-Store,Pending,0,Corporate order
507527,314,108,34,16,2025-01-21,2025-01-26,7,173.62,30,CASH,Online,Completed,94.04,Customer requested callback
502239,840,13,10,22,2024-01-13,2024-01-15,7,4357.61,5,cash,Online,Completed,132.44,Corporate order
507727,888,123,9,9,2024-12-08,2024-12-14,3,396.46,30,Cash,In-Store,CANCELLED ,0,
501953,66,60,31,19,2024-06-06,2024-06-12,3,1577.2,10,Net Banking,Online,Completed,123.26,Gift wrap requested
504802,341,35,28,24,2024-07-24,2024-07-21,9,181.96,30,Upi,Online,completed,39.24,
500233,491,13,10,12,2025-09-02,2025-09-06,7,4134.89,30,Cash,In-Store,Completed,0,
507603,956,85,3,6,2024-10-03,2024-10-06,4,884.22,15,CASH,Online,COMPLETED,126.34,
508024,249,85,33,5,2025-02-09,2025-02-17,9,874.01,15,CASH,Online,Retuned,114.28,Bulk order - verify stock
507560,427,65,23,3,2026-03-31,2026-04-08,8,1577.46,20,U.P.I,In-Store,completed,0,
500160,404,85,37,17,2024-06-14,2024-06-21,4,,30,NetBanking,Online,COMPLETED,137.05,Gift wrap requested
509197,925,95,31,5,2024-06-30,2024-07-02,6,669.09,50,U.P.I,In-Store,COMPLETED,0,
507121,286,60,6,9,2025-08-07,2025-08-11,2,1543.57,5,upi,Online,CANCELLED ,41.49,Gift wrap requested
502222,125,93,27,4,2025-05-14,2025-05-18,1,398.72,10,Card,In-Store,Compeleted,0,
507347,456,99,39,6,2025-12-05,,3,1013.95,25,U.P.I,Online,PENDING,92.74,
500885,424,78,37,13,2025-03-26,2025-04-04,4,497.52,10,Upi,In-Store,returned,0,
500285,821,97,16,20,2025-02-13,,5,1847.62,5,Cash,In-Store,COMPLETED,0,Bulk order - verify stock
503060,254,19,29,21,2024-06-06,2024-06-15,1,2710.41,25,cash,Online,completed,33.27,Loyalty discount applied manually
506051,370,14,22,23,2024-12-18,2024-12-27,8,4927.61,0,cash,Online,Retuned,132.98,Bulk order - verify stock
501820,250,46,32,3,2026-03-17,2026-03-20,3,306.55,20,cash,In-Store,Completed,0,
501147,525,3,8,23,2024-04-30,2024-05-02,7,4396.67,25,NetBanking,In-Store,COMPLETED,0,Customer requested callback
506385,810,12,2,11,2025-10-25,2025-11-02,5,462.61,15,upi,In-Store,completed,0,
508336,701,33,29,2,2025-05-28,2025-06-05,7,378.76,10,Net Banking,In-Store,COMPLETED,0,
500100,409,25,7,15,2025-07-12,2025-07-20,4,1400.48,20,CARD,In-Store,completed,0,
501581,179,68,19,17,2026-04-09,2026-04-18,6,371.51,20,cash,In-Store,Compeleted,0,Urgent delivery requested
500624,507,71,25,18,2024-12-08,2024-12-13,5,631.25,10,Cash,Online,Completed,62.45,Gift wrap requested
502295,628,60,39,23,2025-03-11,2025-03-15,6,1570.41,20,Cash,In-Store,COMPLETED,0,
500465,335,4,31,24,2025-09-14,2025-09-15,6,4434.55,25,upi,Online,COMPLETED,77.55,
506257,934,69,3,23,2024-05-12,2024-05-13,2,1087.7,10,CARD,Online,completed,135.81,
508247,447,27,27,10,2024-01-10,2024-01-13,3,3752.26,20,Debit Card,Online,Compeleted,52.45,
500519,346,25,34,6,2026-06-15,2026-06-16,4,1511.06,20,Net Banking,In-Store,completed,0,
500760,196,65,30,22,2026-02-05,2026-02-10,7,1595.12,25,NetBanking,In-Store,Compeleted,0,Gift wrap requested
501105,343,8,40,1,2024-08-10,2024-08-13,2,2763.14,0,CASH,Online,cancelled,110.78,Corporate order
507850,920,12,31,16,2024-01-22,2024-01-25,3,460.04,20,NetBanking,Online,completed,94.96,
509818,262,36,19,7,2025-07-21,2025-07-23,2,421.87,0,UPI,In-Store,Retuned,0,
503001,797,10,32,4,2026-06-20,2026-06-28,4,745.95,0,Credit Card,In-Store,completed,0,Loyalty discount applied manually
506638,59,69,1,6,2025-02-12,2025-02-15,8,1024.08,5,Net Banking,Online,Returned,135.47,Urgent delivery requested
507924,280,85,17,14,2026-06-11,2026-06-15,9,937.02,0,cash,In-Store,completed,0,Bulk order - verify stock
501309,782,42,18,2,2025-01-05,2025-01-14,3,88.74,20,card,In-Store,Compeleted,0,
506950,603,24,12,10,2025-08-17,2025-08-26,5,4585.05,0,NEFT,Online,Returned,55.34,
504438,948,76,11,12,2026-01-29,2026-02-04,7,1660.96,15,U.P.I,Online,Compeleted,105.83,
508720,472,120,14,22,2025-10-04,2025-10-08,9,162.07,45,card,In-Store,Completed,0,Loyalty discount applied manually
502477,,79,36,14,2026-04-24,2026-04-28,9,1182.52,15,Net Banking,In-Store,Compeleted,0,
504177,764,67,12,10,2025-03-08,2025-03-12,8,1056.31,5,UPI,Online,Completed,83.26,
507332,556,106,7,5,2026-01-23,2026-01-27,6,676.48,0,Card,Online,completed,35.93,Loyalty discount applied manually
506872,141,96,4,12,2025-03-07,2025-03-10,7,1840.87,25,Debit Card,Online,Compeleted,138.76,Urgent delivery requested
505566,543,99,24,15,2025-10-09,2025-10-10,-2,954.02,10,Card,In-Store,Completed,0,
501769,783,32,23,14,2026-03-02,2026-03-09,5,102.63,25,cash,Online,COMPLETED,64.05,
500773,599,124,27,7,2026-02-02,2026-02-08,8,268.91,30,card,In-Store,COMPLETED,0,Urgent delivery requested
505358,345,116,23,16,2026-03-14,2026-03-20,5,198.48,15,cash,Online,Compeleted,100.26,
501604,92,113,26,1,2025-06-24,2025-06-25,10,235.96,30,NEFT,Online,CANCELLED ,70.21,Customer requested callback
503565,634,20,28,8,2025-01-05,2025-01-10,2,3017.5,25,Cash,Online,Compeleted,100.11,
502678,352,62,11,16,2024-06-28,2024-06-30,3,855.78,30,Debit Card,Online,Canceled,64.27,Loyalty discount applied manually
508657,24,83,20,23,2026-06-26,2026-06-30,9,2329.6,10,upi,In-Store,Returned,0,
503115,620,75,16,7,2024-09-10,2024-09-15,4,1232.34,30,CASH,Online,PENDING,145.28,Gift wrap requested
502772,257,76,26,8,2024-08-22,2024-08-29,1,1678.17,0,card,Online,Retuned,124.21,
501247,609,45,11,11,2025-09-18,2025-09-26,2,163.75,5,Cash,In-Store,COMPLETED,0,
505334,724,22,19,9,2025-07-16,2025-07-23,7,1354.29,25,Net Banking,Online,Canceled,147.83,
502165,487,47,33,2,2025-03-14,2025-03-18,8,117.49,0,UPI,Online,returned,55.25,
507797,782,37,35,23,2025-09-11,2025-09-19,9,197.66,5,Card,Online,completed,148.97,
502739,982,88,34,13,2025-03-09,2025-03-17,1,716.59,0,NEFT,Online,Cancelled,46.81,
507164,58,99,34,1,2024-05-23,2024-05-31,8,1030.63,25,UPI,In-Store,Completed,0,
501152,621,25,19,20,2025-07-05,2025-07-11,8,1512.51,30,CASH,In-Store,Compeleted,0,
503620,483,31,34,12,2026-04-02,2026-04-03,6,152.11,15,U.P.I,Online,COMPLETED,100.98,
502723,446,112,14,20,2025-12-08,2025-12-10,9,532.83,10,cash,In-Store,COMPLETED,0,
509387,970,19,26,5,2026-06-08,2026-06-07,10,2712.73,5,Card,In-Store,Canceled,0,Bulk order - verify stock
505673,999044,83,19,6,2025-07-10,2025-07-14,6,2433.55,20,upi,In-Store,Compeleted,0,Corporate order
501722,636,15,36,19,2024-03-10,2024-03-17,10,1771.72,10,U.P.I,In-Store,completed,0,
504120,683,106,4,24,2025-03-29,2025-04-04,5,714.47,0,NetBanking,Online,completed,53.29,
500154,320,91,20,20,2025-10-16,2025-10-23,3,508.63,15,upi,In-Store,COMPLETED,0,
506822,109,47,17,11,2024-06-08,2024-06-14,9,115.06,30,CARD,Online,completed,101.75,
501955,488,5,39,15,2026-05-14,2026-05-22,10,3318.46,30,Net Banking,Online,COMPLETED,123.82,
500085,800,97,29,7,2026-04-04,2026-04-12,3,1867.02,5,UPI,In-Store,completed,0,
500314,18,102,34,9,2024-08-23,2024-08-24,4,1029.64,5,Cash,Online,completed,136.52,
502876,,47,10,15,2026-01-09,2026-01-14,9,118.74,30,NetBanking,Online,Compeleted,117.89,Corporate order
506457,105,72,16,6,2025-06-25,2025-07-03,3,1286.85,5,Cash,In-Store,completed,0,Loyalty discount applied manually
502254,467,89,23,9,2024-02-26,2024-02-28,3,1778.84,30,Credit Card,In-Store,Compeleted,0,
505462,309,89,17,1,2025-04-17,2025-04-24,9,1892.34,20,U.P.I,Online,Compeleted,36.96,
507988,330,113,15,22,2024-02-21,2024-02-27,5,229.5,20,net banking,Online,completed,78.18,Loyalty discount applied manually
503979,242,92,16,19,2024-11-14,2024-11-21,1,1732.2,10,Debit Card,Online,CANCELLED ,57.06,Loyalty discount applied manually
507837,773,94,14,24,2025-08-03,2025-08-05,4,1336.95,20,CASH,Online,Compeleted,87.2,
506782,219,110,36,11,2024-02-02,2024-02-06,7,253.67,30,CASH,In-Store,COMPLETED,0,Corporate order
501718,93,61,33,4,2024-07-06,2024-07-08,4,1127.2,0,CARD,In-Store,COMPLETED,0,Gift wrap requested
503367,785,110,18,20,2024-03-28,2024-04-04,10,253.87,20,CASH,Online,COMPLETED,109.5,
504212,444,89,36,17,2024-09-09,2024-09-15,6,1878.79,50,CASH,In-Store,PENDING,0,Gift wrap requested
505284,431,124,39,3,2025-10-11,2025-10-19,10,286.31,10,Net Banking,In-Store,PENDING,0,
500350,522,33,20,2,2024-07-14,2024-07-15,2,386.28,25,Debit Card,Online,COMPLETED,91.58,
503063,406,76,31,8,2025-05-08,2025-05-09,5,1818.03,10,Card,Online,completed,49.31,
508572,35,87,5,2,2025-11-08,2025-11-16,9,1378.58,40,upi,In-Store,completed,0,
504965,499,1,3,6,2025-01-18,2025-01-21,10,2830,10,Credit Card,In-Store,COMPLETED,0,
503903,965,108,9,16,2025-12-15,2025-12-16,7,162.96,5,Cash,In-Store,COMPLETED,0,
504144,913,28,7,24,2026-03-17,2026-03-19,9,3830.33,25,U.P.I,Online,completed,97.6,
501516,427,10,2,20,2025-02-09,2025-02-04,5,757.94,5,Net Banking,In-Store,COMPLETED,0,Loyalty discount applied manually
509010,736,40,14,8,2024-05-25,2024-06-02,10,188.4,0,Net Banking,Online,Returned,127.42,
504420,260,125,29,10,2026-04-08,2026-04-11,1,394.32,20,Net Banking,In-Store,COMPLETED,0,Bulk order - verify stock
503257,818,125,21,11,2026-03-21,2026-03-22,1,410.98,20,card,In-Store,cancelled,0,Customer requested callback
500219,164,53,30,16,2024-03-10,2024-03-12,5,291.17,25,card,In-Store,Cancelled,0,
502074,306,55,4,11,2024-11-30,2024-12-02,4,1631.63,20,Net Banking,In-Store,Returned,0,
504815,898,106,31,11,2024-09-18,2024-09-22,5,656.32,30,CASH,Online,COMPLETED,136.91,Gift wrap requested
503446,474,118,38,24,2024-12-26,2025-01-01,3,468.1,5,Upi,In-Store,Completed,0,
501094,822,34,1,8,2024-09-06,2024-09-12,7,151.61,30,Debit Card,In-Store,Compeleted,0,
500621,616,108,33,22,2025-02-17,2025-02-19,5,176.1,10,NEFT,In-Store,Compeleted,0,
504611,904,103,1,9,2026-03-30,2026-04-02,10,,0,card,Online,returned,53.44,
503544,631,75,27,9,2024-06-05,2024-06-14,3,1264.85,0,U.P.I,Online,Returned,96.48,Gift wrap requested
501408,702,15,19,20,2025-06-28,2025-07-02,3,1846.84,15,net banking,Online,cancelled,51.48,Bulk order - verify stock
505537,688,15,31,10,2024-08-17,2024-08-22,5,1769.22,30,CASH,Online,pending,39.08,
506346,227,105,16,21,2026-06-05,2026-06-07,4,473.32,30,net banking,Online,returned,122.77,Corporate order
507231,704,24,12,13,2025-01-23,2025-01-28,5,4612.6,15,Card,Online,completed,119.22,Loyalty discount applied manually
507732,125,126,14,16,2024-08-03,2024-08-11,8,583.84,0,Debit Card,In-Store,Compeleted,0,Customer requested callback
508150,507,27,15,20,2024-06-16,2024-06-25,9,3636.47,15,Net Banking,Online,PENDING,90.33,
504191,55,96,25,4,2024-08-12,2024-08-18,5,1988.83,0,CASH,Online,Retuned,130.34,
505035,718,87,27,24,2026-03-17,2026-03-25,7,1312.04,0,U.P.I,In-Store,Retuned,0,Gift wrap requested
507615,178,20,35,23,2024-06-06,2024-06-15,3,2998.11,15,NetBanking,Online,Compeleted,49.98,
500809,731,111,15,9,2025-09-12,2025-09-16,10,650.45,45,NEFT,Online,Completed,103.24,
508455,676,76,16,12,2025-04-11,2025-04-15,9,1727.63,0,upi,In-Store,Returned,0,Bulk order - verify stock
502204,627,105,30,2,2024-12-20,2024-12-29,4,486.55,20,Cash,Online,COMPLETED,84.11,Bulk order - verify stock
505825,940,107,25,14,2024-05-24,2024-05-21,3,382.86,20,Cash,Online,Retuned,30.69,
502581,33,17,11,23,2025-02-08,2025-02-17,1,4224,10,CASH,Online,Completed,48.77,
502257,564,65,2,18,2026-03-12,2026-03-17,9,1513.57,10,U.P.I,In-Store,Compeleted,0,
501057,502,73,24,14,2024-06-17,2024-06-24,6,1084.9,30,cash,In-Store,COMPLETED,0,
509373,615,63,22,16,2024-10-09,2024-10-16,3,1156.63,5,cash,Online,completed,-44.19,Customer requested callback
507031,154,116,15,16,2024-01-08,2024-01-17,9,199.9,25,NEFT,Online,completed,121.81,
500706,80,58,8,2,2026-02-19,2026-02-22,2,1933.1,5,card,Online,returned,114.69,
504737,817,104,21,6,2025-02-16,2025-02-23,6,397.88,30,Cash,In-Store,COMPLETED,0,
504993,383,103,4,10,2024-02-24,2024-03-03,5,584.16,20,cash,Online,pending,52.09,
501361,999007,85,25,15,2025-07-24,2025-07-26,3,898.33,15,NEFT,In-Store,COMPLETED,0,Loyalty discount applied manually
507981,784,126,24,19,2025-01-14,2025-01-22,7,559.66,20,U.P.I,Online,COMPLETED,60.33,
508677,839,90,36,4,2025-11-04,2025-11-05,4,1500.07,25,CASH,In-Store,Compeleted,0,
508410,266,48,13,3,2024-08-11,2024-08-20,10,129.44,30,UPI,In-Store,Completed,0,
503405,785,5,12,2,2024-08-30,2024-08-31,8,3355.35,25,upi,In-Store,Compeleted,0,Corporate order
501321,562,101,40,9,2024-07-20,2024-07-29,3,2208.96,30,Upi,In-Store,completed,0,Corporate order
503187,288,116,26,2,2024-05-10,2024-05-14,7,210.61,10,Credit Card,Online,Compeleted,69.27,
506765,570,56,39,22,2024-10-25,2024-10-24,2,933.14,30,net banking,Online,Completed,135.94,Bulk order - verify stock
508152,676,48,16,9,2024-04-16,2024-04-17,6,137.35,10,Upi,In-Store,completed,0,Customer requested callback
505903,219,122,40,16,2024-09-21,2024-09-30,3,159.67,0,cash,Online,Returned,89.8,Gift wrap requested
508956,503,109,36,3,2024-01-26,2024-02-03,4,523.19,15,NetBanking,In-Store,completed,0,
506162,798,99,9,16,2026-04-06,2026-04-09,5,947.66,5,upi,In-Store,completed,0,
507813,386,59,8,21,2025-05-31,2025-06-08,7,1022.89,30,Net Banking,Online,COMPLETED,31.76,Corporate order
501883,38,21,32,20,2024-10-08,2024-10-12,3,661.75,10,net banking,In-Store,completed,0,
507624,340,62,12,10,2024-08-21,2024-08-27,4,874.33,5,cash,In-Store,PENDING,0,Urgent delivery requested
502005,920,89,9,15,2025-12-01,2025-12-10,9,1814.6,0,U.P.I,Online,completed,116.96,
503959,334,21,37,24,2025-10-30,2025-11-04,3,654.73,0,NEFT,In-Store,returned,0,
509217,508,39,13,24,2024-02-12,2024-02-15,4,481.24,0,U.P.I,Online,Cancelled,124.17,Corporate order
506809,669,36,8,23,2026-06-04,2026-06-11,3,435.57,30,Net Banking,Online,Completed,42.8,
501688,421,55,20,23,2026-04-24,,9,1711.03,35,CARD,In-Store,Retuned,0,
501635,744,12,13,11,2025-01-05,2025-01-06,5,,25,CASH,Online,Completed,80.68,
501734,274,46,11,1,2026-06-30,2026-07-02,10,331.83,15,Cash,In-Store,Cancelled,0,
506835,83,72,4,6,2026-05-29,2026-05-31,1,1249.04,20,UPI,Online,Completed,146.58,Loyalty discount applied manually
504112,786,76,28,14,2024-08-06,2024-08-11,7,1673.61,20,NEFT,In-Store,Compeleted,0,Gift wrap requested
505898,815,56,40,6,2025-04-04,2025-04-13,10,875.38,30,Upi,Online,Completed,132.28,
507893,59,38,27,23,2026-04-27,2026-05-03,1,305.17,5,U.P.I,Online,Cancelled,80.69,
508537,316,9,35,3,2026-05-13,2026-05-21,5,1140.98,10,NEFT,Online,cancelled,102.47,Bulk order - verify stock
504106,999029,84,16,8,2024-01-10,2024-01-16,4,736.17,20,NetBanking,In-Store,returned,0,Customer requested callback
500991,301,102,5,22,2024-03-09,2024-03-17,4,1034.57,10,NEFT,Online,Completed,124.89,Corporate order
500184,936,88813,5,17,2026-03-11,2026-03-15,9,1230.17,30,NetBanking,In-Store,CANCELLED ,0,Urgent delivery requested
505657,220,90,11,22,2025-05-10,2025-05-13,8,1491.96,15,Credit Card,Online,completed,35.48,
506815,153,59,28,6,2026-01-31,2026-02-04,10,985.74,20,Net Banking,Online,COMPLETED,30.21,
504958,877,75,3,24,2024-08-20,2024-08-25,7,1205.12,0,upi,Online,cancelled,93.76,
501339,181,75,28,24,2024-02-29,2024-03-02,6,1165.27,30,Net Banking,Online,cancelled,35.73,
505468,131,68,10,24,2025-09-14,2025-09-16,3,354.58,15,Card,In-Store,completed,0,
500397,993,35,19,21,2025-05-21,2025-05-23,1,186.76,30,Card,In-Store,Completed,0,
500090,526,32,6,18,2025-09-30,2025-10-02,8,108.09,15,CASH,Online,COMPLETED,48.03,Corporate order
503102,990,68,38,8,2024-12-31,2025-01-01,1,373.11,30,Upi,In-Store,completed,0,Corporate order
505467,569,16,27,8,2025-08-20,2025-08-26,6,2179.08,15,net banking,Online,Compeleted,30.37,
509098,462,76,38,21,2026-02-21,2026-02-24,8,1707.79,15,cash,Online,pending,41.2,
505427,758,94,30,21,2024-11-24,2024-11-30,5,1406.58,5,card,Online,pending,147.7,Customer requested callback
504818,,100,19,1,2024-09-17,2024-09-26,4,507.05,30,card,Online,CANCELLED ,53.48,
505220,546,12,4,17,2025-01-17,2025-01-24,-2,481.91,20,NEFT,In-Store,Completed,0,Customer requested callback
504963,853,115,32,22,2026-02-11,2026-02-19,2,345.29,5,Net Banking,In-Store,completed,0,Customer requested callback
503242,720,73,22,24,2024-09-09,2024-09-16,6,1124.85,10,net banking,In-Store,Retuned,0,Customer requested callback
508425,536,5,20,5,2025-07-01,2025-07-03,8,3405.78,20,CASH,In-Store,completed,0,Corporate order
503686,724,59,14,4,2024-11-13,2024-11-14,3,1019.58,25,U.P.I,Online,COMPLETED,128.57,
506446,706,87,37,4,2024-11-22,2024-11-29,3,1291.27,10,Card,Online,COMPLETED,107.45,
507644,140,77,31,2,2024-04-11,2024-04-15,10,1519.21,20,Upi,Online,COMPLETED,96.09,Urgent delivery requested
503460,60,124,15,8,2025-07-01,2025-07-10,1,277.77,25,net banking,In-Store,COMPLETED,0,
502158,588,70,11,12,2026-03-17,2026-03-21,4,1860.48,30,net banking,In-Store,Compeleted,0,Loyalty discount applied manually
507037,590,23,22,15,2025-05-25,2025-05-26,7,1961.21,30,net banking,In-Store,Retuned,0,Urgent delivery requested
501501,309,83,39,10,2024-02-20,2024-02-27,8,2482.71,30,Cash,In-Store,Compeleted,0,
503573,538,123,21,18,2024-02-19,2024-02-24,8,392.39,30,Credit Card,In-Store,COMPLETED,0,Customer requested callback
503896,923,102,18,5,2024-05-31,2024-06-09,6,1049,20,CASH,Online,Compeleted,48.22,
503259,87,117,11,15,2024-12-22,2024-12-30,10,293.33,10,Cash,In-Store,Returned,0,
507451,227,24,16,7,2025-03-25,2025-03-28,5,4598.55,25,Cash,Online,Compeleted,109.39,Customer requested callback
504095,999041,11,34,20,2024-11-05,2024-11-13,7,4571.13,5,UPI,In-Store,Completed,0,
501207,929,38,8,9,2024-09-16,2024-09-21,2,304.85,10,CARD,In-Store,Compeleted,0,
509807,441,22,24,5,2024-10-30,2024-11-08,9,1275.51,0,Net Banking,Online,COMPLETED,88.66,
506882,155,79,26,5,2025-05-20,2025-05-29,7,1243.53,15,card,In-Store,Retuned,0,Gift wrap requested
505344,706,87,16,4,2024-06-09,,1,1354.32,5,Card,Online,Completed,60.27,Bulk order - verify stock
508058,390,79,31,2,2025-07-17,2025-07-22,3,1210.01,5,Net Banking,In-Store,COMPLETED,0,Urgent delivery requested
504862,623,47,40,8,2024-08-03,2024-08-12,9,112.41,10,Upi,Online,completed,46.13,Loyalty discount applied manually
507378,379,113,21,19,2024-01-22,2024-01-23,2,241.55,25,card,In-Store,completed,0,
508385,125,83,37,9,2025-04-27,2025-05-02,10,2345.97,25,Upi,In-Store,COMPLETED,0,
508026,999042,91,4,19,2025-12-25,2025-12-20,1,475.4,40,CASH,In-Store,Compeleted,0,
508935,707,101,13,18,2026-06-29,2026-07-07,2,2262.54,30,NEFT,Online,Compeleted,57.46,Urgent delivery requested
507150,875,126,11,20,2025-10-22,2025-10-28,1,579.62,0,CASH,Online,Compeleted,51.41,
508835,605,95,37,2,2024-03-03,2024-03-04,5,690.52,40,card,Online,Completed,108.92,
509579,716,43,30,16,2025-08-18,2025-08-20,8,301.66,10,Credit Card,In-Store,Canceled,0,
505709,786,57,22,19,2025-01-14,2025-01-18,8,1315.61,20,UPI,In-Store,COMPLETED,0,
501018,927,1,5,9,2024-09-28,2024-09-29,7,2919.1,5,Debit Card,Online,completed,104.15,
503811,292,112,5,20,2026-05-14,2026-05-20,2,563.62,5,Debit Card,Online,PENDING,132.84,
508699,192,77,34,7,2025-01-01,2025-01-08,5,1425.98,10,UPI,Online,Completed,96.25,
506317,172,4,30,5,2024-07-29,2024-08-06,7,4243.47,25,Cash,In-Store,Cancelled,0,
500887,663,29,33,9,2024-07-04,2024-07-13,4,2947.31,15,cash,Online,Returned,137.98,
504939,670,5,27,9,2024-12-16,2024-12-19,7,3462.86,25,CASH,Online,returned,121.16,
509806,206,13,24,21,2025-05-01,2025-05-10,9,4218.71,5,Cash,Online,Compeleted,107.91,
509304,438,105,37,19,2025-09-14,2025-09-18,3,474.16,10,cash,Online,Compeleted,88.38,
502872,922,122,24,21,2025-04-06,2025-04-14,6,163.45,0,Cash,In-Store,Compeleted,0,
509366,749,37,12,4,2025-05-02,2025-05-06,9,199.21,0,card,In-Store,Retuned,0,Loyalty discount applied manually
507261,592,62,36,7,2025-08-13,2025-08-14,1,861.36,10,CASH,In-Store,pending,0,
507573,480,13,25,5,2025-04-21,2025-04-30,8,4366.19,30,cash,In-Store,Compeleted,0,Bulk order - verify stock
501285,903,89,32,9,2025-08-02,2025-08-05,8,1803.3,25,upi,Online,returned,64.43,
500295,2,44,27,17,2025-08-29,2025-09-03,3,431.22,0,net banking,In-Store,COMPLETED,0,Customer requested callback
504161,982,39,5,12,2024-04-04,2024-04-12,3,496.93,10,Upi,In-Store,Completed,0,
508324,317,1,31,3,2025-04-30,2025-05-08,0,2785.55,5,card,Online,completed,82.52,
508865,107,48,21,24,2024-12-08,2024-12-15,3,134.54,30,UPI,Online,Completed,63.16,
506837,712,31,14,12,2025-08-09,2025-08-15,8,163.22,5,NEFT,In-Store,COMPLETED,0,Bulk order - verify stock
501092,974,33,13,20,2024-04-15,2024-04-22,8,381.17,15,UPI,In-Store,completed,0,Customer requested callback
506153,640,43,19,14,2024-09-23,2024-09-24,8,304.53,25,Cash,In-Store,Completed,0,Gift wrap requested
505668,159,41,20,11,2025-09-16,2025-09-25,3,245.17,5,cash,In-Store,completed,0,
500895,29,116,18,24,2024-05-24,2024-06-01,9,213.86,25,Cash,Online,Returned,71.88,
507159,895,11,40,20,2025-07-12,2025-07-13,8,4495.07,25,NEFT,Online,Returned,88.9,Bulk order - verify stock
504449,466,55,40,11,2025-10-01,2025-10-05,4,1692.87,0,CASH,In-Store,COMPLETED,0,Bulk order - verify stock
503163,658,72,23,10,2025-05-24,2025-05-30,5,1292.31,20,Upi,Online,Compeleted,67.69,
503138,303,126,30,9,2026-01-12,2026-01-15,7,589.94,30,NEFT,Online,Pending,118.05,Bulk order - verify stock
501726,970,125,38,13,2024-05-10,2024-05-19,5,408.28,30,cash,Online,cancelled,71.11,Gift wrap requested
504298,887,75,8,7,2025-06-20,2025-06-25,3,1203.15,20,CASH,Online,COMPLETED,70,Corporate order
506760,272,49,40,22,2026-02-22,2026-02-23,10,177.67,20,UPI,Online,Completed,126.61,
507779,420,106,32,11,2025-09-15,2025-09-19,3,667.18,25,net banking,Online,Compeleted,111.79,
505503,272,10,6,19,2025-04-30,2025-05-06,4,736.59,0,Credit Card,In-Store,Compeleted,-91.57,
508092,412,119,5,20,2025-07-10,2025-07-14,4,212.05,5,Credit Card,Online,PENDING,54.19,
502016,203,113,27,13,2025-07-11,2025-07-18,6,237,5,Upi,In-Store,Compeleted,0,Corporate order
506021,502,79,37,11,2024-12-18,2024-12-21,9,1232.12,0,Cash,Online,Compeleted,111.09,Customer requested callback
505324,955,33,37,8,2024-04-11,2024-04-18,4,380.84,30,UPI,Online,COMPLETED,58.95,
501535,770,88808,14,23,2025-04-15,2025-04-19,7,2429.43,30,Upi,In-Store,COMPLETED,0,
503764,55,109,22,2,2024-07-29,2024-08-01,10,494.66,15,U.P.I,In-Store,returned,0,Gift wrap requested
501095,299,66,26,3,2024-04-22,,5,1748.43,25,NEFT,In-Store,Retuned,0,
509277,481,17,5,12,2024-04-01,2024-03-29,2,4074.3,25,NEFT,In-Store,Retuned,0,
506514,684,97,11,14,2024-06-29,2024-07-07,4,1778.93,30,CASH,Online,Completed,47.31,Urgent delivery requested
500892,688,57,37,13,2025-08-27,2025-09-02,7,,10,UPI,Online,COMPLETED,100,
507446,835,123,5,1,2025-10-18,2025-10-25,10,416.19,0,NetBanking,Online,COMPLETED,120.73,Loyalty discount applied manually
501835,756,117,21,2,2025-04-12,2025-04-17,7,287.5,30,Cash,Online,Retuned,114.04,
507766,382,60,30,2,2024-01-07,2024-01-16,7,1559.82,15,U.P.I,Online,Compeleted,132.11,Customer requested callback
501422,506,49,29,17,2026-01-16,2026-01-25,6,180.32,0,CASH,Online,completed,104.06,
502820,728,41,30,17,2025-01-20,2025-01-28,8,233.47,30,cash,In-Store,Completed,0,Urgent delivery requested
500228,466,123,39,4,2024-12-04,2024-12-06,9,413.92,30,net banking,In-Store,Pending,0,
503258,484,29,12,2,2025-05-11,2025-05-10,9,3068.07,20,Cash,In-Store,Completed,0,Customer requested callback
502256,275,95,28,16,2025-09-01,2025-09-06,7,699.32,20,net banking,Online,Compeleted,87.37,Bulk order - verify stock
505296,874,104,15,13,2026-05-08,2026-05-10,2,401.03,10,Card,In-Store,Compeleted,0,
507115,179,19,32,20,2025-03-09,2025-03-15,9,2685.41,15,U.P.I,In-Store,COMPLETED,0,
506611,552,17,23,17,2025-03-05,2025-03-11,8,4222.22,5,upi,In-Store,COMPLETED,0,Gift wrap requested
509554,426,125,11,10,2025-05-19,2025-05-23,5,402.91,25,UPI,Online,CANCELLED ,45.17,
502654,597,112,12,19,2025-10-19,2025-10-26,1,553.23,15,card,Online,Pending,76.27,Gift wrap requested
507665,956,110,12,10,2026-03-04,2026-03-05,1,233.2,10,CARD,Online,completed,125.96,
509322,537,78,32,10,2024-05-17,2024-05-21,8,513.82,25,U.P.I,Online,CANCELLED ,79.08,
507326,717,14,26,23,2024-08-23,2024-08-26,5,4787.57,5,Credit Card,Online,returned,77.89,
503755,156,12,38,13,2025-12-16,2025-12-24,5,466.83,10,cash,Online,COMPLETED,34.96,Urgent delivery requested
502867,700,96,39,22,2026-01-09,2026-01-16,2,1916.4,25,NetBanking,Online,COMPLETED,118.65,
506333,170,41,31,18,2024-09-28,2024-10-02,8,228.98,15,UPI,Online,completed,104.94,
507706,57,38,27,21,2025-09-27,2025-09-30,5,312.31,0,Net Banking,In-Store,CANCELLED ,0,
508581,999,89,31,7,2026-03-02,2026-03-07,5,1800.1,20,Cash,Online,completed,115.22,Loyalty discount applied manually
504179,5,77,37,23,2025-10-18,2025-10-20,9,1391.59,25,cash,Online,CANCELLED ,36.29,
501971,37,101,16,14,2025-11-28,,8,2162.98,15,CARD,Online,COMPLETED,148.97,
508705,479,71,3,18,2024-03-12,2024-03-18,4,614.01,20,CASH,Online,Compeleted,41.26,Gift wrap requested
508004,762,47,9,18,2024-12-07,2024-12-12,1,113.89,0,Cash,Online,Compeleted,78.59,
502715,806,124,22,4,2025-08-16,2025-08-19,7,282.03,5,CARD,In-Store,Completed,0,
505949,636,48,22,18,2024-03-19,2024-03-27,9,132.09,15,cash,In-Store,Retuned,0,
507648,352,113,13,23,2024-09-18,2024-09-26,4,236.79,15,cash,Online,completed,64.17,Customer requested callback
505876,193,21,32,3,2024-03-09,2024-03-15,1,670.61,25,Credit Card,Online,Returned,86.61,Customer requested callback
505587,898,95,9,5,2024-01-11,2024-01-17,5,693.06,5,NEFT,In-Store,Pending,0,Bulk order - verify stock
501703,134,36,39,10,2025-01-27,2025-01-29,0,441.46,25,Net Banking,In-Store,COMPLETED,0,
504775,432,109,18,13,2024-10-18,2024-10-26,3,498.38,30,Net Banking,Online,Retuned,116.85,Bulk order - verify stock
503696,81,122,12,15,2025-02-17,2025-02-22,4,167,5,Upi,Online,completed,64.77,
506107,114,24,24,16,2024-08-07,2024-08-15,7,4884.15,30,upi,In-Store,Completed,0,Urgent delivery requested
504099,715,115,37,23,2024-11-27,2024-12-04,5,335.77,30,U.P.I,Online,Returned,141.32,
504985,415,6,9,7,2024-04-01,2024-04-06,6,1801.72,5,upi,In-Store,completed,0,
508134,673,84,26,24,2026-04-17,2026-04-19,4,708.01,10,net banking,In-Store,COMPLETED,0,
506986,804,97,11,5,2025-01-29,2025-02-06,2,1840.47,25,NEFT,In-Store,Completed,0,
500549,737,19,10,13,2026-05-02,2026-05-09,1,2627.18,5,CASH,In-Store,Completed,0,Urgent delivery requested
503733,487,10,15,11,2025-02-10,2025-02-18,3,761.16,10,Cash,Online,completed,69.12,
505564,712,38,26,6,2026-02-23,2026-02-26,8,314.86,30,Cash,Online,completed,109.55,Bulk order - verify stock
501597,802,23,31,20,2024-03-07,2024-03-12,2,1987.02,5,cash,In-Store,completed,0,Bulk order - verify stock
506911,975,102,22,2,2025-07-05,2025-07-12,1,997.22,10,Net Banking,In-Store,completed,0,Gift wrap requested
501425,101,24,21,15,2025-01-20,2025-01-27,1,4660.55,20,Cash,Online,COMPLETED,37.61,Corporate order
507099,564,20,5,4,2025-12-12,2025-12-18,5,3195.22,10,CASH,In-Store,completed,0,
506248,675,38,13,4,2025-02-22,2025-02-25,8,313.31,20,card,Online,completed,92.32,
501382,923,97,12,18,2024-11-19,2024-11-28,7,1886.69,10,cash,Online,COMPLETED,88.5,Bulk order - verify stock
502530,104,53,5,10,2026-04-01,2026-04-09,2,270.91,25,NetBanking,Online,Compeleted,86.52,Corporate order
500826,542,21,11,22,2026-03-11,2026-03-19,4,644.69,0,Debit Card,Online,Returned,31.42,
501895,187,100,17,13,2024-01-27,2024-01-31,3,497.73,5,card,In-Store,completed,0,
509353,984,60,14,12,2025-10-17,2025-10-25,7,1675.19,10,NetBanking,Online,COMPLETED,49.41,
509781,400,98,38,18,2025-07-07,,6,2054.52,25,CASH,Online,Completed,90.09,Loyalty discount applied manually
506569,491,84,9,15,2025-03-06,2025-03-14,7,715.52,5,CARD,Online,COMPLETED,41.9,Bulk order - verify stock
508097,162,30,34,4,2026-01-11,2026-01-12,6,2736.07,25,Debit Card,In-Store,completed,0,
507435,155,34,10,16,2024-01-04,2024-01-06,5,153.17,15,cash,Online,completed,97.27,
508040,415,60,38,15,2025-06-05,2025-06-08,9,1608.62,30,U.P.I,In-Store,completed,0,
503631,474,90,8,7,2025-09-29,2025-09-30,1,1579.69,10,cash,Online,Completed,119.57,Gift wrap requested
509379,375,76,25,1,2026-05-10,2026-05-14,3,1702.6,30,Card,In-Store,Canceled,0,Bulk order - verify stock
502460,734,18,4,16,2024-03-30,2024-04-07,3,879.73,30,net banking,Online,Pending,75.32,Corporate order
508797,590,118,33,9,2024-12-05,2024-12-11,3,458.53,30,Net Banking,In-Store,Returned,0,
503809,73,69,39,19,2024-04-28,2024-05-05,5,1060.79,10,Net Banking,Online,Canceled,137.76,
503505,536,106,4,6,2025-01-28,2025-01-23,5,723.13,10,U.P.I,In-Store,Compeleted,0,Gift wrap requested
504776,766,79,30,6,2026-05-10,2026-05-17,7,1221.61,5,CASH,Online,COMPLETED,99.61,
501458,326,88820,29,3,2025-08-22,2025-08-23,4,2766.37,25,NEFT,In-Store,Compeleted,0,Loyalty discount applied manually
509540,445,23,18,21,2025-09-28,2025-10-02,8,2107.87,5,UPI,Online,COMPLETED,129.19,
500837,153,69,28,1,2024-01-13,2024-01-22,2,1095.04,30,CARD,Online,Pending,98.4,Urgent delivery requested
503861,859,112,31,4,2025-02-28,2025-03-08,10,572.6,0,NetBanking,Online,Completed,79.2,
501985,540,8,15,24,2024-10-17,2024-10-20,6,2573.09,20,Card,Online,Compeleted,132.41,
501563,427,56,31,7,2024-10-12,2024-10-16,2,890.37,15,Cash,In-Store,Completed,0,Bulk order - verify stock
509699,164,51,26,24,2025-11-21,2025-11-28,2,374.25,25,UPI,In-Store,COMPLETED,0,
503152,270,99,40,16,2026-05-01,2026-05-04,4,952.46,10,Cash,Online,Returned,105.83,Loyalty discount applied manually
508086,56,103,7,22,2025-08-26,2025-08-29,6,592.32,0,Net Banking,Online,Completed,61.08,
504754,721,15,2,6,2025-12-07,2025-12-16,5,1736.86,25,CASH,Online,completed,101.96,Customer requested callback
500767,309,89,28,13,2025-09-13,2025-09-14,6,1879.14,40,Cash,In-Store,completed,0,
502129,999012,6,17,12,2024-10-16,2024-10-17,3,1670.4,5,Card,Online,COMPLETED,77.35,Urgent delivery requested
501290,174,97,37,9,2026-04-11,2026-04-15,7,1739.59,5,net banking,In-Store,COMPLETED,0,Loyalty discount applied manually
504446,725,126,12,13,2026-05-18,2026-05-26,9,556.52,25,cash,In-Store,Retuned,0,Urgent delivery requested
502704,38,90,7,6,2025-01-04,2025-01-09,4,1522.78,15,UPI,Online,Cancelled,104.6,
508926,401,31,21,23,2025-05-09,2025-05-12,8,167.8,20,Net Banking,Online,returned,60.95,
500467,658,99,39,4,2025-04-03,2025-04-11,10,1001.44,20,NetBanking,Online,completed,91.49,
504585,561,6,26,4,2024-03-28,2024-03-31,3,1751.41,15,upi,Online,Completed,98.24,Customer requested callback
505070,194,50,36,20,2025-09-11,2025-09-18,5,300.4,20,UPI,Online,COMPLETED,130.59,Bulk order - verify stock
509344,679,90,32,22,2024-12-16,2024-12-24,2,1550.31,25,CARD,Online,Canceled,65.34,
502001,670,10,27,5,2026-01-11,2026-01-18,10,755.56,20,CASH,In-Store,Returned,0,
507543,833,54,37,15,2026-05-01,2026-05-03,6,317.66,10,upi,Online,completed,116.01,
503302,632,34,3,24,2025-07-16,2025-07-24,5,154.47,20,NEFT,In-Store,completed,0,
500210,632,70,10,5,2025-08-14,2025-08-22,8,1971.72,10,Credit Card,Online,Completed,82.62,
504005,487,76,35,14,2024-03-31,2024-04-07,6,1676.6,30,card,In-Store,Compeleted,0,Gift wrap requested
506588,128,109,19,15,2026-06-20,2026-06-22,6,476.43,25,card,In-Store,Completed,0,Corporate order
501556,164,83,27,18,2026-06-14,2026-06-17,10,2320.39,30,Credit Card,Online,returned,38.66,Customer requested callback
503474,309,66,28,18,2024-05-16,,9,1770.06,10,CASH,In-Store,completed,0,Corporate order
502241,374,3,34,20,2025-04-01,2025-04-05,5,4728.82,15,Cash,In-Store,COMPLETED,0,
503588,477,17,38,4,2026-04-08,2026-04-15,8,4035.43,25,Upi,Online,Compeleted,50.91,Customer requested callback
508577,39,111,2,2,2025-08-18,2025-08-22,8,684.33,0,cash,In-Store,COMPLETED,0,Urgent delivery requested
505974,543,77,3,1,2025-01-18,2025-01-23,1,1519.19,10,net banking,Online,COMPLETED,129.41,
501394,247,112,14,13,2025-07-14,2025-07-22,10,578.03,25,upi,Online,Completed,60.42,Urgent delivery requested
504136,86,124,23,8,2025-09-29,2025-10-06,5,280.89,25,CARD,In-Store,Compeleted,0,Corporate order
507286,601,37,15,17,2025-07-03,2025-07-08,3,192.91,25,NEFT,Online,Returned,140.63,Gift wrap requested
504852,361,108,35,18,2025-04-18,2025-04-23,8,173.9,20,Cash,In-Store,Compeleted,0,Loyalty discount applied manually
507610,607,57,40,14,2025-02-23,2025-03-02,0,1366.03,15,Card,Online,COMPLETED,94.03,
500200,604,99,36,22,2025-04-10,2025-04-15,7,964.37,0,Net Banking,In-Store,Compeleted,0,
501841,856,75,13,6,2025-09-06,2025-09-10,2,1255.95,30,cash,Online,Compeleted,75.26,
503636,322,103,20,21,2025-08-23,2025-09-01,9,612.22,20,Upi,In-Store,Compeleted,0,Urgent delivery requested
509355,387,12,13,23,2024-02-16,2024-02-25,1,455.06,10,UPI,Online,returned,95.37,
507507,880,99,17,19,2026-05-20,2026-05-25,3,971.32,0,Card,Online,COMPLETED,126.66,
500846,25,38,6,21,2025-12-27,2026-01-01,9,312.69,5,net banking,Online,completed,40.69,
500194,263,26,23,19,2025-06-28,2025-06-30,4,3087.34,15,NetBanking,Online,Completed,124.74,
502024,193,85,38,10,2024-07-26,2024-08-03,6,894.38,5,Debit Card,In-Store,completed,0,Gift wrap requested
501467,209,90,9,10,2024-04-19,2024-04-24,1,1600.37,25,NEFT,Online,Compeleted,47.88,
503214,843,2,24,4,2025-01-10,2025-01-11,3,2819.86,30,NetBanking,Online,pending,102.94,
505608,344,93,39,8,2026-04-23,2026-04-29,10,400.55,30,NetBanking,In-Store,Compeleted,0,
505396,502,60,14,2,2025-01-11,2025-01-19,8,1655.52,25,Net Banking,In-Store,completed,0,
500303,724,70,1,15,2024-03-15,2024-03-20,10,1840.42,10,card,In-Store,completed,0,
507534,547,49,15,6,2024-12-26,2024-12-29,10,181.25,25,CARD,Online,COMPLETED,105.13,
506960,694,119,33,4,2025-08-27,2025-09-04,5,219.17,15,Cash,In-Store,Returned,0,Urgent delivery requested
502625,770,76,1,16,2024-11-19,,6,1663.68,20,card,In-Store,cancelled,0,
505784,262,107,36,14,2025-07-23,2025-07-26,2,388.18,25,cash,Online,Compeleted,63.99,Loyalty discount applied manually
503198,999018,20,5,15,2025-12-17,2025-12-18,9,3015.43,0,NetBanking,In-Store,Completed,0,Urgent delivery requested
503832,330,111,32,6,2024-03-19,2024-03-28,5,631.56,0,CASH,In-Store,Compeleted,0,
504799,941,126,5,6,2024-03-01,2024-03-02,7,611.08,15,UPI,Online,completed,-79.61,Customer requested callback
509615,770,7,12,17,2024-05-24,2024-06-02,5,736.69,5,Cash,Online,Completed,94.87,Loyalty discount applied manually
503374,610,48,8,12,2025-12-09,2025-12-14,3,130.41,5,cash,In-Store,Completed,0,Corporate order
506774,899,25,13,15,2024-10-12,2024-10-16,9,1480.26,5,Credit Card,Online,Compeleted,103.2,Gift wrap requested
506734,984,84,30,21,2025-03-07,2025-03-13,9,731.48,15,Upi,In-Store,completed,0,
504752,906,125,26,24,2025-11-30,2025-12-08,7,400.72,10,Cash,Online,Compeleted,93.7,Bulk order - verify stock
504742,358,78,3,2,2024-12-13,2024-12-18,5,493.75,45,net banking,Online,Compeleted,131.35,Customer requested callback
504997,146,111,33,5,2025-11-07,2025-11-08,10,665.59,25,U.P.I,Online,Returned,87.34,
509012,210,4,2,22,2024-01-05,2024-01-12,10,4434.44,15,Credit Card,Online,Retuned,124.69,
501292,557,37,32,12,2025-08-30,2025-09-05,10,198.58,5,CARD,Online,Completed,100.85,
503799,143,51,8,15,2025-08-05,2025-08-07,9,362.85,20,Upi,Online,Completed,111.38,
508691,456,42,31,7,2025-09-28,2025-09-29,7,85.32,30,CASH,Online,CANCELLED ,95.63,Loyalty discount applied manually
502443,451,62,26,7,2026-05-03,2026-05-11,5,901.43,25,net banking,Online,COMPLETED,114.29,Gift wrap requested
503990,849,86,35,13,2026-06-30,2026-07-03,3,466.37,30,Cash,Online,completed,36.79,
503681,495,60,18,1,2025-11-12,2025-11-19,2,1616.04,15,upi,Online,completed,37.74,
509528,961,15,25,15,2024-06-07,2024-06-08,2,1788.28,10,card,In-Store,Compeleted,0,
503817,524,123,1,19,2025-05-02,2025-05-03,8,407.77,0,Net Banking,In-Store,Completed,0,Customer requested callback
509254,968,121,20,5,2024-06-21,2024-06-27,10,501.83,5,upi,Online,returned,145.55,
500068,63,82,5,19,2024-02-29,2024-03-01,5,557.9,30,cash,Online,completed,128.27,
502599,266,79,27,24,2026-04-17,2026-04-23,4,1134.13,20,upi,In-Store,returned,0,
505053,244,4,1,8,2024-10-17,2024-10-24,4,4239.36,20,CASH,In-Store,Completed,0,Bulk order - verify stock
505340,662,4,12,13,2024-10-20,2024-10-22,4,4357.24,15,UPI,Online,completed,130.02,Loyalty discount applied manually
507697,663,6,36,6,2025-01-15,2025-01-23,2,1758.97,5,NetBanking,Online,Completed,138.65,Urgent delivery requested
509198,971,8,19,19,2026-05-06,2026-05-11,5,2812.58,20,Net Banking,Online,completed,119.98,Customer requested callback
504647,319,42,16,20,2025-07-26,2025-08-04,9,81.92,20,NEFT,In-Store,completed,0,
500415,692,21,10,15,2024-09-24,2024-09-29,4,651.2,5,cash,Online,COMPLETED,120.07,Bulk order - verify stock
506429,269,59,7,6,2024-03-25,2024-03-29,3,995.55,5,Card,Online,COMPLETED,75.02,Loyalty discount applied manually
507911,487,73,13,11,2025-08-15,2025-08-18,10,1127.08,10,Debit Card,In-Store,Completed,0,
500791,584,124,13,19,2024-05-14,2024-05-15,9,283.42,25,Upi,Online,Pending,34.42,Bulk order - verify stock
502836,685,118,28,15,2025-01-01,2025-01-07,10,464.24,0,Credit Card,In-Store,COMPLETED,0,
500024,575,15,6,3,2025-04-23,2025-04-26,9,1830.93,0,NEFT,In-Store,COMPLETED,0,
501011,277,23,7,12,2026-01-05,2026-01-09,6,1995.89,5,NetBanking,In-Store,CANCELLED ,0,Gift wrap requested
502832,144,113,39,4,2026-06-01,2026-06-08,8,229.13,30,UPI,In-Store,Canceled,0,
507582,332,74,11,21,2026-04-27,2026-04-30,8,1311.19,5,CASH,In-Store,Completed,0,
505034,775,44,34,17,2024-08-15,2024-08-20,7,420.42,10,Credit Card,Online,COMPLETED,141.53,
501950,193,120,27,12,2025-06-04,2025-06-08,5,160.77,25,CARD,In-Store,completed,0,Loyalty discount applied manually
509230,224,46,22,5,2026-01-06,2026-01-11,7,315.91,25,CASH,In-Store,COMPLETED,0,Gift wrap requested
500730,343,65,29,20,2025-03-09,2025-03-14,8,1529.75,0,UPI,Online,Compeleted,82.58,
507709,86,109,12,6,2026-05-30,2026-06-03,8,491.6,5,NetBanking,In-Store,Compeleted,0,
505600,885,109,31,6,2025-07-12,2025-07-20,1,490.68,0,Net Banking,Online,Returned,148.2,
500086,247,57,34,5,2024-12-12,2024-12-20,6,1421.51,25,upi,Online,Completed,58.91,
502825,809,118,1,19,2026-05-29,,8,457.39,20,card,In-Store,Retuned,0,
501818,606,85,37,19,2026-02-19,2026-02-20,10,900.37,25,Upi,In-Store,Completed,0,Corporate order
504239,782,38,31,19,2025-05-07,2025-05-13,10,311.11,10,Card,Online,Completed,37.73,
504053,177,126,12,12,2025-05-20,2025-05-21,5,580.47,30,cash,In-Store,COMPLETED,0,
500661,113,78,37,9,2026-05-25,2026-06-03,2,493.96,0,upi,In-Store,Compeleted,0,
500915,891,14,28,20,2026-06-04,2026-06-08,4,5164.72,20,CARD,Online,COMPLETED,138.66,
505083,849,109,2,20,2026-01-28,2026-02-02,8,499.75,15,CASH,Online,Completed,110.92,
506141,279,46,16,13,2024-12-02,2024-12-03,7,331.02,25,upi,In-Store,COMPLETED,0,Loyalty discount applied manually
509634,84,52,7,22,2025-04-07,2025-04-12,2,380.07,30,CASH,Online,returned,86.45,Urgent delivery requested
501084,389,60,4,21,2025-08-30,2025-09-07,2,1673.95,20,Upi,In-Store,Returned,0,
503240,479,66,13,23,2025-05-09,2025-05-15,7,1910.18,10,Debit Card,Online,completed,123.21,Bulk order - verify stock
507902,289,35,10,11,2025-05-08,2025-05-12,3,182.82,30,Net Banking,Online,COMPLETED,120.28,
500015,419,102,3,24,2025-09-24,2025-09-28,9,974.26,15,Card,Online,completed,66.13,Urgent delivery requested
509521,257,28,22,2,2026-01-24,2026-01-30,10,3724.7,20,upi,In-Store,Compeleted,0,
501126,802,119,2,23,2024-06-21,2024-06-25,7,221.58,0,Net Banking,Online,COMPLETED,43.19,Corporate order
501150,154,21,7,1,2025-07-16,2025-07-18,2,667.93,20,U.P.I,In-Store,CANCELLED ,0,
508485,473,112,32,20,2025-10-14,2025-10-20,5,532.87,10,CARD,In-Store,completed,0,
508384,62,85,28,21,2024-12-08,2024-12-11,10,893.47,20,CARD,In-Store,pending,0,Customer requested callback
501310,502,113,10,13,2024-07-05,2024-07-09,5,236.42,25,U.P.I,Online,completed,124.16,
505147,881,93,9,17,2025-12-16,2025-12-17,6,379.78,40,CARD,In-Store,Retuned,0,Urgent delivery requested
504160,726,80,11,7,2026-01-13,2026-01-21,9,1349.44,20,Upi,Online,Compeleted,145.62,Bulk order - verify stock
502381,390,6,31,6,2026-02-01,,3,1704.42,5,NetBanking,Online,Compeleted,37.46,
505540,804,35,8,13,2024-10-29,2024-11-02,9,175.78,30,cash,Online,COMPLETED,141.22,
506894,647,55,31,13,2024-03-14,2024-03-17,5,1707.13,15,Cash,Online,COMPLETED,78.97,
509045,499,33,34,24,2025-06-08,2025-06-16,6,380.62,20,Debit Card,Online,Completed,95.4,Loyalty discount applied manually
502480,494,105,19,20,2025-04-30,2025-05-09,5,457.67,15,U.P.I,In-Store,completed,0,
502768,700,22,34,24,2025-03-23,2025-03-28,6,1319.24,5,Debit Card,In-Store,COMPLETED,0,
503730,454,68,28,4,2025-11-18,2025-11-21,1,378.44,15,NetBanking,Online,Retuned,39.55,
501356,284,39,28,23,2024-03-11,2024-03-15,2,494,10,CARD,Online,Compeleted,-20.75,
505057,814,10,13,18,2026-03-25,2026-04-01,6,751.83,20,cash,Online,COMPLETED,100.63,
504650,107,46,15,23,2025-09-22,2025-09-23,7,332.56,0,U.P.I,In-Store,completed,0,Loyalty discount applied manually
509645,274,45,35,9,2026-02-17,2026-02-26,5,155.2,15,cash,In-Store,COMPLETED,0,
505960,682,5,32,7,2024-09-11,2024-09-18,5,3612.49,15,card,In-Store,Compeleted,0,
507506,693,22,25,12,2025-11-06,2025-11-08,6,1319.76,0,Net Banking,In-Store,Returned,0,
504590,975,22,36,10,2024-02-14,2024-02-23,7,1333.95,10,NEFT,Online,Compeleted,81.71,Loyalty discount applied manually
503571,800,110,36,16,2025-04-19,2025-04-20,2,239.9,5,cash,Online,Retuned,102.46,Urgent delivery requested
501064,101,6,34,5,2025-05-20,2025-05-21,4,1631.91,5,NetBanking,Online,Compeleted,31.46,Loyalty discount applied manually
500054,464,94,39,3,2026-04-27,2026-05-03,0,1398.55,15,Card,In-Store,COMPLETED,0,Gift wrap requested
503915,487,3,14,4,2025-01-16,,5,4621.39,5,NEFT,Online,returned,114.25,
500972,752,80,6,15,2024-06-07,2024-06-12,9,1339.12,35,Debit Card,In-Store,Compeleted,0,Gift wrap requested
509069,902,100,21,8,2025-07-30,2025-08-04,1,525.8,5,Debit Card,In-Store,completed,0,
504352,293,96,34,12,2026-01-20,2026-01-21,4,1929.75,20,CARD,In-Store,Retuned,0,Corporate order
509049,303,18,29,1,2025-04-16,2025-04-24,3,880.64,0,upi,Online,Completed,136.04,
507427,98,83,21,3,2025-04-08,2025-04-14,2,2326.59,25,net banking,Online,Completed,102.46,Customer requested callback
508115,195,95,27,5,2024-05-11,2024-05-14,1,671.98,5,UPI,Online,completed,93.06,
501103,872,38,9,21,2025-06-02,2025-06-06,8,302.73,20,Net Banking,In-Store,Returned,0,
507684,665,39,12,23,2025-02-26,2025-03-04,6,497.49,5,NEFT,Online,Completed,72.1,Loyalty discount applied manually
504861,742,88815,12,11,2026-01-12,2026-01-20,9,515.93,10,UPI,In-Store,PENDING,0,Customer requested callback
505377,848,75,40,7,2025-12-27,2025-12-28,4,1256.29,5,UPI,In-Store,COMPLETED,0,
504638,974,14,29,20,2025-10-07,2025-10-06,9,4792.71,40,NEFT,In-Store,Cancelled,0,
506923,824,84,20,14,2025-10-30,2025-10-31,0,704.9,40,Upi,Online,COMPLETED,35.41,
504542,47,115,32,9,2024-04-18,2024-04-20,5,340.53,20,Credit Card,In-Store,Compeleted,0,Customer requested callback
502802,748,46,1,20,2025-09-30,2025-10-07,9,315.99,35,Cash,Online,Compeleted,53.69,
504781,419,116,33,16,2026-04-21,2026-04-29,2,198.39,30,card,In-Store,COMPLETED,0,Gift wrap requested
506786,574,98,2,10,2025-02-04,2025-02-09,5,2017.13,15,CASH,In-Store,COMPLETED,0,
503671,,102,22,4,2025-12-05,2025-12-09,3,976.98,30,Debit Card,Online,Retuned,124.12,
506601,363,44,29,19,2025-11-21,2025-11-24,3,416.9,5,NetBanking,Online,completed,137.64,Gift wrap requested
504302,838,72,20,20,2024-02-28,2024-03-05,10,1277.4,10,Card,Online,Completed,135.69,Urgent delivery requested
502714,122,43,38,6,2025-03-10,2025-03-14,6,298.93,10,CASH,In-Store,completed,0,
503426,859,50,14,17,2025-07-30,2025-08-05,1,277.74,15,U.P.I,In-Store,completed,0,Loyalty discount applied manually
501197,784,38,18,5,2024-06-24,2024-06-26,6,311.92,0,net banking,In-Store,completed,0,Bulk order - verify stock
507765,516,84,38,13,2024-08-26,2024-09-01,6,746.38,15,Credit Card,In-Store,COMPLETED,0,
509225,683,75,11,5,2024-11-10,2024-11-15,7,1218.06,0,NetBanking,Online,completed,142.87,
509103,550,42,4,7,2025-12-21,2025-12-23,4,83.87,15,Card,Online,completed,95.78,
507198,471,8,16,14,2025-04-28,,4,2557.97,25,Upi,Online,completed,125.83,Bulk order - verify stock
500623,210,72,30,13,2024-02-02,2024-02-03,9,1288.12,10,U.P.I,Online,COMPLETED,107.57,Bulk order - verify stock
504252,675,95,8,19,2025-04-11,2025-04-19,1,637.62,15,Net Banking,Online,COMPLETED,108.82,
503731,460,41,36,18,2025-01-19,2025-01-15,7,232.13,0,Cash,In-Store,COMPLETED,0,
505480,89,91,5,3,2024-12-26,2024-12-28,8,486.13,15,Card,In-Store,PENDING,0,
507049,222,113,27,10,2024-04-26,2024-04-28,1,240.29,0,UPI,Online,COMPLETED,53.83,
503444,133,93,28,1,2025-10-18,2025-10-22,10,392.76,30,Debit Card,Online,Canceled,40.34,
506298,599,80,19,19,2025-03-23,,3,1369.46,20,NetBanking,Online,COMPLETED,31.48,Urgent delivery requested
501048,340,1,27,10,2025-01-05,2025-01-07,1,2911.02,25,NEFT,Online,CANCELLED ,89.63,
509233,937,12,40,5,2024-08-16,2024-08-20,9,461.8,5,CASH,Online,completed,128.89,
501189,545,25,35,18,2026-06-02,2026-06-08,5,1403.49,10,Debit Card,Online,Cancelled,76.07,
505760,362,29,13,20,2025-07-16,2025-07-21,9,2993.38,5,Card,Online,Canceled,144.75,
503929,502,36,29,19,2026-03-18,2026-03-21,2,436.01,15,Net Banking,In-Store,PENDING,0,
509486,253,114,9,9,2025-04-25,2025-04-27,5,194.95,5,NetBanking,In-Store,Canceled,0,Corporate order
504227,207,80,37,7,2025-06-03,2025-06-12,10,1413.74,30,Upi,Online,Retuned,84.91,
504655,478,35,5,7,2026-02-22,2026-02-26,6,190.19,20,NEFT,In-Store,completed,0,
501395,130,61,39,9,2025-04-23,2025-04-29,6,1130.57,25,Card,Online,COMPLETED,86.13,Gift wrap requested
507457,244,85,17,5,2026-06-07,2026-06-09,2,883.41,30,CASH,Online,Completed,86.51,Corporate order
503056,889,64,34,24,2025-10-20,2025-10-21,1,1331.21,25,NetBanking,In-Store,COMPLETED,0,Corporate order
501670,571,50,7,10,2025-06-22,2025-06-28,8,282.13,30,Net Banking,In-Store,Completed,0,
509651,213,51,34,9,2024-09-15,2024-09-20,8,371.47,25,UPI,Online,Compeleted,94.57,Urgent delivery requested
507751,919,20,28,4,2025-01-02,2025-01-06,8,3041.81,5,CASH,Online,Compeleted,44.3,Customer requested callback
502072,722,2,36,9,2024-04-24,2024-05-01,4,2882.75,25,Debit Card,In-Store,Compeleted,0,Loyalty discount applied manually
503847,412,89,31,7,2025-01-08,2025-01-16,8,1822.6,20,Net Banking,In-Store,returned,0,Urgent delivery requested
502047,813,93,29,12,2025-07-26,2025-07-30,1,382.1,15,Card,In-Store,COMPLETED,0,Gift wrap requested
505583,732,117,3,21,2025-04-28,2025-05-06,8,274.72,0,net banking,In-Store,Completed,0,
506780,613,125,36,21,2025-12-11,2025-12-19,7,395.13,10,CASH,In-Store,Completed,0,
503126,493,90,5,22,2024-10-05,2024-10-07,9,1574.17,10,cash,Online,PENDING,120.43,Bulk order - verify stock
504548,827,118,36,5,2026-02-07,2026-02-08,10,442.21,5,CARD,In-Store,COMPLETED,0,Urgent delivery requested
505526,732,95,8,4,2026-02-02,2026-02-07,7,686.97,25,Upi,In-Store,Returned,0,
503047,530,82,17,23,2026-02-15,2026-02-19,6,540.83,20,Debit Card,In-Store,COMPLETED,0,
506428,669,111,3,7,2024-08-11,2024-08-18,3,670.11,0,NetBanking,Online,COMPLETED,35.48,Bulk order - verify stock
509393,712,50,8,6,2024-12-13,2024-12-21,6,278.68,0,Cash,Online,pending,108.65,Bulk order - verify stock
507954,111,47,6,1,2024-05-05,2024-05-06,2,115.98,20,net banking,In-Store,Canceled,0,
500703,734,64,23,23,2025-05-20,2025-05-23,6,1345.31,30,Upi,In-Store,Pending,0,Gift wrap requested
503235,607,57,21,21,2024-03-18,2024-03-25,2,1328.56,5,cash,In-Store,completed,0,
500737,630,23,1,8,2026-04-25,2026-05-04,4,2072.07,25,Card,In-Store,pending,0,
501358,65,88,22,23,2026-03-12,2026-03-21,5,699.17,25,Credit Card,In-Store,Completed,0,Gift wrap requested
508374,889,79,34,9,2025-02-25,2025-02-27,4,1171.74,5,card,In-Store,completed,0,
505978,988,83,6,11,2025-03-13,2025-03-15,6,2393.3,5,CASH,In-Store,Compeleted,0,Corporate order
508897,43,56,20,1,2024-09-09,2024-09-12,8,964.23,10,Net Banking,Online,Completed,122.03,Gift wrap requested
501171,647,74,27,15,2026-02-06,2026-02-14,7,1308.41,0,NetBanking,In-Store,completed,0,
501474,460,70,10,1,2024-12-12,2024-12-18,3,1878.4,5,NEFT,Online,Completed,136.04,
508825,791,18,8,20,2024-11-07,2024-11-13,8,930.81,20,NetBanking,Online,Returned,84.24,Customer requested callback
505470,971,94,16,16,2024-07-22,2024-07-24,8,1378.12,20,CARD,In-Store,returned,0,Gift wrap requested
500679,916,21,17,17,2024-12-30,2025-01-05,3,647.9,30,U.P.I,In-Store,COMPLETED,0,Gift wrap requested
507111,98,104,33,7,2024-01-28,2024-01-31,8,402.56,35,CARD,Online,Canceled,120.62,
501619,855,1,15,5,2025-11-23,2025-12-01,2,2819.68,5,net banking,Online,completed,94.93,Corporate order
508331,912,58,34,2,2025-12-10,,8,1899.93,25,card,In-Store,Compeleted,0,Gift wrap requested
505342,508,54,37,3,2024-09-02,2024-09-06,9,327.46,15,NEFT,In-Store,Completed,0,
505763,9,49,7,8,2024-08-14,2024-08-22,6,186.41,20,net banking,In-Store,completed,0,
500507,628,72,20,15,2025-03-16,2025-03-19,5,1286.91,10,CASH,In-Store,completed,0,Bulk order - verify stock
506764,827,108,17,7,2025-01-26,2025-01-30,8,174.4,5,NEFT,Online,Retuned,134.38,
503574,387,43,16,9,2024-04-11,2024-04-17,6,314.59,30,NetBanking,Online,completed,61.02,
505541,256,125,3,12,2026-02-14,2026-02-21,7,413.31,5,NetBanking,Online,Compeleted,88.01,Customer requested callback
506871,834,112,13,7,2025-05-14,2025-05-23,4,541.35,10,NEFT,Online,completed,73.54,
503121,875,97,36,13,2024-08-08,2024-08-14,7,1841.98,10,CARD,In-Store,COMPLETED,0,Loyalty discount applied manually
508057,679,19,10,21,2026-01-22,2026-01-23,7,2550.86,10,upi,In-Store,completed,0,Customer requested callback
507243,669,77,11,21,2026-05-19,2026-05-20,7,1492.16,30,Cash,In-Store,returned,0,
500179,184,49,40,17,2024-01-05,2024-01-08,8,172.3,25,card,Online,Canceled,44.5,
500603,765,80,29,19,2024-08-15,2024-08-16,9,1403.45,5,card,Online,Retuned,57.14,
504235,340,21,39,16,2024-06-12,2024-06-21,9,645.01,30,card,Online,Completed,71.35,
500284,541,95,29,13,2024-07-23,2024-08-01,8,702.66,20,Net Banking,Online,Completed,48.2,
504791,460,121,15,8,2026-03-23,2026-03-31,4,498.81,10,U.P.I,Online,COMPLETED,59.28,Bulk order - verify stock
508201,469,2,36,11,2026-01-24,2026-01-29,3,2963.94,15,CASH,In-Store,COMPLETED,0,Urgent delivery requested
508922,69,72,19,4,2024-07-14,2024-07-19,9,1277.95,10,cash,In-Store,Returned,0,
506068,769,34,8,10,2024-02-27,2024-03-07,2,153.69,20,net banking,In-Store,CANCELLED ,0,Gift wrap requested
503645,774,106,10,10,2025-06-14,2025-06-20,9,695.05,5,card,In-Store,COMPLETED,0,Corporate order
509061,137,37,25,5,2026-05-04,2026-05-06,9,203.85,20,net banking,In-Store,Cancelled,0,Urgent delivery requested
500050,547,28,25,7,2025-07-24,2025-07-30,1,3895.16,15,Cash,Online,Compeleted,69.23,Corporate order
504806,184,62,28,11,2025-05-07,2025-05-09,5,904.34,45,CASH,Online,Compeleted,77.09,
502770,774,29,3,14,2024-05-29,2024-06-04,4,2835.84,25,CARD,Online,Completed,74.48,Bulk order - verify stock
502540,408,126,21,21,2025-10-30,2025-11-06,8,577.24,25,Debit Card,Online,Returned,95.91,Customer requested callback
500346,124,2,4,3,2025-06-12,2025-06-21,5,2838.89,35,CASH,In-Store,Returned,0,
507583,575,66,3,21,2025-03-10,,3,1843.65,30,Credit Card,In-Store,pending,0,Gift wrap requested
501833,762,45,39,9,2024-02-16,2024-02-22,1,158.42,5,Credit Card,Online,Completed,93.8,Loyalty discount applied manually
507897,180,80,14,7,2025-09-13,2025-09-17,4,1326.6,10,upi,Online,Completed,62.04,
504864,134,55,37,15,2024-03-11,2024-03-13,2,1772.15,25,Upi,Online,completed,132.99,
506852,177,92,38,16,2024-08-03,2024-08-12,7,1899.08,25,CASH,In-Store,COMPLETED,0,
509850,927,3,38,5,2024-01-24,2024-01-31,9,4466.59,0,NetBanking,Online,completed,98.41,
507748,63,46,5,24,2024-04-28,2024-04-29,7,304.98,5,Upi,In-Store,PENDING,0,
505944,353,6,35,22,2025-02-20,2025-02-24,2,1696.69,0,cash,Online,COMPLETED,62.29,
503586,575,81,28,2,2026-01-09,2026-01-15,3,1708.13,30,Debit Card,In-Store,Completed,0,
507311,174,6,20,19,2025-08-18,2025-08-19,8,1717.45,30,Card,Online,COMPLETED,65.73,Gift wrap requested
503457,939,125,6,6,2026-05-24,2026-06-02,8,399.29,5,Net Banking,In-Store,Completed,0,
505780,,113,30,14,2024-07-27,2024-07-29,2,238.5,20,NEFT,Online,Retuned,120.02,Urgent delivery requested
508398,253,38,31,4,2025-01-24,2025-02-01,8,305.13,25,cash,Online,Completed,66.81,Corporate order
504211,456,102,2,20,2024-12-19,2024-12-21,2,992.22,0,Upi,Online,completed,91.54,Urgent delivery requested
504615,771,107,7,9,2024-04-10,2024-04-17,9,359.54,10,Cash,In-Store,Returned,0,Loyalty discount applied manually
501046,940,118,15,9,2026-05-12,2026-05-15,2,466.36,10,cash,In-Store,PENDING,0,
506356,77,85,26,21,2025-04-19,2025-04-28,1,896.52,25,Upi,Online,completed,130.65,
509350,409,64,33,10,2024-05-31,2024-06-01,5,1394.27,30,Cash,In-Store,Completed,0,Customer requested callback
507607,191,101,20,10,2024-06-28,2024-07-06,4,2175.9,10,net banking,Online,completed,112.38,
509041,101,104,27,23,2024-05-22,2024-05-17,1,373.35,40,NetBanking,Online,Completed,81.68,Bulk order - verify stock
500143,751,60,32,21,2025-11-06,2025-11-13,10,1675.99,15,U.P.I,In-Store,COMPLETED,0,Gift wrap requested
509247,589,47,25,23,2025-02-05,,3,112.68,15,U.P.I,Online,Completed,107.67,Urgent delivery requested
506602,872,62,3,21,2025-09-13,2025-09-15,2,908.36,10,Upi,Online,Completed,103.54,Urgent delivery requested
505013,593,22,9,14,2024-05-23,2024-05-26,5,1344.16,20,CASH,Online,completed,80.5,
502986,708,28,17,13,2026-05-08,2026-05-14,1,3750.82,20,net banking,In-Store,Completed,0,
503717,434,68,5,23,2024-01-02,2024-01-11,2,368.19,10,NetBanking,In-Store,Retuned,0,
503872,437,18,4,10,2024-10-28,2024-10-30,2,876.34,15,Card,Online,COMPLETED,80.42,
501901,900,50,5,11,2025-06-30,2025-07-02,2,291.14,0,upi,Online,Retuned,136.76,
501846,175,105,14,24,2025-03-02,2025-03-04,2,462.1,15,net banking,Online,COMPLETED,100.05,Loyalty discount applied manually
505004,117,119,31,24,2024-08-27,2024-09-04,1,225.02,0,Net Banking,In-Store,completed,0,
505822,693,45,9,12,2025-05-19,2025-05-28,4,161.1,5,Upi,In-Store,COMPLETED,0,
508667,473,43,36,23,2024-01-07,2024-01-08,4,295.12,10,Net Banking,Online,COMPLETED,135.04,
501428,824,88,36,24,2025-11-24,2025-11-29,4,727.64,30,UPI,Online,returned,135.06,
501475,624,111,21,20,2024-12-20,2024-12-27,4,632.54,30,upi,In-Store,Completed,0,
502258,178,30,6,14,2026-01-03,2026-01-07,4,2791.49,0,U.P.I,In-Store,Returned,0,
504125,857,108,29,5,2025-02-16,2025-02-18,5,168.01,5,card,Online,Compeleted,90.04,
505136,208,14,29,10,2025-10-17,2025-10-25,3,5210.31,25,Credit Card,Online,COMPLETED,35.23,Loyalty discount applied manually
508067,794,77,38,2,2025-03-12,2025-03-16,2,1386.1,30,U.P.I,Online,Compeleted,79.93,Gift wrap requested
508685,371,77,18,23,2025-01-21,2025-01-22,8,1402.74,30,Credit Card,In-Store,Retuned,0,
507663,604,89,10,7,2026-06-23,2026-06-25,8,1864.67,30,net banking,Online,Returned,104.04,
503263,529,108,15,22,2024-03-08,2024-03-09,3,176.33,25,UPI,In-Store,cancelled,0,Customer requested callback
504780,348,81,40,24,2024-05-24,2024-05-26,9,1868.72,20,cash,Online,Completed,84.3,
509690,17,49,38,11,2025-12-21,2025-12-29,9,179.74,10,Credit Card,In-Store,Completed,0,
507469,441,5,31,20,2024-05-08,2024-05-12,9,3616.95,15,Cash,Online,PENDING,66.93,
501263,713,55,13,8,2024-01-14,2024-01-20,7,1619.22,25,net banking,Online,CANCELLED ,69.57,Gift wrap requested
508939,719,14,9,4,2026-04-17,2026-04-26,9,5137.62,25,Upi,In-Store,Completed,0,
501952,563,7,21,20,2024-08-12,2024-08-17,6,723.92,30,Card,Online,COMPLETED,130.89,
503496,355,53,17,8,2025-04-05,2025-04-14,8,291.09,30,CARD,In-Store,cancelled,0,Urgent delivery requested
502142,618,59,31,8,2024-12-05,2024-12-10,7,1075.08,5,NetBanking,In-Store,Compeleted,0,
500513,,114,40,21,2024-05-10,2024-05-19,1,187.62,10,Credit Card,In-Store,COMPLETED,0,
502335,645,52,4,6,2026-01-08,2026-01-16,4,369.86,30,CASH,In-Store,Compeleted,0,Gift wrap requested
507928,377,12,7,21,2025-02-04,2025-02-12,9,460.94,30,Card,In-Store,Returned,0,
503182,473,82,22,21,2024-10-15,2024-10-21,1,560.64,10,UPI,In-Store,Completed,0,
507227,37,78,3,16,2026-02-09,2026-02-16,8,491.56,25,CASH,In-Store,Returned,0,Loyalty discount applied manually
505171,467,88,32,3,2024-03-21,2024-03-30,4,741.05,10,Net Banking,In-Store,CANCELLED ,0,
501436,856,33,12,23,2025-07-24,2025-07-26,1,405.85,20,Card,Online,Compeleted,87.19,
505270,136,31,23,19,2026-05-21,2026-05-22,5,161.8,30,CASH,Online,COMPLETED,147.3,Corporate order
506012,868,91,11,21,2024-05-28,2024-05-29,9,486.04,10,CASH,In-Store,completed,0,Urgent delivery requested
508947,364,35,23,22,2024-01-10,2024-01-19,8,183.07,20,Net Banking,In-Store,completed,0,
507096,251,121,4,19,2024-10-20,2024-10-28,1,527.9,20,cash,In-Store,Compeleted,0,Loyalty discount applied manually
507539,521,19,29,1,2024-05-06,2024-05-11,4,2602.71,5,Cash,Online,completed,62.49,
502474,90,58,17,1,2024-08-27,2024-09-01,8,2051.61,30,CASH,In-Store,returned,0,Bulk order - verify stock
502679,97,27,40,14,2025-06-05,2025-06-14,1,3590.11,10,card,Online,cancelled,67.82,
504037,129,101,15,23,2025-05-14,2025-05-20,9,2239.31,15,Upi,Online,COMPLETED,47.36,Bulk order - verify stock
500463,561,85,28,20,2024-10-19,2024-10-28,5,941.14,25,upi,Online,COMPLETED,45.83,
508670,869,94,13,2,2025-02-15,2025-02-21,10,1327.11,20,NEFT,In-Store,COMPLETED,0,Customer requested callback
505950,421,60,4,17,2026-02-14,2026-02-15,8,1649.09,10,Card,In-Store,Compeleted,0,
507723,544,9,5,7,2024-03-31,2024-04-08,3,1177.95,5,CARD,Online,pending,65.34,
502406,441,110,8,5,2025-03-17,2025-03-20,6,233.51,25,U.P.I,Online,completed,97.64,
501719,787,23,5,15,2026-02-03,2026-02-05,1,1954.87,20,NEFT,Online,Pending,113.85,
507628,493,62,5,15,2024-11-17,2024-11-23,8,865.34,0,U.P.I,Online,Completed,48.67,
506707,707,115,20,10,2025-02-21,2025-03-02,6,329.55,10,card,In-Store,Canceled,0,
505005,717,118,15,10,2025-08-15,2025-08-24,9,465.67,10,UPI,Online,Completed,78.69,
507434,629,112,16,9,2025-05-20,2025-05-21,7,548.1,30,CASH,Online,Compeleted,90.05,Bulk order - verify stock
504011,968,102,23,7,2024-01-29,2024-01-31,3,986.66,10,card,In-Store,completed,0,Loyalty discount applied manually
508870,480,1,36,10,2025-06-25,2025-07-03,2,2767.05,10,NetBanking,Online,Completed,47.63,Customer requested callback
501885,537,114,9,11,2025-11-30,2025-12-03,3,200.47,20,CASH,Online,COMPLETED,107.66,Customer requested callback
506963,6,50,13,15,2024-01-05,2024-01-11,9,301.27,20,CASH,In-Store,Compeleted,0,Bulk order - verify stock
507053,981,5,3,6,2026-02-08,2026-02-12,3,3386.12,30,NEFT,Online,completed,50.81,
506386,311,7,31,3,2026-02-05,2026-02-12,5,729.19,15,Credit Card,In-Store,returned,0,
503774,946,79,4,3,2024-01-16,2024-01-22,10,1235.04,20,CASH,In-Store,Retuned,0,
505186,,43,38,16,2025-02-23,2025-02-24,10,297.29,15,Debit Card,Online,Retuned,44.76,Gift wrap requested
507597,551,35,5,1,2026-06-10,2026-06-19,3,184.64,5,cash,In-Store,COMPLETED,0,
504041,980,88,32,24,2024-05-18,2024-05-26,5,734.19,0,U.P.I,Online,COMPLETED,136.98,Corporate order
505787,701,79,33,8,2026-01-20,,3,1246.47,5,cash,Online,returned,128.49,Gift wrap requested
502115,755,91,7,24,2024-01-27,2024-01-30,6,510.22,20,cash,Online,PENDING,126.82,Gift wrap requested
503056,889,64,34,24,2025-10-20,2025-10-21,1,1331.21,25,NetBanking,In-Store,COMPLETED,0,Corporate order
501689,390,22,7,15,2025-04-30,2025-05-05,9,1342.24,20,UPI,Online,COMPLETED,141.25,
505249,475,123,38,20,2025-01-04,2025-01-09,9,408.58,0,Upi,Online,COMPLETED,37.65,
501004,500,104,36,16,2026-02-26,,5,402.56,0,CASH,In-Store,returned,0,
503406,933,33,4,4,2025-02-18,2025-02-25,3,407.16,20,Debit Card,Online,completed,117.58,Bulk order - verify stock
504822,821,75,20,20,2025-12-27,2026-01-04,4,1196.24,20,Credit Card,Online,Cancelled,136.9,Customer requested callback
509142,844,5,35,1,2024-08-30,2024-08-28,9,3386.31,20,Upi,In-Store,Canceled,0,
503449,552,4,15,4,2026-05-25,2026-05-27,1,4225.7,5,NetBanking,In-Store,Canceled,0,Corporate order
509275,71,23,13,4,2024-09-13,2024-09-16,5,1994.13,5,net banking,Online,Returned,32.45,
505351,886,76,24,1,2025-04-24,2025-04-29,7,1755.75,5,UPI,In-Store,completed,0,
502622,164,1,8,17,2024-07-08,2024-07-11,2,2803.81,30,Credit Card,In-Store,COMPLETED,0,Loyalty discount applied manually
506255,483,7,10,21,2025-11-08,2025-11-12,10,751.24,15,NEFT,Online,Returned,41.4,Loyalty discount applied manually
509093,980,118,13,6,2024-05-22,2024-05-31,4,455.94,0,U.P.I,In-Store,PENDING,0,Customer requested callback
502143,598,23,24,16,2025-08-26,2025-08-28,4,2062.4,5,U.P.I,In-Store,completed,0,Gift wrap requested
505214,181,59,8,6,2025-02-17,2025-02-25,10,1056.87,10,UPI,In-Store,COMPLETED,0,
501543,280,55,29,3,2025-10-02,2025-10-01,1,1723.64,20,net banking,In-Store,Completed,0,
500333,600,65,30,1,2025-08-15,2025-08-22,6,1481.26,30,Card,In-Store,completed,0,Urgent delivery requested
501440,675,71,29,9,2025-03-03,2025-03-07,6,631.72,5,Credit Card,Online,Compeleted,95.16,
502747,843,12,29,16,2025-05-09,2025-05-14,2,480.97,15,NetBanking,In-Store,COMPLETED,0,
508199,426,7,32,5,2025-07-13,2025-07-16,2,707.21,20,Upi,Online,Compeleted,113.08,
502863,436,50,21,15,2025-04-16,2025-04-17,10,299.81,5,NetBanking,In-Store,completed,0,
503158,571,13,16,1,2024-09-17,2024-09-13,9,4121.5,0,Card,In-Store,completed,0,
509456,318,9,13,1,2024-10-23,2024-10-28,1,1198.91,10,Cash,Online,COMPLETED,75.42,Loyalty discount applied manually
504224,118,124,17,17,2026-05-26,2026-06-02,10,271.36,0,CASH,In-Store,COMPLETED,0,Loyalty discount applied manually
508332,568,115,6,16,2024-01-29,,2,326.27,10,CASH,Online,completed,89.3,Customer requested callback
502374,296,94,38,18,2026-05-06,2026-05-08,3,1338.4,10,Card,In-Store,completed,0,Customer requested callback
503375,487,95,28,11,2024-07-16,2024-07-23,1,655.15,20,CASH,Online,Retuned,131.71,
508289,22,88812,18,4,2025-09-28,2025-10-07,6,1731.9,25,Cash,Online,Compeleted,128.31,
504801,925,20,19,9,2025-03-17,2025-03-24,4,3038.25,25,net banking,Online,Canceled,-44.69,
506933,36,123,27,22,2024-07-30,2024-08-06,7,408.01,15,Upi,In-Store,COMPLETED,0,
506091,974,52,16,6,2025-11-24,2025-11-30,9,362.54,10,cash,Online,returned,120.7,Corporate order
505408,985,9,23,18,2025-10-12,2025-10-13,3,1152.82,0,card,In-Store,PENDING,0,Loyalty discount applied manually
503829,33,15,29,3,2026-06-09,2026-06-16,10,1850.12,30,Net Banking,In-Store,Completed,0,
509084,773,93,29,23,2025-09-19,2025-09-20,9,371.23,15,Credit Card,Online,COMPLETED,77.74,
504994,809,113,5,2,2024-01-24,2024-01-29,3,234.45,5,NEFT,In-Store,cancelled,0,Gift wrap requested
500524,22,38,24,7,2025-08-09,2025-08-12,2,312.07,10,CARD,Online,COMPLETED,44.22,
504199,321,56,15,8,2025-11-25,2025-11-28,5,941.07,20,net banking,Online,Completed,40.66,
507360,54,51,28,13,2025-12-29,2025-12-31,10,392.54,15,Upi,Online,Compeleted,144.03,Bulk order - verify stock
507562,213,35,11,6,2025-04-05,2025-04-07,9,174.56,15,Card,Online,Completed,84.08,Customer requested callback
509312,511,29,2,13,2025-02-10,2025-02-18,9,2903.54,30,U.P.I,Online,Compeleted,71.77,
503904,731,38,12,12,2025-10-01,2025-10-05,2,306.11,25,CARD,In-Store,completed,0,
501073,456,11,38,10,2024-09-28,2024-09-30,7,4728.28,10,Net Banking,In-Store,cancelled,0,
502093,463,35,22,5,2026-03-25,2026-03-26,3,174.08,10,upi,Online,Completed,102.56,Corporate order
508505,999008,109,12,10,2024-01-26,2024-02-02,4,480.99,20,CARD,In-Store,Canceled,0,Loyalty discount applied manually
507925,377,55,14,1,2024-01-22,2024-01-27,5,1619.8,25,Net Banking,In-Store,COMPLETED,0,
505620,555,62,25,3,2024-02-07,2024-02-15,6,889.39,10,CASH,Online,Completed,146.79,
500914,890,12,20,23,2025-11-22,2025-11-23,8,499.41,30,net banking,In-Store,COMPLETED,0,Bulk order - verify stock
509812,486,3,3,12,2024-01-20,2024-01-23,9,4604.76,15,CASH,Online,Completed,95.27,Customer requested callback
506642,468,35,25,22,2024-12-07,2024-12-09,5,177.9,5,NetBanking,Online,COMPLETED,35.44,
502055,793,93,32,8,2025-06-10,2025-06-13,10,376.41,0,NetBanking,In-Store,Completed,0,Gift wrap requested
507183,843,112,40,4,2026-01-07,2026-01-16,6,526.97,15,CARD,In-Store,Completed,0,
504744,376,36,39,8,2024-09-12,2024-09-18,1,404.68,0,U.P.I,Online,cancelled,129.5,
502201,712,19,26,16,2024-04-29,2024-05-05,10,2608.4,15,net banking,In-Store,Retuned,0,
508071,521,13,3,23,2025-04-22,2025-04-24,5,4117.41,15,U.P.I,In-Store,Compeleted,0,
505744,603,111,36,21,2026-03-11,2026-03-13,5,659.7,5,NetBanking,In-Store,completed,0,
503515,343,77,35,9,2026-03-03,2026-03-07,4,1519.23,20,cash,Online,completed,109.5,
500728,136,26,14,3,2026-05-01,2026-05-03,7,3202.11,10,Upi,In-Store,COMPLETED,0,
507549,999009,30,35,21,2024-05-19,2024-05-22,2,2686.38,30,Cash,In-Store,completed,0,Loyalty discount applied manually
503004,79,102,19,1,2024-01-12,2024-01-20,1,972.55,20,Upi,In-Store,Completed,0,
503721,476,55,19,17,2026-01-29,2026-02-02,2,1753.28,10,U.P.I,In-Store,Completed,0,Corporate order
506723,889,70,18,24,2024-08-16,2024-08-20,8,1802.72,30,CARD,In-Store,completed,0,
500988,164,118,27,1,2026-02-18,2026-02-23,9,468.92,25,upi,In-Store,Completed,0,
505723,131,27,19,19,2024-07-25,2024-08-03,4,3632.21,10,upi,Online,Completed,86.02,Customer requested callback
509242,965,91,40,15,2026-05-18,2026-05-20,10,465.59,10,card,Online,returned,74.18,
509125,917,63,16,10,2026-01-04,2026-01-03,9,1217.23,30,CARD,Online,Completed,104.84,Bulk order - verify stock
501890,220,14,16,24,2025-03-22,2025-03-25,3,4941.23,10,net banking,Online,completed,100.9,Customer requested callback
508589,155,43,9,16,2025-01-20,2025-01-22,7,307.01,25,Net Banking,In-Store,cancelled,0,
500932,203,55,21,19,2024-01-31,2024-02-01,7,1631.25,30,CASH,Online,Returned,58.46,Loyalty discount applied manually
507692,386,110,8,18,2026-04-24,2026-04-27,2,247.86,25,cash,Online,CANCELLED ,45.11,
504442,232,61,3,23,2025-10-22,2025-10-24,10,,20,Debit Card,Online,Compeleted,110.62,
502391,712,76,4,23,2026-06-17,2026-06-26,10,1799.03,15,Card,Online,Returned,141.8,Customer requested callback
503323,622,117,5,1,2025-11-08,,3,273.56,30,cash,Online,completed,89.23,Customer requested callback
500911,455,19,26,17,2025-09-26,2025-09-23,3,2719.83,20,Debit Card,In-Store,completed,0,
509516,199,122,20,5,2025-01-06,2025-01-12,2,167.49,15,NetBanking,In-Store,Compeleted,0,Bulk order - verify stock
508215,105,123,30,9,2024-11-21,2024-11-28,8,411.92,25,Credit Card,In-Store,COMPLETED,0,Bulk order - verify stock
502767,581,53,12,21,2024-05-30,2024-06-05,4,287.99,30,cash,In-Store,PENDING,0,Urgent delivery requested
509500,999025,9,25,1,2024-06-18,2024-06-20,10,1250.71,30,card,Online,COMPLETED,65.99,
507825,22,90,7,12,2025-12-10,2025-12-13,3,1613.79,15,Credit Card,In-Store,completed,0,Gift wrap requested
503511,331,105,22,7,2024-03-13,,4,495.62,10,upi,In-Store,COMPLETED,0,
505920,123,35,24,24,2024-08-14,2024-08-17,9,188.64,30,U.P.I,In-Store,Compeleted,0,
500169,678,80,13,13,2026-01-25,2026-01-28,1,1343.81,30,UPI,In-Store,Returned,0,Gift wrap requested
508958,661,73,29,7,2024-02-28,2024-02-23,8,1056.05,20,Credit Card,Online,Completed,72.62,Gift wrap requested
505172,77,51,30,5,2025-04-07,2025-04-15,9,367.17,0,UPI,In-Store,Compeleted,0,
500452,67,104,1,19,2025-02-02,2025-02-11,8,408.36,20,U.P.I,Online,cancelled,85.71,
509280,261,28,24,15,2026-02-25,2026-02-26,5,3929.18,30,NetBanking,In-Store,COMPLETED,0,Loyalty discount applied manually
500066,76,72,14,23,2024-03-31,2024-04-08,1,1310.66,15,upi,In-Store,Canceled,0,
506772,879,64,11,10,2025-03-31,2025-04-02,7,1355.87,25,UPI,Online,completed,133.38,Urgent delivery requested
503691,185,87,39,13,2025-08-26,2025-09-03,9,1359.2,30,Cash,In-Store,Compeleted,0,
502763,508,96,19,23,2025-08-21,2025-08-27,3,,5,Cash,Online,COMPLETED,63.27,
509455,123,10,11,12,2024-09-21,2024-09-22,7,754.43,30,cash,In-Store,Completed,0,Urgent delivery requested
506118,697,3,9,11,2024-09-26,2024-09-30,4,4762.59,30,Card,In-Store,COMPLETED,0,
507126,999022,44,24,8,2025-05-24,2025-05-25,4,453.58,25,NetBanking,Online,PENDING,53.52,
500971,483,126,20,7,2024-10-04,2024-10-05,3,577.28,15,UPI,In-Store,PENDING,0,
503085,292,89,23,3,2024-06-15,2024-06-16,3,1830.14,0,Net Banking,Online,completed,63.96,Customer requested callback
502088,139,9,33,21,2024-03-13,2024-03-19,2,1137.82,15,CASH,Online,completed,38.29,Urgent delivery requested
502746,531,47,34,19,2026-05-15,2026-05-16,4,114.58,0,Credit Card,In-Store,Retuned,0,
501309,782,42,18,2,2025-01-05,2025-01-14,3,88.74,20,card,In-Store,Compeleted,0,
501307,84,111,31,9,2025-06-11,2025-06-14,7,657.96,20,Cash,In-Store,Compeleted,0,Urgent delivery requested
505272,470,48,34,8,2025-06-25,2025-07-02,7,138.35,20,upi,In-Store,COMPLETED,0,Customer requested callback
502098,767,107,26,14,2025-07-29,2025-08-02,3,380.52,5,Net Banking,Online,Canceled,30.36,Customer requested callback
502516,356,42,19,7,2024-02-29,2024-03-05,8,85.9,5,Net Banking,In-Store,Compeleted,0,
506217,826,52,19,7,2025-11-17,2025-11-20,4,383.46,0,NEFT,In-Store,Completed,0,Gift wrap requested
502804,436,23,6,6,2024-09-24,2024-10-02,8,1954.46,25,NetBanking,In-Store,CANCELLED ,0,
502698,953,30,40,23,2025-02-03,2025-02-08,7,2760.01,0,Cash,In-Store,Compeleted,0,Corporate order
509119,377,98,15,23,2025-05-21,,7,1982.06,5,CARD,In-Store,Completed,0,
503304,728,47,35,22,2024-03-02,2024-03-10,9,112.63,30,Upi,In-Store,completed,0,Corporate order
501574,9,88,38,1,2025-01-14,2025-01-19,1,719.7,25,CASH,Online,Compeleted,91.68,
503075,293,120,1,12,2026-03-26,2026-03-27,8,156.98,5,Credit Card,In-Store,Canceled,0,
507969,41,88,7,12,2025-02-27,2025-03-05,1,717.97,15,NEFT,In-Store,COMPLETED,0,
509358,672,65,23,17,2026-06-20,2026-06-25,4,1601.28,10,Credit Card,In-Store,Canceled,0,
505910,730,126,18,12,2025-01-11,2025-01-14,3,594,30,NEFT,In-Store,Returned,0,Corporate order
509281,42,122,31,8,2024-01-19,2024-01-22,7,171.31,25,Cash,Online,Compeleted,96.13,
504015,856,94,12,7,2025-06-20,2025-06-28,4,1378.76,5,upi,Online,Compeleted,115.43,
507044,359,121,24,2,2024-01-17,2024-01-21,2,524.29,15,cash,Online,Completed,58.2,
508543,629,108,8,7,2026-01-06,2026-01-10,4,164.45,5,net banking,In-Store,completed,0,Urgent delivery requested
502971,652,9,18,4,2026-02-13,2026-02-18,9,1180.09,20,Net Banking,In-Store,Compeleted,0,Urgent delivery requested
504795,376,49,30,18,2026-01-17,2026-01-18,3,184.29,20,Cash,In-Store,completed,0,
502441,394,87,39,9,2024-12-04,2024-12-11,7,1264.05,0,Net Banking,Online,Completed,70.03,
503300,192,4,19,17,2024-04-03,2024-04-05,4,4392.71,30,cash,Online,Compeleted,133.45,Bulk order - verify stock
501448,87,14,6,24,2026-05-01,2026-05-07,7,5176.58,30,UPI,Online,Completed,119.03,Customer requested callback
503556,23,20,29,9,2026-01-06,2026-01-14,8,3128.24,10,Net Banking,In-Store,Returned,0,Corporate order
500472,160,49,29,19,2024-06-19,2024-06-26,8,170.53,15,Upi,In-Store,Pending,0,
502979,586,30,9,14,2026-06-18,2026-06-23,9,2644.84,20,NetBanking,Online,Completed,71.01,Customer requested callback
502888,305,62,39,8,2025-09-11,2025-09-19,2,911.99,15,upi,Online,COMPLETED,131.92,
508415,754,110,22,23,2024-04-07,2024-04-15,10,253.76,25,net banking,In-Store,pending,0,
502300,772,103,3,6,2024-02-11,2024-02-16,2,631.04,25,cash,In-Store,Completed,0,Loyalty discount applied manually
502826,466,52,20,20,2024-06-07,2024-06-11,5,393.74,30,CASH,In-Store,COMPLETED,0,Urgent delivery requested
500582,576,41,9,22,2024-05-15,,4,244.4,20,NetBanking,In-Store,Retuned,0,
507039,421,116,16,6,2025-06-23,2025-06-30,1,213.18,25,Card,Online,Compeleted,74.52,
500450,58,60,19,4,2025-12-02,2025-12-07,0,1629.38,0,UPI,In-Store,Completed,0,Urgent delivery requested
502185,296,97,19,2,2024-09-16,2024-09-19,3,1802.83,20,card,In-Store,Retuned,0,Gift wrap requested
501047,219,75,20,6,2024-07-21,2024-07-22,6,1184.25,25,UPI,In-Store,Completed,0,Corporate order
500014,544,11,25,8,2024-05-12,,2,4505.94,15,NetBanking,In-Store,Completed,0,Urgent delivery requested
500172,,73,33,23,2025-06-25,2025-06-26,4,1112.85,0,card,Online,Completed,94.56,
506025,270,80,5,16,2025-10-25,2025-10-29,1,1306.5,0,upi,Online,Returned,120.36,
508468,832,2,15,12,2025-09-11,2025-09-13,6,2843.57,30,Upi,In-Store,completed,0,Loyalty discount applied manually
507871,271,124,21,15,2025-10-07,2025-10-03,9,285.65,10,Debit Card,Online,Retuned,143.13,Customer requested callback
508168,332,20,8,22,2025-02-03,2025-02-04,4,2924.76,10,CARD,Online,returned,117.94,
502661,885,4,6,10,2024-11-02,,9,4201.23,15,Upi,Online,Completed,145.88,Gift wrap requested
506571,710,89,38,3,2025-05-21,2025-05-27,1,1780.41,0,NEFT,Online,pending,80.42,Urgent delivery requested
501498,463,79,6,9,2025-05-02,2025-05-04,8,1245.16,5,UPI,In-Store,Cancelled,0,Gift wrap requested
500369,248,122,20,16,2024-09-16,2024-09-19,8,162.59,15,net banking,Online,COMPLETED,45.25,Loyalty discount applied manually
503154,120,47,24,9,2024-01-17,2024-01-20,5,120.02,0,cash,In-Store,Compeleted,0,Corporate order
503108,618,107,26,18,2024-11-06,2024-11-08,9,382.66,0,cash,Online,Pending,123.63,
501697,707,113,27,2,2024-07-09,2024-07-15,2,229.5,15,NetBanking,In-Store,Completed,0,
505549,214,79,14,4,2024-09-11,2024-09-18,4,,5,upi,In-Store,returned,0,
503792,806,44,24,12,2025-08-29,2025-09-04,1,423.9,5,NetBanking,In-Store,Completed,0,Urgent delivery requested
503842,421,8,37,13,2024-09-01,2024-09-06,10,2664.2,10,cash,Online,Cancelled,120.88,
509273,597,53,4,12,2026-02-14,2026-02-23,9,271.32,15,upi,Online,Compeleted,68.61,
501707,582,52,36,11,2026-01-06,2026-01-12,2,387.49,20,Net Banking,Online,Completed,93.79,Bulk order - verify stock
503874,53,111,8,9,2024-09-25,2024-09-28,3,632.01,5,CASH,In-Store,COMPLETED,0,Urgent delivery requested
502571,454,13,24,4,2024-11-07,2024-11-16,3,4181.34,10,card,In-Store,Compeleted,0,
501451,297,105,17,20,2025-11-11,,5,496.99,30,card,Online,COMPLETED,125.82,
500240,133,91,31,7,2024-10-08,2024-10-10,5,495.33,10,net banking,In-Store,Completed,0,
509823,351,18,1,24,2025-03-10,2025-03-19,10,908.71,20,NEFT,In-Store,COMPLETED,0,
502686,189,83,19,22,2024-04-27,2024-05-02,6,2287,20,Debit Card,In-Store,Returned,0,Bulk order - verify stock
506215,564,118,36,1,2026-05-22,2026-05-28,9,469.68,35,Card,Online,Canceled,59.99,Customer requested callback
500785,825,90,11,18,2024-11-06,2024-11-13,10,1534.66,15,NEFT,In-Store,Canceled,0,
505877,559,84,19,10,2024-10-13,2024-10-14,5,705.89,10,upi,In-Store,Completed,0,Gift wrap requested
504923,772,58,25,6,2026-05-30,2026-06-08,1,2015.13,40,net banking,Online,Compeleted,60.2,
502189,687,83,17,2,2025-09-28,2025-09-23,10,2307.47,15,Credit Card,Online,completed,38.22,Corporate order
508936,78,111,28,16,2025-04-11,2025-04-14,7,644.01,10,Card,In-Store,COMPLETED,0,
509447,33,19,17,9,2025-04-11,2025-04-18,9,2622.9,15,CARD,Online,completed,80.32,
500574,775,26,9,4,2025-03-12,2025-03-19,5,3297.13,30,CARD,In-Store,Completed,0,Loyalty discount applied manually
503830,588,49,16,3,2025-12-21,2025-12-30,2,173.69,15,UPI,In-Store,Retuned,0,Gift wrap requested
509014,62,122,20,5,2024-09-01,2024-09-07,5,171.65,0,cash,Online,Completed,65.77,Corporate order
501665,587,37,9,15,2024-12-09,2024-12-16,0,197.8,15,net banking,In-Store,COMPLETED,0,
503818,967,42,32,16,2024-12-13,2024-12-17,8,88.69,20,Cash,In-Store,COMPLETED,0,Corporate order
505764,949,50,35,2,2026-02-17,2026-02-25,6,280.52,10,UPI,In-Store,Completed,0,
503160,616,80,17,18,2025-11-22,2025-11-28,5,1400.11,20,Upi,Online,Compeleted,47.17,
503125,711,72,39,22,2025-06-11,,5,1220.23,5,cash,Online,pending,56.67,
509544,378,11,35,24,2025-08-17,2025-08-18,9,4679.35,15,NEFT,In-Store,Pending,0,
505638,535,95,12,5,2024-07-29,2024-08-01,5,637.76,10,upi,Online,Completed,145.18,
502028,9,54,15,14,2024-07-20,2024-07-24,6,323.62,0,NetBanking,In-Store,completed,0,Customer requested callback
500468,588,83,27,7,2024-02-12,2024-02-19,10,2319.56,30,U.P.I,Online,CANCELLED ,63.53,Urgent delivery requested
505122,829,85,36,17,2026-02-23,2026-03-03,7,898.35,5,NEFT,Online,COMPLETED,74.35,
507896,33,50,25,10,2024-10-27,2024-11-01,7,301.15,5,UPI,Online,Returned,124.7,Loyalty discount applied manually
500758,800,24,17,12,2025-03-23,,6,4545.08,20,Debit Card,Online,completed,41.96,Customer requested callback
505951,501,105,28,11,2025-01-16,2025-01-18,2,463.31,10,UPI,Online,completed,143.25,Gift wrap requested
508549,268,110,2,11,2025-10-16,2025-10-21,4,251.1,20,U.P.I,In-Store,Completed,0,
504644,27,68,36,24,2025-06-25,2025-06-29,6,371.69,25,UPI,In-Store,Retuned,0,Bulk order - verify stock
503268,213,18,31,5,2024-01-21,2024-01-30,10,934.42,30,cash,In-Store,Compeleted,0,Customer requested callback
508482,110,94,2,7,2024-05-09,2024-05-14,4,1290.05,10,net banking,In-Store,Completed,0,Bulk order - verify stock
505864,,88816,31,10,2025-02-16,2025-02-21,1,704.36,15,CASH,Online,completed,114.56,Urgent delivery requested
507454,258,10,28,10,2024-05-30,,1,710.34,25,U.P.I,In-Store,Cancelled,0,
502579,477,82,24,5,2025-10-08,2025-10-15,8,566.29,5,net banking,Online,Canceled,124.81,
505525,320,73,5,7,2025-07-01,2025-07-04,4,1105.25,25,U.P.I,In-Store,Completed,0,
501786,839,19,6,3,2026-03-19,2026-03-25,6,2662.87,0,CASH,In-Store,COMPLETED,0,
500584,356,126,28,17,2024-10-22,2024-10-31,3,584.83,10,NEFT,Online,Compeleted,131.17,
502053,392,54,38,20,2025-12-23,2025-12-27,1,308.47,20,Card,In-Store,COMPLETED,0,
508915,302,44,19,7,2025-11-07,2025-11-15,2,419.54,10,CASH,Online,COMPLETED,144.17,Urgent delivery requested
507366,304,26,28,9,2026-04-27,2026-04-29,1,3302.84,5,Credit Card,Online,PENDING,37.92,Corporate order
506897,479,75,7,16,2025-10-11,2025-10-13,10,1228.4,5,Debit Card,Online,COMPLETED,106.09,Gift wrap requested
503120,935,18,23,11,2026-04-01,,7,871.52,5,Upi,In-Store,COMPLETED,0,Gift wrap requested
504899,680,79,28,7,2024-08-16,2024-08-23,3,1142.22,25,NetBanking,Online,Retuned,29.97,
507169,686,68,4,11,2024-06-18,2024-06-19,3,381.61,25,net banking,In-Store,Returned,0,
505439,445,65,34,1,2026-02-09,2026-02-12,3,1479.74,25,upi,In-Store,completed,0,Loyalty discount applied manually
502096,116,98,14,4,2025-09-13,2025-09-18,2,2028.1,30,NEFT,In-Store,completed,0,Urgent delivery requested
503141,764,108,21,18,2024-10-03,2024-10-08,8,166.25,0,Upi,In-Store,completed,0,Corporate order
503100,785,105,8,15,2024-01-14,2024-01-20,1,457.71,5,Cash,In-Store,Completed,0,Loyalty discount applied manually
501715,307,61,23,11,2024-06-18,2024-06-23,10,1106.55,30,Credit Card,In-Store,cancelled,0,
503758,896,41,5,18,2025-10-01,2025-10-03,6,234.29,20,net banking,Online,COMPLETED,53.98,Loyalty discount applied manually
500165,129,81,3,12,2026-02-18,2026-02-22,4,1781.61,10,net banking,Online,COMPLETED,47.47,
509287,837,35,9,1,2025-04-23,2025-04-29,3,190.54,0,net banking,Online,Completed,37.61,
506163,904,37,33,22,2024-11-16,2024-11-20,7,200.04,5,NetBanking,Online,COMPLETED,63.06,
500073,646,75,14,11,2025-12-28,2025-12-29,10,1231.68,10,Net Banking,Online,completed,89.51,Corporate order
508502,412,80,13,8,2025-06-23,2025-06-24,8,1420.9,30,Cash,Online,pending,70.06,Bulk order - verify stock
502993,959,106,36,18,2024-08-30,2024-09-02,7,698.61,15,Cash,In-Store,Compeleted,0,Corporate order
509079,166,123,31,21,2024-10-02,2024-10-07,7,418.45,30,UPI,In-Store,Completed,0,
504243,547,12,13,19,2025-12-06,2025-12-07,10,497.78,15,net banking,In-Store,Returned,0,Gift wrap requested
509789,730,106,28,7,2024-03-25,2024-04-02,5,658.26,15,CARD,In-Store,Completed,0,
507949,,107,24,6,2024-06-17,2024-06-18,5,388.24,15,CASH,Online,Completed,110.35,Gift wrap requested
500111,963,103,18,8,2025-09-10,2025-09-14,10,615.09,10,NEFT,Online,returned,103.84,Urgent delivery requested
502279,231,40,38,3,2026-04-29,2026-05-06,7,193.63,35,Cash,Online,Retuned,51.44,Corporate order
505283,694,59,26,16,2026-03-03,2026-03-12,7,1042.71,30,Upi,In-Store,Compeleted,0,
500532,435,50,35,4,2026-01-12,2026-01-21,5,296.3,30,UPI,Online,Compeleted,124.8,
501206,734,3,9,13,2025-11-01,2025-11-04,2,4647.55,10,UPI,In-Store,Completed,0,Loyalty discount applied manually
503838,446,126,21,10,2026-05-04,2026-05-12,9,558.16,10,card,In-Store,Compeleted,0,Customer requested callback
500069,903,60,16,15,2025-08-02,2025-08-05,7,1557.14,5,Upi,In-Store,COMPLETED,0,
506166,486,117,14,12,2024-11-22,2024-12-01,10,285.31,5,card,Online,Compeleted,44.68,
503888,621,30,16,1,2026-06-22,2026-06-30,9,2675.39,0,Cash,In-Store,Compeleted,0,
504123,829,96,25,14,2024-07-03,2024-07-06,2,1932.81,30,Cash,Online,Completed,92.88,Urgent delivery requested
505017,725,10,17,12,2024-08-11,2024-08-19,2,760.62,0,net banking,Online,COMPLETED,62.15,
500974,919,3,1,24,2025-12-25,2025-12-30,9,4558.3,30,NEFT,In-Store,Compeleted,0,Bulk order - verify stock
502718,549,88804,14,14,2024-02-10,2024-02-16,8,1974.03,30,CASH,Online,COMPLETED,69.93,Customer requested callback
506266,703,63,25,8,2024-04-24,2024-04-27,10,1150.85,10,CARD,Online,COMPLETED,43.55,Bulk order - verify stock
502618,228,1,12,8,2025-02-21,2025-02-25,2,2844.23,50,Cash,Online,completed,64.21,
506299,165,116,22,7,2024-08-16,2024-08-18,9,213.24,10,Card,In-Store,Completed,0,
501584,500,41,39,14,2026-06-14,2026-06-15,4,235.17,0,Card,Online,Completed,136.29,
503385,59,62,1,8,2025-07-06,2025-07-14,6,877.62,5,upi,In-Store,Compeleted,0,
507026,596,106,18,2,2025-05-27,2025-05-31,3,660.11,0,U.P.I,Online,Returned,134.14,Loyalty discount applied manually
506625,465,52,6,11,2026-04-24,2026-04-25,4,385.11,0,net banking,In-Store,returned,0,Bulk order - verify stock
508828,926,98,35,2,2026-04-15,2026-04-17,10,1954.86,10,Net Banking,Online,Compeleted,46.7,
502634,877,58,26,8,2024-08-20,2024-08-26,5,2049.31,0,Debit Card,In-Store,completed,0,Gift wrap requested
503274,999025,6,24,17,2024-01-20,2024-01-24,8,1719.76,15,U.P.I,Online,completed,145.88,
502701,322,126,1,3,2025-01-08,2025-01-15,10,575.27,0,Debit Card,Online,Cancelled,131.1,
501956,163,36,26,8,2024-02-29,2024-03-07,6,405.63,30,NEFT,In-Store,Compeleted,0,
508197,513,34,22,12,2025-05-08,2025-05-16,3,144.58,15,upi,Online,Compeleted,68.15,Loyalty discount applied manually
505586,540,47,31,14,2024-08-23,2024-08-31,8,123.54,0,cash,In-Store,completed,0,
502393,285,71,22,7,2024-06-16,2024-06-18,8,599.42,30,net banking,In-Store,PENDING,0,
504617,189,121,8,7,2024-09-15,2024-09-17,10,497.62,10,UPI,Online,Compeleted,119.61,
506582,461,69,29,20,2025-05-28,2025-05-31,5,1108.56,25,cash,In-Store,Completed,0,
505916,621,1,21,6,2026-01-24,2026-01-28,3,2722.23,10,UPI,Online,Compeleted,146.26,
505982,702,64,21,1,2024-12-01,,6,1316,15,Net Banking,In-Store,CANCELLED ,0,
500410,827,49,27,9,2024-05-16,2024-05-18,7,183.67,40,CARD,In-Store,completed,0,Gift wrap requested
507943,474,12,6,24,2024-09-04,2024-09-11,4,470.25,25,CARD,In-Store,Returned,0,
505290,323,35,24,1,2025-04-25,2025-04-28,6,187.58,15,CARD,Online,Cancelled,65.68,Bulk order - verify stock
509279,341,98,6,13,2024-11-04,2024-11-12,6,1894.72,20,NetBanking,Online,Compeleted,141.77,
509515,330,41,24,13,2025-02-01,2025-02-07,3,241.17,25,U.P.I,Online,Pending,77.51,
501075,412,122,40,24,2025-08-02,2025-08-10,5,167.69,25,CASH,Online,completed,129.24,Urgent delivery requested
505556,579,48,27,21,2026-04-02,2026-04-03,1,134.29,15,cash,In-Store,Compeleted,0,Bulk order - verify stock
500695,795,95,3,15,2025-01-13,2025-01-21,6,664.29,20,CASH,Online,pending,112.63,Corporate order
505755,766,2,19,21,2025-09-06,2025-09-15,9,2903.48,30,cash,Online,completed,107.24,Corporate order
505469,322,83,13,6,2025-08-16,2025-08-20,9,2504.61,10,CASH,In-Store,Completed,0,
506085,338,92,9,5,2025-07-13,2025-07-15,1,1774.51,0,Cash,In-Store,Completed,0,Customer requested callback
508836,134,73,24,5,2025-08-29,2025-09-01,10,1102.16,30,UPI,Online,Pending,43.45,
508002,68,12,32,5,2025-11-06,,3,470.88,30,net banking,Online,Compeleted,37.86,Customer requested callback
504351,734,116,5,22,2024-02-16,2024-02-24,10,214.78,0,Debit Card,In-Store,completed,0,Urgent delivery requested
508924,240,114,32,12,2024-07-10,2024-07-16,2,201.74,30,U.P.I,Online,completed,123.12,Gift wrap requested
506271,868,37,40,18,2025-11-04,2025-11-07,6,208.63,15,Cash,Online,CANCELLED ,130.19,Urgent delivery requested
508237,48,118,36,6,2025-11-05,2025-11-13,8,443.06,20,cash,Online,completed,74.51,
500313,199,58,14,4,2025-07-04,2025-07-12,1,2048.12,20,UPI,Online,PENDING,54.07,
503886,468,42,7,23,2025-04-03,2025-04-09,3,83.43,25,upi,Online,Compeleted,38.65,
506245,951,77,6,9,2026-01-15,2026-01-17,5,1410.42,20,NEFT,Online,Compeleted,68.13,
506946,999005,87,34,16,2025-11-11,2025-11-19,10,1361.58,20,U.P.I,Online,Compeleted,122.06,Bulk order - verify stock
505966,446,101,34,10,2026-05-20,2026-05-29,9,2217.27,10,Credit Card,Online,returned,52.16,Loyalty discount applied manually
504689,165,91,8,9,2024-09-02,2024-09-08,1,493.37,0,upi,Online,completed,82.23,Corporate order
503157,250,97,37,11,2024-03-21,2024-03-26,10,1741.73,15,Net Banking,In-Store,returned,0,
508475,743,122,8,17,2025-02-15,2025-02-21,-3,160.91,30,UPI,Online,Returned,146.83,
502271,388,123,33,11,2026-01-22,2026-01-27,9,412.6,10,CARD,In-Store,COMPLETED,0,Bulk order - verify stock
505300,526,32,32,3,2026-03-22,2026-03-29,9,104.41,50,Cash,In-Store,PENDING,0,
509298,707,5,22,11,2026-03-14,2026-03-23,2,3435.75,0,net banking,In-Store,Compeleted,0,Corporate order
508775,513,61,3,8,2025-05-05,,1,1110.19,5,Card,Online,completed,130.08,Bulk order - verify stock
508831,715,8,4,23,2026-05-25,2026-05-27,7,2705.3,30,CASH,Online,Completed,111.53,Loyalty discount applied manually
500046,712,58,23,12,2025-07-05,2025-07-12,10,2040.89,25,upi,Online,completed,42.51,
502769,457,52,5,7,2024-12-04,2024-12-12,9,385.74,0,card,Online,Compeleted,76.46,
501858,815,111,7,16,2024-06-06,2024-06-13,5,625.99,15,Net Banking,Online,returned,123.28,
506236,594,13,28,13,2025-12-13,2025-12-20,8,4142.5,10,Cash,In-Store,Compeleted,0,
508404,330,91,35,9,2025-09-21,2025-09-27,6,485.97,10,U.P.I,Online,COMPLETED,90.16,
504480,289,11,20,21,2024-03-30,2024-04-02,4,4481.73,5,card,In-Store,Canceled,0,
507291,291,66,10,3,2025-09-23,2025-09-29,5,1911.93,25,card,In-Store,Compeleted,0,Bulk order - verify stock
504365,139,6,40,15,2024-02-05,2024-02-07,3,1659.77,0,net banking,In-Store,COMPLETED,0,
509249,416,80,18,7,2026-05-13,2026-05-14,6,1373.09,30,UPI,In-Store,cancelled,0,Loyalty discount applied manually
509776,542,112,27,8,2025-04-18,2025-04-21,6,539.58,30,Credit Card,Online,Compeleted,119.38,Gift wrap requested
505853,33,89,36,23,2025-01-31,2025-02-03,3,1768.49,0,cash,Online,Completed,137.8,
509735,548,57,35,8,2025-11-08,2025-11-12,6,1362.72,30,card,Online,completed,51.23,Customer requested callback
503251,188,69,15,11,2024-09-24,2024-09-27,4,1044.92,10,CASH,Online,Returned,88.4,Bulk order - verify stock
509424,113,24,2,19,2024-09-10,2024-09-12,1,4960.54,0,Debit Card,Online,completed,126.85,
509709,553,68,11,1,2026-06-08,2026-06-13,8,351.13,5,NEFT,Online,Retuned,136.39,
501439,658,90,39,13,2025-11-23,2025-11-26,2,1591.62,15,Debit Card,Online,completed,99.95,Bulk order - verify stock
507014,722,29,18,9,2026-05-30,2026-06-04,8,3054.38,30,CARD,Online,COMPLETED,142.13,Customer requested callback
501949,788,33,22,9,2026-06-02,2026-06-09,6,401.06,0,Debit Card,Online,returned,121.98,Bulk order - verify stock
501693,419,98,12,24,2026-01-25,2026-01-27,7,2065.88,10,CASH,Online,completed,52.4,Urgent delivery requested
505189,736,93,1,20,2024-12-04,2024-12-12,7,396.17,10,upi,In-Store,completed,0,Customer requested callback
503957,61,59,30,5,2026-02-22,2026-02-24,8,1009.51,30,NEFT,In-Store,Completed,0,Urgent delivery requested
508932,372,27,20,22,2025-02-12,2025-02-15,6,3801.98,10,net banking,In-Store,pending,0,
503077,209,14,34,23,2026-05-13,2026-05-18,6,4986.84,20,net banking,Online,completed,74.15,
507993,203,43,27,1,2025-08-21,2025-08-28,9,302.09,25,NEFT,In-Store,Compeleted,0,Customer requested callback
509427,452,12,36,18,2025-05-17,2025-05-23,8,485.4,15,CARD,Online,COMPLETED,58.38,Loyalty discount applied manually
504408,350,65,35,3,2026-04-28,2026-05-07,4,1597.1,10,NEFT,Online,Completed,68.97,Urgent delivery requested
506172,953,60,32,23,2024-04-21,2024-04-25,5,1583.5,25,Cash,In-Store,Compeleted,0,
507664,765,41,8,7,2026-02-23,2026-02-24,9,247.76,5,cash,Online,Compeleted,88.91,Loyalty discount applied manually
500800,372,110,33,14,2025-09-01,2025-09-08,1,235.78,0,Credit Card,In-Store,Retuned,0,
505926,779,47,1,3,2024-08-06,2024-08-10,10,118.91,15,Upi,Online,Compeleted,76.12,Corporate order
507635,57,89,37,6,2026-05-23,2026-05-31,10,1807.5,25,CARD,Online,Returned,124.12,
502665,619,9,24,1,2024-07-11,2024-07-14,5,1189.7,20,Cash,Online,Canceled,42.75,
500606,962,33,10,18,2025-04-11,2025-04-19,2,405.08,5,upi,Online,PENDING,42.07,
504229,590,1,33,13,2025-03-28,2025-04-03,1,2703.7,25,CASH,In-Store,Canceled,0,
507852,228,94,13,18,2026-01-02,2026-01-06,8,1399.06,25,Cash,In-Store,Completed,0,Urgent delivery requested
500396,13,92,17,20,2024-01-01,2024-01-04,5,1889.64,0,NetBanking,Online,COMPLETED,138.73,Urgent delivery requested
509335,559,92,7,12,2025-01-11,2025-01-14,2,1851.13,30,net banking,Online,COMPLETED,135.53,
508884,,72,6,2,2025-11-24,2025-11-28,2,1288.73,30,NetBanking,In-Store,Compeleted,0,
504023,419,95,14,24,2025-05-01,2025-04-27,10,652.48,25,Net Banking,Online,COMPLETED,50.67,
504462,535,20,17,14,2025-11-14,2025-11-20,2,2984.16,20,Cash,In-Store,Completed,0,
501201,998,58,6,24,2025-12-23,2025-12-29,4,2043.24,20,NEFT,In-Store,Completed,0,
508927,601,23,23,14,2026-03-09,2026-03-11,5,1962.78,25,NEFT,Online,COMPLETED,31.51,Corporate order
504648,210,75,5,20,2026-04-04,,6,1222.32,25,net banking,Online,Returned,32.8,
506908,52,90,24,11,2025-08-20,2025-08-25,5,1565.23,30,CASH,Online,pending,59.66,
500105,771,8,21,5,2025-06-15,2025-06-20,5,2801.54,0,upi,In-Store,Completed,0,
507568,606,73,16,14,2024-09-28,2024-10-06,8,1121.15,5,upi,In-Store,completed,0,
502434,572,7,22,16,2026-01-20,2026-01-26,3,730.68,0,Net Banking,In-Store,completed,0,
505072,130,81,37,13,2026-04-17,2026-04-23,6,1750.28,30,UPI,In-Store,Completed,0,
501273,584,79,18,24,2025-06-06,2025-06-12,10,1224.8,10,Credit Card,In-Store,COMPLETED,0,
502910,134,59,34,15,2025-08-06,2025-08-15,6,996.24,20,Card,Online,Completed,84.09,Gift wrap requested
505071,745,83,21,18,2024-04-15,2024-04-22,7,2488.66,25,UPI,Online,COMPLETED,135.61,Corporate order
507859,582,21,9,21,2024-09-02,2024-09-06,5,643.58,20,UPI,In-Store,COMPLETED,0,
502456,647,79,25,8,2025-02-19,2025-02-24,9,1201.75,15,Cash,In-Store,Completed,0,Customer requested callback
506467,,90,1,8,2024-09-03,2024-09-12,5,1613.94,10,upi,In-Store,PENDING,0,
501008,112,79,37,16,2024-04-08,2024-04-12,8,1210.79,20,net banking,In-Store,Completed,0,Customer requested callback
509182,902,57,25,10,2026-02-27,2026-03-01,7,1316.63,0,card,Online,COMPLETED,95.3,Bulk order - verify stock
509658,488,63,2,7,2024-12-09,2024-12-10,10,1174,15,NetBanking,Online,Completed,37.09,Loyalty discount applied manually
500395,559,108,26,17,2025-03-08,2025-03-13,4,170.23,5,net banking,In-Store,Compeleted,0,
509190,543,57,29,22,2025-11-13,2025-11-18,2,1314.98,25,card,Online,Compeleted,49.12,
507585,389,94,38,20,2026-06-11,2026-06-16,6,1283.93,30,Credit Card,Online,COMPLETED,117.14,Customer requested callback
500276,901,38,21,15,2025-11-12,2025-11-17,3,320.28,15,Debit Card,In-Store,Compeleted,0,Urgent delivery requested
509491,625,95,17,8,2024-08-01,2024-08-05,3,654.37,0,Card,In-Store,Completed,0,Bulk order - verify stock
507434,629,112,16,9,2025-05-20,2025-05-21,7,548.1,30,CASH,Online,Compeleted,90.05,Bulk order - verify stock
502301,945,108,27,14,2025-02-02,2025-02-04,1,166.94,15,CASH,In-Store,COMPLETED,0,Bulk order - verify stock
500857,212,80,31,12,2024-09-03,2024-09-10,3,1295.95,5,cash,In-Store,Compeleted,0,Urgent delivery requested
501404,580,77,28,16,2024-07-17,2024-07-21,4,1398.19,20,Upi,Online,COMPLETED,78.37,Corporate order
502118,99,33,17,21,2025-10-03,2025-10-10,1,396.92,15,Upi,Online,COMPLETED,57.57,
507532,621,108,17,24,2024-04-02,2024-04-09,5,165.33,15,Upi,Online,Compeleted,74.36,
502037,294,62,20,21,2025-06-24,2025-06-28,9,894.77,25,Cash,In-Store,Retuned,0,
502387,593,20,9,11,2024-11-03,2024-11-08,4,3074.95,30,Debit Card,In-Store,Completed,0,Loyalty discount applied manually
504697,90,86,15,20,2024-07-17,2024-07-25,10,462.44,25,Upi,In-Store,Compeleted,0,Urgent delivery requested
501429,922,43,36,24,2024-12-15,2024-12-20,5,307.79,20,Cash,In-Store,Pending,0,Bulk order - verify stock
503587,460,79,10,7,2025-12-09,2025-12-17,9,1200.78,0,net banking,In-Store,Compeleted,0,
500072,,50,40,17,2025-10-16,2025-10-18,8,297.43,0,Net Banking,In-Store,Returned,0,
506343,117,40,7,7,2024-05-12,2024-05-17,5,207,25,Debit Card,In-Store,COMPLETED,0,
501778,474,73,20,14,2024-12-26,2025-01-03,10,1042.97,30,net banking,In-Store,Compeleted,0,Corporate order
500141,951,48,13,1,2024-04-30,2024-05-05,10,126.36,25,net banking,Online,Compeleted,56.41,
500082,291,114,34,2,2026-02-07,2026-02-11,9,195.23,10,Cash,Online,completed,106.97,
509048,253,14,32,10,2025-04-07,,6,4780.56,0,Net Banking,Online,completed,53.79,
500960,266,14,6,14,2025-09-23,2025-09-24,6,4765.9,30,CASH,Online,pending,144.74,
507297,503,121,10,10,2024-12-18,2024-12-27,7,525.39,10,card,In-Store,Compeleted,0,
503359,678,106,27,17,2024-04-07,2024-04-10,2,677.12,5,upi,In-Store,Returned,0,
509509,147,48,30,15,2026-04-06,2026-04-12,2,126.28,15,NetBanking,Online,pending,72.58,
506797,843,75,5,5,2025-08-09,2025-08-12,8,1171.9,15,Cash,Online,Completed,99.91,Urgent delivery requested
509714,937,73,20,4,2026-03-17,2026-03-19,9,1058.04,5,Cash,Online,Completed,69.67,
507141,417,16,6,6,2024-08-15,2024-08-19,5,2035.16,25,upi,Online,Completed,79.59,
502249,5,3,18,5,2024-09-07,2024-09-15,4,4432.61,30,net banking,Online,completed,40.45,
504891,370,109,21,12,2025-09-13,2025-09-14,5,524.11,30,net banking,In-Store,Compeleted,0,Bulk order - verify stock
501117,999,18,36,18,2024-08-03,2024-08-12,6,866.69,0,CARD,In-Store,cancelled,0,
505873,914,62,3,14,2024-06-18,2024-06-19,1,892.94,30,UPI,Online,completed,43.46,
504571,659,34,18,15,2025-11-18,,2,154.79,35,Cash,In-Store,completed,0,
503058,479,1,33,23,2025-10-10,2025-10-12,1,2886.79,0,net banking,In-Store,Compeleted,0,
507463,536,41,32,23,2026-03-25,2026-03-29,2,237.39,10,UPI,Online,Compeleted,132.71,
506647,288,6,28,9,2025-06-02,2025-06-04,3,1638.02,20,net banking,Online,Compeleted,94.82,Urgent delivery requested
502131,540,30,10,20,2025-08-19,2025-08-23,1,2669.32,15,card,Online,completed,88.82,
503675,124,100,15,4,2025-01-14,2025-01-15,3,520.31,5,Credit Card,Online,Compeleted,119.35,
501443,202,22,8,22,2024-04-03,2024-04-04,9,1357.26,10,CARD,Online,returned,43.67,
500453,317,11,10,9,2025-02-17,2025-02-19,1,4517.13,25,Upi,Online,COMPLETED,64.71,Bulk order - verify stock
506542,94,92,30,1,2026-01-12,2026-01-17,6,1793.96,20,NetBanking,In-Store,Completed,0,
507228,209,108,14,18,2026-05-23,2026-05-28,10,168.91,5,net banking,Online,completed,-83.19,
502287,45,66,28,6,2026-04-30,2026-05-09,4,1765.6,5,Net Banking,In-Store,completed,0,
506497,729,25,17,16,2024-06-17,2024-06-20,6,1441.25,0,upi,In-Store,COMPLETED,0,
508340,561,89,33,19,2026-02-15,2026-02-18,7,1720.75,10,UPI,In-Store,COMPLETED,0,
502455,418,19,33,21,2026-04-12,2026-04-19,9,2801.6,0,Credit Card,Online,COMPLETED,126.61,Bulk order - verify stock
502774,975,124,1,1,2026-04-25,2026-04-29,5,282.2,10,cash,In-Store,COMPLETED,0,Urgent delivery requested
505972,,92,18,17,2026-05-19,2026-05-20,6,1761.35,10,Debit Card,Online,Returned,125.3,
506742,885,52,25,9,2024-07-15,2024-07-21,4,393.1,20,CASH,Online,COMPLETED,55.06,
506026,71,18,20,5,2026-02-04,2026-02-05,7,878.78,10,upi,Online,CANCELLED ,145.18,Bulk order - verify stock
504756,398,8,36,9,2026-03-24,2026-03-30,4,2608.66,30,CARD,Online,Pending,42.1,
502994,980,49,36,23,2026-02-12,2026-02-17,5,175.66,5,NEFT,In-Store,Retuned,0,
504347,707,67,21,23,2024-05-24,2024-05-28,2,1047.63,45,Cash,In-Store,Compeleted,0,
506800,90,82,23,17,2025-02-04,2025-02-09,3,552.11,0,upi,In-Store,Pending,0,
502606,492,47,26,3,2026-05-25,2026-05-30,1,115.46,15,upi,Online,COMPLETED,39.25,
508633,683,97,20,19,2024-07-31,2024-08-07,5,1803.64,15,Cash,Online,PENDING,119.39,
500771,845,26,16,20,2025-09-28,2025-09-29,4,3277.59,30,NetBanking,In-Store,Compeleted,0,Urgent delivery requested
503871,620,59,33,22,2025-11-18,2025-11-19,4,1076.58,0,CASH,In-Store,Completed,0,Customer requested callback
502236,109,113,21,19,2024-02-25,2024-02-27,10,247.26,5,UPI,In-Store,Compeleted,0,Gift wrap requested
501821,489,1,2,12,2024-01-12,2024-01-18,4,2935.64,25,CARD,In-Store,COMPLETED,0,Gift wrap requested
505260,838,82,19,1,2025-07-14,2025-07-16,8,530.39,20,net banking,In-Store,completed,0,
505524,607,85,34,22,2025-07-04,2025-07-13,5,922.15,25,Cash,In-Store,Completed,0,
500232,783,82,21,21,2025-04-20,2025-04-26,8,529.81,15,NetBanking,Online,COMPLETED,44.36,Customer requested callback
509744,476,126,39,22,2025-11-05,2025-11-10,4,597.86,15,cash,Online,cancelled,51.7,Gift wrap requested
505908,161,24,38,1,2025-05-09,2025-05-14,8,4871,0,U.P.I,Online,COMPLETED,98.03,Urgent delivery requested
503835,661,5,5,2,2025-05-07,2025-05-12,3,3616.88,15,NEFT,Online,Returned,82.44,
504597,870,12,12,14,2026-02-14,2026-02-21,9,498.42,20,Net Banking,In-Store,completed,0,Customer requested callback
505387,123,52,10,5,2024-11-30,2024-12-01,6,377.78,0,card,In-Store,Compeleted,0,Urgent delivery requested
500183,481,103,37,6,2026-01-13,2026-01-21,1,632.78,10,UPI,In-Store,COMPLETED,0,
505995,773,9,21,5,2024-10-13,2024-10-21,10,1144.78,20,cash,In-Store,Completed,0,
509019,748,60,25,18,2024-10-28,2024-11-02,5,1674.61,15,cash,Online,Canceled,73.02,
507985,757,123,14,6,2024-07-15,2024-07-21,10,393.41,10,U.P.I,In-Store,Completed,0,Gift wrap requested
505603,190,48,33,16,2024-04-15,2024-04-23,4,126.24,35,card,In-Store,Cancelled,0,
500503,764,17,3,15,2024-10-27,2024-10-30,6,4186.75,10,Upi,Online,Returned,54.29,Loyalty discount applied manually
508616,10,64,30,15,2024-06-19,2024-06-25,9,1405.8,25,cash,In-Store,CANCELLED ,0,Urgent delivery requested
509308,761,94,1,8,2024-08-15,2024-08-19,1,1313.53,30,UPI,Online,completed,69.9,
505724,597,18,16,22,2025-12-02,2025-12-06,9,943.08,10,Credit Card,Online,Completed,80.32,
500546,263,30,4,3,2025-04-02,2025-04-11,1,2638.08,25,UPI,Online,completed,77.26,
503907,825,45,1,9,2025-11-30,2025-12-08,1,159.47,30,U.P.I,In-Store,completed,0,Urgent delivery requested
503397,545,21,36,12,2025-05-22,2025-05-29,1,621.96,25,Card,In-Store,completed,0,
500345,323,99,24,14,2025-02-10,2025-02-11,9,942.24,30,Cash,In-Store,Compeleted,0,
504313,205,63,22,7,2026-03-10,2026-03-15,10,1164.07,25,U.P.I,Online,COMPLETED,91.44,Gift wrap requested
508539,313,106,4,12,2024-05-02,2024-05-10,2,674.27,0,NEFT,Online,Compeleted,118.29,
505279,337,11,21,13,2026-01-14,2026-01-17,7,4634.89,10,Net Banking,In-Store,COMPLETED,0,
500847,246,42,9,20,2024-08-03,2024-08-07,10,83.87,30,UPI,Online,COMPLETED,140.03,Corporate order
501554,723,98,28,24,2025-05-16,2025-05-24,6,2017.59,30,UPI,In-Store,completed,0,
508773,398,89,15,16,2026-02-26,2026-02-28,3,1775.68,30,net banking,In-Store,Completed,0,
508491,999002,26,28,19,2025-01-30,2025-02-03,1,3158.92,20,U.P.I,In-Store,pending,0,Loyalty discount applied manually
506077,476,103,26,7,2026-01-07,,4,600.85,0,Debit Card,In-Store,Returned,0,Urgent delivery requested
506408,680,51,34,4,2026-05-14,2026-05-18,5,372.41,30,U.P.I,Online,COMPLETED,132.5,
502879,529,110,4,17,2024-05-19,2024-05-20,1,244.78,15,CARD,In-Store,completed,0,Urgent delivery requested
506746,95,20,20,8,2024-05-27,2024-05-29,5,2948.51,0,CASH,In-Store,COMPLETED,0,Corporate order
505591,670,43,26,9,2025-08-20,2025-08-26,4,290.69,5,U.P.I,Online,Canceled,77.16,Loyalty discount applied manually
500343,350,37,24,14,2026-03-04,2026-03-08,5,200.2,5,upi,In-Store,completed,0,
500707,190,93,35,4,2024-04-22,2024-04-29,4,382.12,15,net banking,In-Store,Compeleted,0,Urgent delivery requested
507188,484,122,34,10,2025-01-15,2025-01-21,5,164.77,20,UPI,Online,COMPLETED,114.94,
507487,455,96,6,1,2025-06-30,2025-07-04,9,1909.48,25,Upi,Online,completed,75.47,
502309,405,67,5,14,2025-04-01,2025-04-06,9,1052.5,20,CASH,Online,pending,108.09,
500102,789,8,18,23,2024-04-05,2024-04-14,10,2632.8,25,cash,In-Store,Compeleted,0,
509738,595,32,8,14,2025-11-16,2025-11-19,4,105.79,10,Debit Card,Online,completed,64.81,Urgent delivery requested
504382,766,62,7,21,2024-09-01,2024-09-10,0,839.63,15,Credit Card,In-Store,Completed,0,Corporate order
508207,683,8,40,17,2024-09-18,2024-09-22,5,2764.21,20,Cash,Online,Completed,42.61,
504257,395,126,27,14,2024-11-22,2024-11-26,8,561.43,25,Cash,Online,Retuned,74.44,
509712,560,74,7,5,2026-02-17,2026-02-25,7,1334.45,50,CASH,In-Store,COMPLETED,0,
509088,705,79,18,14,2025-07-07,2025-07-13,3,1155.46,15,Upi,In-Store,Compeleted,0,Loyalty discount applied manually
506981,708,88817,11,12,2026-04-09,2026-04-14,3,1464.14,20,Net Banking,In-Store,Completed,0,Loyalty discount applied manually
505187,433,83,21,15,2024-11-05,2024-11-14,8,2309.68,5,Cash,Online,Retuned,37.21,
501507,548,117,18,23,2024-05-10,2024-05-16,9,283.8,10,Cash,In-Store,Completed,0,Urgent delivery requested
508298,12,87,37,11,2025-04-18,2025-04-19,10,1323.4,20,UPI,In-Store,PENDING,0,
503480,805,60,11,4,2026-04-06,2026-04-11,8,1541.64,30,Debit Card,In-Store,completed,0,Corporate order
505842,994,20,24,11,2024-03-22,2024-03-29,6,3014.01,30,cash,In-Store,cancelled,0,
509347,593,98,39,21,2024-01-31,2024-02-09,10,2003.39,25,NetBanking,Online,completed,132.58,
500414,589,18,22,6,2026-06-25,2026-06-30,8,916.4,5,cash,In-Store,COMPLETED,0,Bulk order - verify stock
502842,87,56,31,8,2025-09-21,2025-09-26,5,947.86,15,Card,Online,COMPLETED,30.66,
506566,746,24,16,5,2024-11-10,2024-11-11,1,4764.57,5,NetBanking,In-Store,Returned,0,Corporate order
508496,749,104,12,1,2024-12-02,2024-12-03,6,406.43,25,Credit Card,Online,pending,121.56,
501372,898,41,27,21,2024-01-23,2024-01-31,7,249.75,0,Cash,In-Store,pending,0,
506195,292,107,22,15,2024-09-06,2024-09-10,6,380.56,0,net banking,In-Store,Completed,0,
501583,766,68,4,1,2026-05-04,2026-05-08,6,361.02,30,Card,In-Store,Retuned,0,
504155,5,77,12,19,2026-03-05,2026-03-04,4,1390.63,25,Card,Online,Compeleted,124.6,
500620,933,14,33,19,2024-05-24,2024-06-02,10,4923.55,20,U.P.I,Online,Completed,58.31,
502694,461,55,1,22,2026-06-19,2026-06-23,3,1738.06,25,NEFT,In-Store,completed,0,
508864,565,17,37,17,2026-06-04,2026-06-07,8,4154.27,35,Cash,Online,Compeleted,111.58,
500497,743,69,13,4,2025-11-07,2025-11-11,9,1047.35,20,upi,In-Store,COMPLETED,0,Gift wrap requested
501747,764,24,11,15,2025-05-31,2025-06-03,10,4819.43,10,card,Online,Pending,31.68,Gift wrap requested
508429,676,121,20,15,2025-10-14,2025-10-16,6,521.85,5,cash,Online,returned,72.93,
503217,547,69,1,3,2024-05-16,2024-05-19,8,1054.95,0,cash,Online,Completed,117.01,
500493,248,106,13,13,2025-03-09,2025-03-17,4,680.35,20,UPI,Online,pending,122.9,
507618,879,79,26,3,2024-04-03,2024-04-10,2,1201.96,25,UPI,In-Store,Compeleted,0,Loyalty discount applied manually
507114,540,25,10,8,2024-05-29,2024-06-05,2,1492.44,15,NetBanking,In-Store,Compeleted,0,
508695,424,14,5,21,2025-06-20,2025-06-29,1,4779.91,5,cash,Online,Compeleted,51.42,
505281,423,69,17,9,2025-11-15,2025-11-17,5,1020.98,10,Net Banking,In-Store,COMPLETED,0,Urgent delivery requested
509681,897,88806,4,11,2025-05-05,2025-05-14,10,750.72,5,Net Banking,Online,Retuned,64.43,
503709,700,103,8,9,2024-10-29,2024-10-30,8,609.72,5,Card,Online,PENDING,130.49,
501733,480,116,13,4,2024-05-12,2024-05-21,8,197.28,15,NetBanking,In-Store,completed,0,
508565,773,59,2,15,2025-05-06,2025-05-15,6,1061.3,5,CASH,Online,Pending,62.85,Customer requested callback
507967,616,100,17,23,2025-08-05,2025-08-08,7,486.71,15,upi,Online,COMPLETED,136.2,Customer requested callback
502569,127,78,5,24,2025-02-06,2025-02-07,4,528.09,15,CASH,In-Store,Completed,0,
501368,190,67,18,19,2025-11-09,2025-11-13,7,1108.16,25,UPI,In-Store,Pending,0,
506108,294,95,29,22,2026-01-14,2026-01-22,6,666.31,25,CARD,Online,returned,144.72,Bulk order - verify stock
507362,196,3,31,13,2025-02-24,2025-02-25,10,4575.79,15,Credit Card,Online,cancelled,52.1,Corporate order
500064,848,45,28,1,2026-03-03,2026-03-01,4,157.73,30,Debit Card,Online,COMPLETED,104.37,Loyalty discount applied manually
506344,146,49,14,19,2024-01-16,2024-01-23,2,177.61,20,net banking,Online,Returned,142.96,
507400,779,63,20,5,2026-05-20,2026-05-26,7,1230.51,30,Credit Card,Online,completed,46.98,
507270,947,36,16,12,2025-07-25,2025-07-28,7,405.63,20,upi,In-Store,Compeleted,0,Customer requested callback
506419,920,116,37,6,2026-05-20,2026-05-29,8,201.41,20,NetBanking,In-Store,completed,0,
505575,,76,22,16,2025-01-20,2025-01-27,3,1806.02,10,UPI,Online,Compeleted,59.21,
509047,779,2,9,4,2025-08-14,2025-08-21,9,2806.76,25,NetBanking,Online,Canceled,141.27,Customer requested callback
504972,777,50,23,21,2024-10-30,2024-10-31,3,302.08,25,CASH,Online,Pending,79.14,Corporate order
508360,599,68,11,15,2025-11-28,2025-12-02,7,362.65,30,U.P.I,Online,COMPLETED,71.06,
505675,33,71,27,23,2026-02-12,2026-02-13,5,577.82,10,CASH,In-Store,Retuned,0,Customer requested callback
503225,266,33,15,18,2024-03-25,2024-03-27,9,389.79,25,Debit Card,Online,Completed,46.54,
503469,346,30,18,20,2024-05-01,2024-05-06,5,2828.24,5,Card,Online,Completed,93.84,Urgent delivery requested
505892,681,16,9,12,2025-12-30,2026-01-07,3,2048.44,15,Cash,In-Store,COMPLETED,0,Bulk order - verify stock
502155,691,115,8,17,2026-01-04,2026-01-06,10,341.56,20,cash,In-Store,completed,0,
507041,241,44,18,4,2024-07-16,2024-07-21,4,430.09,5,cash,Online,COMPLETED,107.73,Bulk order - verify stock
504393,811,88811,22,11,2025-02-03,2025-02-11,9,446.26,20,Credit Card,Online,Completed,145.33,
509588,848,3,16,22,2026-01-04,2026-01-13,4,4482.12,0,Upi,Online,COMPLETED,48.53,
502660,729,29,39,5,2024-07-16,2024-07-22,1,3049.32,25,Upi,Online,Completed,137.26,
505309,680,80,38,13,2025-12-18,2025-12-21,5,1307.7,10,upi,In-Store,Completed,0,Bulk order - verify stock
509195,159,88,9,18,2025-01-07,2025-01-11,1,767.03,20,CARD,Online,completed,35.03,
509578,936,78,1,22,2024-03-20,2024-03-27,4,498.72,10,Net Banking,In-Store,COMPLETED,0,
501355,4,118,34,17,2025-05-10,2025-05-14,8,463.96,0,net banking,In-Store,Compeleted,0,Loyalty discount applied manually
509299,520,17,24,11,2025-09-30,2025-10-03,9,4230.69,30,Cash,Online,Completed,35.54,
501611,777,90,36,24,2024-07-27,2024-08-02,9,1509.34,15,UPI,In-Store,returned,0,
500223,918,98,40,7,2025-07-08,2025-07-14,9,2075.03,15,CARD,In-Store,Cancelled,0,
504973,722,126,31,13,2024-10-31,2024-10-29,9,573.88,10,Credit Card,In-Store,COMPLETED,0,Bulk order - verify stock
500815,619,9,9,17,2026-03-21,2026-03-22,6,1219.05,10,net banking,Online,completed,130.12,Urgent delivery requested
502029,888,60,18,16,2024-04-22,2024-04-28,1,1581.24,20,NetBanking,In-Store,Compeleted,0,
507962,253,62,14,5,2026-02-20,2026-03-01,5,836.51,15,net banking,In-Store,Compeleted,0,
502786,,76,17,1,2024-05-31,2024-06-07,2,1713.98,15,Net Banking,Online,returned,77.13,Bulk order - verify stock
500177,261,108,13,6,2025-07-28,2025-08-02,5,176.94,20,NEFT,Online,COMPLETED,63.12,
504391,875,95,17,23,2025-08-08,2025-08-12,7,639.46,30,upi,Online,Canceled,41.1,Loyalty discount applied manually
508155,470,79,31,9,2025-06-10,2025-06-16,4,1243.07,30,UPI,Online,cancelled,62.45,
507138,53,17,14,11,2024-06-24,2024-06-26,0,4315.35,15,UPI,Online,completed,92.04,
507001,24,64,11,20,2024-11-13,2024-11-16,4,1336.6,5,Net Banking,Online,COMPLETED,97.73,
500940,74,85,29,12,2025-01-03,2025-01-06,4,875.73,20,net banking,In-Store,completed,0,
508510,532,55,40,17,2025-08-04,2025-08-12,6,1699.62,20,Cash,Online,Pending,141.74,Urgent delivery requested
509337,322,125,23,16,2025-03-01,2025-03-06,2,388.04,10,Debit Card,In-Store,COMPLETED,0,
505928,606,69,40,10,2024-09-12,2024-09-21,1,1060.94,15,upi,In-Store,completed,0,
509158,457,94,20,21,2026-01-20,2026-01-26,7,1327.77,45,UPI,Online,Completed,142.67,Urgent delivery requested
503181,306,42,3,18,2025-05-01,2025-05-07,2,85.79,0,UPI,In-Store,COMPLETED,0,Loyalty discount applied manually
500776,56,27,8,6,2024-12-19,2024-12-22,6,3753.86,35,CARD,Online,completed,140.79,
502760,16,84,38,9,2024-07-08,2024-07-15,7,757.93,20,cash,Online,Compeleted,94.15,
501223,810,36,1,7,2024-01-09,2024-01-12,9,437,30,Credit Card,Online,returned,121.04,Urgent delivery requested
506907,12,46,28,15,2026-01-01,2026-01-03,10,331.8,15,Debit Card,In-Store,Retuned,0,
503149,607,89,11,17,2025-06-12,2025-06-17,9,1839.76,20,net banking,Online,COMPLETED,99.49,
502200,445,47,15,1,2024-07-06,2024-07-11,8,121.05,25,CASH,Online,Returned,105.24,
503052,776,84,2,2,2024-05-06,2024-05-13,2,750.42,25,CASH,In-Store,PENDING,0,
500829,275,49,12,3,2024-01-11,2024-01-16,8,182.14,0,NetBanking,Online,Pending,147.3,
505085,838,124,8,23,2026-01-29,2026-01-31,3,272.87,0,CASH,In-Store,COMPLETED,0,
505049,82,44,18,6,2026-04-02,2026-04-04,1,423.22,25,NEFT,In-Store,Compeleted,0,
500918,833,55,34,1,2024-11-06,2024-11-09,8,1716.34,30,CASH,In-Store,completed,0,
504825,948,33,13,9,2025-10-15,2025-10-17,2,385.84,20,upi,Online,Retuned,119.28,Customer requested callback
504878,839,42,22,3,2025-06-26,2025-07-05,6,87.79,30,card,Online,Compeleted,-23.82,
504817,365,88813,7,8,2024-03-12,2024-03-18,6,861.1,5,Net Banking,Online,cancelled,33.36,Gift wrap requested
501648,245,56,32,3,2025-01-12,2025-01-18,4,891.1,10,CARD,Online,Compeleted,119.47,
508009,831,18,17,5,2025-09-30,2025-10-06,5,941.14,5,Card,Online,CANCELLED ,46.48,Loyalty discount applied manually
504714,65,69,19,16,2024-12-01,2024-12-03,1,1083.66,10,upi,Online,COMPLETED,70.38,
501977,826,100,37,10,2024-05-19,,2,487.76,35,Credit Card,Online,completed,36.42,
501059,97,9,24,24,2025-04-30,2025-05-03,4,1158.16,5,cash,In-Store,Completed,0,Loyalty discount applied manually
503136,57,31,19,2,2025-01-22,2025-01-30,7,163.91,30,CASH,Online,returned,114.27,Bulk order - verify stock
504189,663,53,25,17,2025-07-23,2025-07-29,2,270.1,30,cash,In-Store,Compeleted,0,Gift wrap requested
500306,714,51,30,20,2025-12-01,2025-12-04,1,370.58,30,U.P.I,Online,CANCELLED ,92.14,Corporate order
500550,,2,7,22,2025-05-05,2025-05-08,4,3014.88,0,CARD,Online,returned,143.41,
502846,150,83,23,17,2025-10-23,2025-10-28,2,2289.25,15,NEFT,Online,COMPLETED,108.9,
509006,321,107,11,14,2026-02-19,2026-02-22,6,385.64,30,Card,Online,COMPLETED,94.66,Corporate order
504805,707,53,7,4,2025-02-14,2025-02-23,9,291.47,15,Debit Card,Online,Completed,36.54,Loyalty discount applied manually
506182,934,41,38,24,2025-07-16,2025-07-23,1,249.09,20,Cash,Online,Completed,103.33,
502636,833,91,17,22,2025-02-18,2025-02-19,4,489.18,30,Debit Card,In-Store,Compeleted,0,
505068,71,6,40,6,2024-10-04,2024-10-11,10,1792.19,10,card,Online,returned,130.64,
508240,530,21,3,16,2025-07-09,2025-07-18,2,628.36,25,U.P.I,In-Store,COMPLETED,0,
504331,909,84,38,24,2024-03-18,2024-03-20,9,752.53,10,cash,Online,Compeleted,32.69,
501914,93,40,28,12,2024-11-05,2024-11-09,7,197.35,20,Net Banking,Online,pending,93.94,
503493,830,63,31,17,2024-12-31,2025-01-01,2,1205.71,20,upi,In-Store,Compeleted,0,
504349,290,89,15,12,2025-01-02,2025-01-06,7,1784.04,50,cash,Online,completed,47.27,
503762,220,120,38,22,2025-10-30,2025-11-06,8,151.63,0,cash,In-Store,Returned,0,
509475,774,40,25,19,2024-09-27,2024-09-28,6,195.66,20,Debit Card,In-Store,COMPLETED,0,Corporate order
503466,322,62,12,2,2025-11-17,2025-11-21,9,864.66,20,CASH,In-Store,Completed,0,Loyalty discount applied manually
502436,246,75,23,16,2026-03-19,2026-03-26,4,1246.07,25,CASH,In-Store,Completed,0,Gift wrap requested
501644,942,105,12,12,2024-10-04,2024-10-08,1,461.31,20,NetBanking,In-Store,Pending,0,Customer requested callback
507257,767,110,33,22,2025-05-10,2025-05-18,3,232.79,30,cash,In-Store,Compeleted,0,
502696,903,63,3,10,2025-02-17,2025-02-18,5,1179.41,0,net banking,Online,Pending,123.41,
508654,652,110,20,10,2025-12-22,2025-12-25,1,235.42,20,UPI,In-Store,Returned,0,Gift wrap requested
508371,983,96,8,11,2024-12-10,2024-12-12,1,1877.09,20,Credit Card,Online,Completed,130.05,Loyalty discount applied manually
508433,856,62,32,6,2026-06-12,2026-06-19,8,857.64,25,Credit Card,In-Store,Completed,0,
507680,762,82,33,21,2026-05-22,2026-05-28,5,567.35,50,Upi,In-Store,Completed,0,Customer requested callback
502757,334,68,2,14,2024-09-04,2024-09-05,1,367.46,25,CASH,In-Store,PENDING,0,
501299,446,78,5,12,2024-08-01,2024-08-04,7,523.54,30,U.P.I,Online,returned,114.65,Bulk order - verify stock
503621,114,18,35,12,2026-06-27,2026-07-02,10,916.84,30,NetBanking,In-Store,Compeleted,0,Gift wrap requested
502004,554,113,4,21,2026-05-06,2026-05-03,7,230.43,10,U.P.I,In-Store,CANCELLED ,0,Bulk order - verify stock
502687,831,81,8,23,2025-03-15,2025-03-22,3,1726.8,15,upi,In-Store,completed,0,
505318,840,96,21,20,2026-01-03,2026-01-11,7,1998.36,25,Credit Card,Online,returned,130.85,Urgent delivery requested
503826,565,110,14,17,2024-07-01,2024-07-03,6,248.45,30,card,Online,Completed,44.29,Gift wrap requested
508308,562,15,25,9,2024-12-04,2024-12-03,7,1851.44,15,Card,Online,cancelled,64.01,
502565,313,104,23,20,2025-09-22,2025-09-25,5,405.85,15,UPI,In-Store,cancelled,0,Gift wrap requested
503735,886,66,5,16,2026-01-16,2026-01-21,8,1822.03,30,Upi,Online,Canceled,57.93,Bulk order - verify stock
504743,660,111,3,19,2024-06-29,2024-07-06,2,634.55,25,Debit Card,In-Store,Completed,0,
509597,489,109,36,12,2025-08-10,2025-08-18,5,475.65,0,Card,In-Store,Retuned,0,Loyalty discount applied manually
509071,,97,15,16,2026-01-08,2026-01-16,5,1732.39,30,cash,Online,Returned,72.45,Urgent delivery requested
505353,313,21,10,11,2024-11-15,2024-11-19,4,616.92,10,U.P.I,In-Store,COMPLETED,0,
500244,384,81,20,14,2026-05-24,2026-06-01,10,1847.89,20,Upi,Online,Retuned,135.09,Gift wrap requested
500036,263,35,37,22,2024-12-14,2024-12-18,7,180.61,15,cash,Online,Pending,71.17,Gift wrap requested
508874,618,55,2,14,2024-10-15,2024-10-23,9,1635.87,10,U.P.I,In-Store,Completed,0,
503965,357,126,32,22,2025-03-23,2025-03-25,10,585.18,15,Debit Card,Online,Retuned,117.51,Corporate order
506544,439,63,11,24,2024-09-11,2024-09-18,6,1212,15,Upi,In-Store,Compeleted,0,Corporate order
507233,255,88,4,10,2025-12-24,2025-12-25,9,750.43,15,NetBanking,Online,Completed,108.19,
507638,180,77,26,16,2025-08-11,2025-08-19,3,1395.5,10,card,In-Store,COMPLETED,0,Customer requested callback
506176,923,14,16,4,2024-08-12,2024-08-13,1,4929.05,10,CASH,In-Store,COMPLETED,0,Corporate order
505729,756,95,17,19,2024-01-22,2024-01-31,8,657.69,20,CARD,In-Store,completed,0,
501435,19,64,11,2,2024-08-08,2024-08-10,4,1320.07,20,cash,In-Store,completed,0,
508192,49,46,36,5,2025-02-07,2025-02-13,5,316.14,25,UPI,In-Store,Compeleted,0,Customer requested callback
509100,331,35,29,16,2024-01-12,2024-01-17,1,183.67,10,NetBanking,Online,Completed,143.56,Gift wrap requested
508575,671,31,21,17,2025-11-14,2025-11-20,3,163.6,15,UPI,In-Store,COMPLETED,0,
506422,852,96,15,17,2024-02-10,2024-02-19,10,1884.16,20,UPI,In-Store,Retuned,0,
505194,269,66,21,2,2024-06-16,2024-06-17,1,1817.39,25,upi,Online,completed,40.95,
509743,322,6,10,4,2026-06-23,2026-07-01,3,1690.24,20,cash,Online,Compeleted,62,Customer requested callback
502805,252,86,37,11,2025-11-18,2025-11-24,3,440.26,20,Net Banking,Online,Retuned,135.86,Urgent delivery requested
508507,273,22,4,9,2026-04-19,2026-04-24,10,1291.51,10,NetBanking,In-Store,cancelled,0,Corporate order
507674,685,79,34,14,2024-04-18,2024-04-19,5,1205.3,30,Upi,In-Store,Completed,0,
501317,537,57,27,10,2024-02-13,2024-02-21,10,1399.18,30,Card,Online,completed,67.15,
506883,171,32,39,22,2025-02-06,2025-02-08,7,104.85,15,Net Banking,In-Store,Canceled,0,
507375,18,16,9,1,2025-05-11,2025-05-14,3,2093.04,5,upi,In-Store,Retuned,0,Bulk order - verify stock
503284,134,59,16,17,2026-06-20,2026-06-24,9,986.18,15,NetBanking,Online,Compeleted,125.71,Customer requested callback
507705,616,78,40,13,2025-09-24,2025-09-25,1,519.74,20,U.P.I,Online,Compeleted,105.24,
503960,701,1,5,7,2024-09-27,2024-10-06,10,2931.93,15,card,Online,completed,140.93,
508126,948,100,3,14,2024-07-27,2024-08-03,5,533.88,5,UPI,Online,completed,124.06,Bulk order - verify stock
500197,780,71,7,6,2025-08-22,2025-08-26,7,592.15,0,card,Online,Canceled,72.92,
505840,520,94,11,5,2024-09-24,2024-09-28,2,1367.13,30,Credit Card,In-Store,Completed,0,Corporate order
506461,858,48,34,1,2025-01-28,2025-01-29,2,130.3,0,Net Banking,In-Store,COMPLETED,0,
503736,842,78,40,7,2025-09-02,2025-09-03,9,501.9,15,NetBanking,Online,COMPLETED,43.8,Bulk order - verify stock
509252,568,113,20,14,2025-07-23,2025-07-31,7,239.03,20,Upi,Online,Compeleted,113.62,Bulk order - verify stock
509075,741,108,38,22,2024-02-13,2024-02-22,3,164.06,0,U.P.I,In-Store,COMPLETED,0,
503679,666,89,19,7,2024-05-31,2024-06-04,3,1739.48,25,NetBanking,Online,COMPLETED,89.05,Urgent delivery requested
504766,633,97,33,16,2025-05-26,2025-05-21,6,1812.58,25,U.P.I,In-Store,Completed,0,Urgent delivery requested
503901,710,31,20,5,2024-09-08,2024-09-09,5,158.57,30,Net Banking,Online,cancelled,102.27,Bulk order - verify stock
504314,64,9,30,24,2026-02-01,2026-02-04,3,1244.72,20,Upi,Online,completed,45.6,
502473,392,68,29,3,2026-06-24,2026-06-25,9,381.74,25,CARD,In-Store,Compeleted,0,
506484,442,18,4,22,2025-06-05,2025-06-06,8,896.18,25,CASH,Online,completed,75.88,Loyalty discount applied manually
507316,463,7,34,7,2024-06-08,2024-06-11,9,721.6,10,CARD,Online,Compeleted,33.04,
506918,531,35,15,5,2024-07-09,2024-07-18,4,179.52,30,U.P.I,In-Store,returned,0,Customer requested callback
503033,518,72,31,4,2025-09-21,2025-09-27,7,1289.05,30,CASH,Online,completed,115.2,Gift wrap requested
500121,361,68,3,18,2025-09-20,2025-09-24,9,367.04,25,NetBanking,Online,pending,103.21,
507634,999014,36,22,14,2025-09-09,2025-09-16,5,431.11,25,CARD,In-Store,Completed,0,Urgent delivery requested
509448,234,33,19,15,2025-12-30,2026-01-04,6,382.24,10,cash,In-Store,completed,0,Loyalty discount applied manually
500782,529,48,2,6,2024-07-03,2024-07-07,1,129.61,15,CASH,Online,completed,133.43,Gift wrap requested
503946,278,24,22,22,2025-08-20,2025-08-25,6,4591.18,30,Cash,In-Store,PENDING,0,
506363,794,72,39,5,2024-11-04,2024-11-06,4,1283.39,10,card,Online,completed,57.68,
508576,212,18,28,13,2025-06-27,2025-07-03,9,945.38,25,Card,Online,completed,122.92,Loyalty discount applied manually
509623,916,36,16,12,2024-10-20,2024-10-21,4,427.92,30,NetBanking,In-Store,CANCELLED ,0,Loyalty discount applied manually
509820,670,100,9,3,2024-10-01,2024-10-05,5,501.68,30,Cash,In-Store,Completed,0,Loyalty discount applied manually
500113,992,60,21,4,2024-05-16,2024-05-23,3,1646.24,15,Cash,Online,CANCELLED ,32.73,
504695,558,120,37,16,2025-03-20,2025-03-28,10,159.35,30,Upi,In-Store,cancelled,0,
503930,325,1,18,8,2025-03-30,2025-04-02,4,2692.85,50,Card,In-Store,Compeleted,0,Customer requested callback
508568,413,9,31,21,2026-05-06,2026-05-09,3,1144.8,25,NEFT,Online,Completed,64.51,
505321,548,19,26,14,2025-10-09,2025-10-11,4,2547.87,15,CASH,In-Store,Completed,0,Corporate order
508856,755,19,8,22,2025-07-21,2025-07-29,2,2563.41,10,CASH,Online,Completed,73.46,Loyalty discount applied manually
509272,851,41,14,23,2024-01-25,2024-01-29,8,228.04,45,Credit Card,In-Store,Cancelled,0,
503982,175,97,26,20,2024-01-17,2024-01-25,2,1745.55,25,net banking,In-Store,Retuned,0,Loyalty discount applied manually
501677,115,54,22,16,2025-06-28,2025-07-06,5,315.24,15,NetBanking,In-Store,completed,0,
504694,27,74,16,1,2025-06-06,2025-06-09,4,1407.43,0,CARD,Online,Completed,111.51,
507022,296,93,16,7,2024-07-10,2024-07-18,10,388.59,20,U.P.I,In-Store,COMPLETED,0,
505701,206,81,15,7,2024-12-05,2024-12-13,4,1876.78,0,Debit Card,In-Store,completed,0,
503472,57,89,40,11,2025-12-04,2025-12-08,7,1877.84,25,NetBanking,Online,completed,71.9,Bulk order - verify stock
502228,142,59,21,11,2024-01-08,2024-01-13,5,1061.04,10,card,Online,Pending,105.66,Loyalty discount applied manually
502965,177,75,37,11,2026-04-02,2026-04-08,10,1160.48,15,cash,Online,Canceled,29.51,
506478,46,27,39,12,2024-09-01,2024-09-06,6,3794.92,30,Net Banking,Online,PENDING,148.55,
500800,372,110,33,14,2025-09-01,2025-09-08,1,235.78,0,Credit Card,In-Store,Retuned,0,
508299,449,82,35,14,2024-12-09,2024-12-10,6,522.68,30,Credit Card,Online,Compeleted,53.86,Gift wrap requested
505356,389,93,5,1,2025-08-25,2025-08-28,8,369.27,25,Upi,In-Store,Compeleted,0,Urgent delivery requested
501251,843,35,28,14,2025-11-15,2025-11-23,5,187.33,10,Upi,In-Store,Retuned,0,
508851,666,41,31,22,2025-06-12,2025-06-14,3,237.37,35,Debit Card,In-Store,COMPLETED,0,
500894,501,45,3,9,2024-09-10,2024-09-16,8,167.92,15,Debit Card,Online,completed,129.21,
504427,582,4,21,10,2024-03-31,2024-04-02,7,4392.59,25,cash,Online,COMPLETED,98.61,Gift wrap requested
502448,56,72,7,11,2025-10-06,2025-10-11,8,1320.64,15,net banking,Online,Compeleted,127.36,
502884,200,5,9,2,2024-03-05,2024-03-13,3,3409.93,20,NetBanking,In-Store,Completed,0,Urgent delivery requested
501551,52,17,7,2,2024-03-09,2024-03-15,6,4202.16,20,Debit Card,In-Store,completed,0,
505207,270,53,18,19,2024-09-28,2024-10-07,8,278.81,10,upi,Online,Completed,83.44,
506606,119,70,9,6,2024-07-17,2024-07-26,9,1961.26,10,cash,In-Store,CANCELLED ,0,
509107,877,24,32,5,2025-03-22,2025-03-26,5,4818.61,0,upi,In-Store,COMPLETED,0,
504047,515,111,7,7,2025-04-28,2025-05-03,0,686.03,30,Upi,Online,Completed,55.14,Urgent delivery requested
503424,569,88,28,4,2025-01-02,,9,762.49,15,net banking,In-Store,Compeleted,0,Urgent delivery requested
509561,442,13,29,19,2024-11-08,2024-11-11,8,4069.16,25,CASH,In-Store,Compeleted,0,Urgent delivery requested
501822,991,17,37,7,2025-04-07,2025-04-10,3,4163.23,30,card,Online,Completed,93.13,
500552,742,35,12,14,2025-10-30,2025-11-07,5,180.99,25,upi,In-Store,Compeleted,0,Customer requested callback
504410,162,52,14,18,2025-11-08,2025-11-16,8,375.09,5,NEFT,In-Store,pending,0,
501190,885,60,26,20,2025-02-19,2025-02-21,2,1532,15,cash,In-Store,Completed,0,Bulk order - verify stock
501540,928,31,30,11,2026-02-24,2026-03-03,4,166.61,5,CASH,Online,COMPLETED,72.67,
508053,812,24,22,23,2024-06-25,,7,4595.51,15,net banking,In-Store,completed,0,
500406,87,72,9,5,2026-05-21,2026-05-24,8,1237.47,30,CARD,Online,returned,142.38,Gift wrap requested
501832,334,106,9,13,2025-04-07,2025-04-11,7,684.86,20,U.P.I,In-Store,Compeleted,0,
509231,791,116,20,13,2026-05-29,2026-05-30,6,212.7,30,NetBanking,Online,COMPLETED,46.22,
509639,79,12,37,4,2025-08-21,2025-08-24,3,481.87,5,NetBanking,In-Store,Compeleted,0,
506721,496,84,18,7,2024-09-27,2024-10-04,3,715.38,10,CASH,In-Store,completed,0,
507250,106,94,8,16,2024-04-10,2024-04-17,3,1335.7,20,cash,Online,CANCELLED ,96.4,Customer requested callback
509007,60,108,1,23,2025-09-23,2025-09-28,7,173.36,25,cash,In-Store,Completed,0,Corporate order
506791,363,46,26,23,2024-12-25,2025-01-03,3,329.37,15,UPI,In-Store,Compeleted,0,
503745,410,33,17,12,2024-10-30,2024-11-03,8,391.06,10,Card,In-Store,COMPLETED,0,
508323,46,125,18,14,2024-11-23,2024-11-25,5,409,15,CARD,Online,Compeleted,65.16,
504599,965,57,28,3,2026-01-25,2026-01-31,1,1321.27,30,UPI,Online,Compeleted,101.59,
503423,935,17,1,12,2024-05-28,2024-06-02,4,4123.32,25,U.P.I,Online,pending,65.18,
509541,535,56,28,21,2024-06-05,2024-06-07,10,907.04,25,Cash,Online,Completed,82.97,
502721,412,8,25,8,2024-03-08,2024-03-09,6,2690.38,25,Debit Card,Online,Canceled,112.35,Bulk order - verify stock
500833,824,19,9,19,2025-04-09,2025-04-14,9,2679.84,15,Upi,Online,completed,30.89,Customer requested callback
508397,554,72,40,24,2025-08-11,2025-08-15,3,1307.72,30,CASH,Online,COMPLETED,80.64,Gift wrap requested
502912,7,67,27,3,2024-01-16,2024-01-22,10,1049.09,15,NetBanking,Online,returned,78.3,Gift wrap requested
507901,523,26,5,20,2025-03-16,2025-03-21,2,3304,5,Cash,In-Store,Completed,0,
503880,547,77,19,22,2024-10-13,2024-10-20,9,1502.79,30,CASH,Online,Compeleted,148.42,Bulk order - verify stock
504977,439,97,35,22,2025-09-07,2025-09-16,4,1788.93,10,cash,Online,COMPLETED,34.59,
502240,247,123,8,13,2025-04-10,2025-04-18,9,404.96,0,Cash,In-Store,Compeleted,0,Urgent delivery requested
509577,824,61,28,10,2026-04-04,2026-04-10,3,1068.44,15,upi,Online,Compeleted,144.74,
503995,188,53,25,9,2025-04-29,2025-05-07,3,280.46,20,Debit Card,Online,Compeleted,88.6,Urgent delivery requested
501381,565,44,28,5,2026-06-29,2026-07-04,5,446.4,20,CASH,Online,COMPLETED,85.27,
503201,614,78,17,18,2025-06-22,2025-06-29,8,539.76,5,net banking,Online,Canceled,133.63,Gift wrap requested
506534,185,54,9,17,2025-04-23,2025-04-26,9,323.89,30,NEFT,Online,Compeleted,116.9,
502117,246,56,29,13,2025-10-12,2025-10-13,1,896.93,25,net banking,Online,Returned,148.56,
505211,999,82,35,18,2024-09-04,2024-09-06,10,524.78,5,Net Banking,Online,Completed,126.82,
505243,225,106,14,14,2024-06-09,2024-06-04,1,702.34,15,cash,In-Store,cancelled,0,
504190,874,88813,30,8,2026-02-02,2026-02-03,1,1405.73,20,Cash,In-Store,Canceled,0,
504734,196,107,26,10,2026-06-07,2026-06-16,5,382.09,10,Card,In-Store,Pending,0,
503627,788,47,36,24,2024-07-03,2024-07-04,5,112.65,5,Credit Card,In-Store,completed,0,
509622,795,91,26,7,2024-04-19,2024-04-21,10,463.02,15,Cash,Online,Compeleted,73.05,
506969,761,120,29,15,2024-05-23,2024-05-24,5,157.16,0,NEFT,In-Store,Completed,0,
504062,886,86,4,14,2024-07-30,2024-08-05,4,459.39,20,UPI,In-Store,Returned,0,
506925,928,53,1,9,2025-06-12,2025-06-14,9,274.49,25,U.P.I,In-Store,Completed,0,
500740,357,38,6,18,2025-08-24,2025-08-26,7,293.87,25,Credit Card,In-Store,Completed,0,Loyalty discount applied manually
504635,607,57,36,4,2025-05-24,2025-06-01,1,1362.12,5,Credit Card,In-Store,Completed,0,Bulk order - verify stock
501488,98,84,12,19,2024-04-23,2024-05-01,1,764.97,30,card,In-Store,completed,0,Customer requested callback
506561,47,18,19,19,2025-06-11,2025-06-16,8,900.52,15,Upi,Online,completed,136.74,
507824,651,39,13,13,2024-01-17,2024-01-26,6,494.5,10,cash,Online,Completed,94.26,
509548,249,118,37,13,2024-07-19,2024-07-27,8,451.47,5,Net Banking,In-Store,completed,0,Corporate order
501916,110,120,18,23,2025-09-20,2025-09-27,3,161.6,20,NEFT,In-Store,Compeleted,0,
508066,193,93,5,3,2025-03-27,2025-04-03,7,389.67,10,Net Banking,In-Store,Returned,0,
505518,808,111,18,7,2026-05-24,2026-05-25,4,656.8,15,cash,Online,Returned,100.49,
500317,771,88819,35,7,2024-11-19,2024-11-26,10,624.84,0,cash,Online,Completed,103.78,Customer requested callback
504386,914,25,8,9,2026-05-05,2026-05-13,9,1479.51,5,net banking,In-Store,Compeleted,0,
509056,228,115,31,6,2026-04-02,2026-04-05,8,330.36,25,U.P.I,In-Store,Completed,0,Customer requested callback
508448,24,11,10,24,2025-12-12,2025-12-20,3,4601.96,25,Upi,Online,completed,92.59,
504574,676,126,35,11,2025-11-15,2025-11-20,8,570.1,5,Cash,Online,completed,51.05,Customer requested callback
501995,668,17,2,23,2024-04-13,2024-04-18,6,4343.38,0,U.P.I,Online,Canceled,132.2,Corporate order
500884,646,66,23,20,2024-04-09,2024-04-14,1,1851.56,20,Upi,In-Store,COMPLETED,0,Bulk order - verify stock
504307,966,61,23,23,2024-11-21,2024-11-26,8,1152.13,10,upi,Online,Compeleted,120.59,Loyalty discount applied manually
503743,814,85,2,13,2024-11-26,2024-12-01,8,868.64,25,Cash,In-Store,Compeleted,0,
506262,287,124,21,22,2025-06-20,2025-06-23,10,282.26,0,Cash,In-Store,Compeleted,0,
505923,946,95,12,6,2025-11-10,2025-11-12,9,687.58,25,CASH,In-Store,completed,0,
501160,146,59,5,12,2025-10-22,2025-10-23,5,1074.02,20,Cash,Online,Returned,73.03,Bulk order - verify stock
501502,585,84,18,6,2025-05-08,2025-05-16,8,722.45,5,CARD,Online,completed,55.63,
506839,177,71,34,2,2025-11-17,2025-11-12,5,576.42,30,Upi,Online,completed,56.56,
508953,53,98,25,8,2025-03-05,2025-03-14,3,1984.88,15,U.P.I,Online,Pending,140.87,
501704,595,104,7,7,2025-04-30,2025-05-01,5,375.37,35,UPI,Online,COMPLETED,61.01,
507485,995,2,33,1,2025-01-01,2025-01-02,9,3009.36,25,Cash,In-Store,Canceled,0,
509181,1,85,20,20,2024-09-21,2024-09-24,1,911.16,20,Card,In-Store,Completed,0,
509751,608,111,28,24,2025-08-30,2025-09-03,3,668.06,20,NetBanking,In-Store,Compeleted,0,Customer requested callback
500084,995,10,8,15,2024-03-15,2024-03-22,9,778.1,25,NEFT,Online,Retuned,46.55,Customer requested callback
502527,41,3,27,11,2025-05-09,2025-05-13,9,4374.96,0,CASH,In-Store,Completed,-46.12,
506441,427,55,12,16,2024-08-21,2024-08-28,8,1752.76,30,Credit Card,Online,completed,102.89,Bulk order - verify stock
508620,38,60,1,3,2024-07-29,2024-08-06,10,1631.64,30,Upi,In-Store,completed,0,
509802,796,9,31,11,2024-03-25,2024-03-31,4,1172.36,25,Upi,Online,Cancelled,66.28,
509477,804,53,1,17,2024-09-20,2024-09-25,6,269.44,35,upi,Online,Compeleted,33.44,
507002,158,25,14,14,2024-04-09,2024-04-11,8,1389.4,15,Net Banking,In-Store,cancelled,0,
500657,228,15,20,2,2025-08-03,,10,1804.39,30,Credit Card,In-Store,COMPLETED,0,Gift wrap requested
504157,306,22,13,7,2025-09-14,2025-09-15,10,1365.29,25,upi,In-Store,Completed,0,Gift wrap requested
504523,281,57,27,3,2024-02-29,2024-03-08,10,1432.71,15,Cash,In-Store,Cancelled,0,
509234,294,41,21,17,2025-11-20,2025-11-21,6,230.41,10,Card,Online,returned,70.37,Bulk order - verify stock
501783,354,2,9,23,2024-02-27,2024-03-04,9,2752.99,10,Debit Card,Online,COMPLETED,60.16,Gift wrap requested
504807,745,72,12,10,2024-02-11,2024-02-15,4,1285.31,15,Upi,Online,pending,91.59,
508688,623,122,14,14,2024-10-25,2024-10-26,10,156.79,25,CARD,Online,Canceled,119.27,Bulk order - verify stock
508017,419,18,40,22,2024-11-23,2024-11-25,8,897.99,0,Debit Card,In-Store,CANCELLED ,0,Corporate order
504266,938,52,10,4,2025-01-01,2025-01-06,3,371.64,30,cash,Online,Compeleted,124.94,Bulk order - verify stock
502663,479,20,29,10,2026-02-10,2026-02-19,8,3061.46,5,U.P.I,Online,returned,33.88,Bulk order - verify stock
505457,178,23,21,16,2024-04-28,2024-05-07,9,1947.33,5,Net Banking,In-Store,COMPLETED,0,
506261,452,105,3,23,2025-10-19,2025-10-26,4,470.79,25,NetBanking,In-Store,Completed,0,Customer requested callback
507632,2,113,8,16,2026-06-04,2026-06-06,3,245.99,30,net banking,Online,Canceled,124.01,
500505,819,44,21,14,2024-09-11,2024-09-20,1,415.81,15,U.P.I,In-Store,PENDING,0,Loyalty discount applied manually
502751,144,69,32,24,2026-05-06,2026-05-08,3,1125.28,20,card,In-Store,returned,0,Customer requested callback
504170,201,32,34,1,2025-04-01,2025-04-03,8,99.78,10,CARD,In-Store,completed,0,
508487,422,121,21,22,2025-02-20,2025-02-27,8,529.66,10,Debit Card,In-Store,completed,0,Bulk order - verify stock
500581,404,55,6,15,2024-03-23,2024-03-30,6,1726.62,30,Cash,In-Store,Cancelled,0,Gift wrap requested
509496,784,31,12,20,2024-07-18,2024-07-26,10,162.09,10,NetBanking,In-Store,cancelled,0,Loyalty discount applied manually
507327,367,90,28,13,2026-05-05,2026-05-07,9,1579.34,10,CARD,In-Store,COMPLETED,0,Urgent delivery requested
508883,87,73,22,2,2025-10-29,2025-11-05,7,1109.55,25,Upi,Online,Completed,91.94,Bulk order - verify stock
507626,184,50,1,3,2024-07-29,2024-08-07,7,298.36,25,UPI,In-Store,Canceled,0,
502806,776,24,20,5,2024-03-11,2024-03-18,7,4845.93,20,CARD,In-Store,COMPLETED,0,Gift wrap requested
505659,469,107,7,11,2026-01-16,2026-01-18,7,384.34,0,Net Banking,In-Store,Compeleted,0,
500615,478,17,25,13,2025-03-19,,1,4010.06,0,Card,In-Store,completed,0,
500030,423,104,9,4,2026-01-14,2026-01-23,4,390.74,20,Upi,In-Store,completed,0,
505482,961,117,35,3,2025-04-28,2025-05-06,10,293.91,10,cash,In-Store,Compeleted,0,
502685,675,66,17,5,2025-02-19,2025-02-20,8,1790.33,30,cash,In-Store,Returned,0,
505517,481,16,14,3,2026-03-27,2026-03-31,9,2133.03,20,U.P.I,Online,completed,33.95,
505545,353,22,34,24,2024-07-06,2024-07-07,7,1365.32,5,card,Online,Canceled,124.94,
502085,346,106,16,21,2024-09-10,2024-09-17,10,697.86,20,CASH,Online,completed,115.69,Gift wrap requested
501483,744,97,31,20,2026-02-21,2026-02-24,1,1885.04,10,Card,In-Store,Compeleted,0,
508724,980,68,31,8,2025-04-12,2025-04-19,3,371.74,10,cash,Online,COMPLETED,143.28,Gift wrap requested
509733,292,34,2,2,2024-10-13,2024-10-14,1,144.96,20,Debit Card,Online,completed,51.79,Loyalty discount applied manually
505003,672,19,38,20,2024-01-21,,6,2761.67,5,UPI,In-Store,COMPLETED,0,Loyalty discount applied manually
504226,591,39,33,5,2025-02-09,2025-02-18,10,473.69,0,Card,In-Store,completed,0,
506288,503,80,33,16,2024-09-13,2024-09-20,3,1310.39,25,NEFT,In-Store,completed,0,
502405,405,2,4,16,2025-10-11,2025-10-13,2,2954.61,25,Debit Card,In-Store,Completed,0,
505038,468,98,26,24,2025-12-21,2025-12-30,5,1983.32,5,cash,Online,COMPLETED,144.96,Customer requested callback
502191,199,37,7,12,2026-02-12,2026-02-07,10,194.69,0,upi,In-Store,completed,0,
500348,69,87,10,1,2026-04-22,2026-05-01,5,,20,net banking,In-Store,Compeleted,0,Urgent delivery requested
502559,683,109,1,24,2026-01-23,2026-01-28,5,486.5,25,NetBanking,Online,completed,56.58,
509803,278,110,36,9,2026-02-11,2026-02-20,10,254.56,20,NetBanking,In-Store,completed,0,Gift wrap requested
502059,461,89,24,17,2024-09-22,2024-09-19,1,1750.04,10,NEFT,In-Store,completed,0,
500736,86,35,22,18,2025-08-09,2025-08-11,3,179.19,0,card,Online,Completed,59.76,Corporate order
508474,18,89,11,24,2024-06-13,2024-06-21,3,1738.11,10,Net Banking,In-Store,Compeleted,0,
506116,40,59,30,22,2024-02-23,2024-03-02,2,1022.53,5,U.P.I,Online,Pending,81.15,
508290,797,23,24,17,2026-03-24,2026-04-01,8,2054.23,30,CASH,Online,returned,78.01,
506526,290,95,3,12,2025-04-01,2025-04-03,1,686.66,0,Upi,Online,COMPLETED,53.31,
508849,401,36,24,15,2025-12-30,2026-01-04,4,434.58,10,Cash,Online,completed,111.91,
509384,73,5,21,1,2025-08-27,2025-08-28,8,3307.68,30,card,In-Store,Completed,0,Corporate order
507027,140,83,11,24,2025-10-23,2025-10-24,0,2479.36,20,Debit Card,Online,completed,123.63,
500925,362,68,29,8,2024-12-07,2024-12-09,9,356.49,25,Upi,In-Store,COMPLETED,0,Loyalty discount applied manually
506537,959,97,12,23,2024-10-15,2024-10-22,4,1821.5,20,card,In-Store,Compeleted,0,
503625,94,42,28,21,2026-01-13,2026-01-17,7,86.68,0,Net Banking,In-Store,completed,0,Urgent delivery requested
503633,45,29,10,5,2026-06-10,2026-06-18,3,2944.73,10,NEFT,In-Store,Completed,0,
504279,721,36,7,3,2025-07-21,2025-07-25,1,404.58,5,Cash,In-Store,pending,0,Corporate order
501233,297,72,7,6,2026-05-11,2026-05-12,8,1316.65,30,U.P.I,Online,Compeleted,31.08,
506528,522,31,17,11,2026-05-27,2026-05-28,6,167.62,35,cash,Online,COMPLETED,123.36,
500053,88,53,13,3,2024-08-19,2024-08-27,7,277.34,15,NetBanking,In-Store,Completed,0,
509397,1000,90,17,21,2024-09-02,2024-09-11,1,1597.13,10,Cash,In-Store,Completed,0,Bulk order - verify stock
506792,808,65,29,12,2024-04-06,2024-04-10,6,1480.21,25,Debit Card,In-Store,completed,0,
507802,114,35,40,12,2024-01-02,2024-01-09,6,186.73,25,U.P.I,In-Store,COMPLETED,0,
500558,141,6,18,16,2025-10-14,2025-10-23,2,1630.61,30,NetBanking,In-Store,PENDING,0,
507940,913,58,36,3,2026-06-06,2026-06-14,3,1907.6,20,Net Banking,In-Store,completed,0,Corporate order
504478,636,19,20,22,2024-08-14,2024-08-20,7,2710.71,10,CASH,In-Store,Compeleted,0,Gift wrap requested
509115,58,75,24,10,2025-06-24,2025-06-27,4,1186.22,25,cash,Online,Returned,119.4,
504872,269,123,18,2,2026-06-18,2026-06-20,9,395.73,30,Cash,In-Store,Completed,0,
500920,682,35,6,23,2024-07-13,2024-07-19,5,178.47,0,CARD,In-Store,completed,0,
508439,492,113,11,4,2024-02-28,2024-03-01,4,229.67,25,cash,In-Store,Compeleted,0,Bulk order - verify stock
508646,354,28,5,5,2025-09-02,2025-09-08,7,3909.76,30,Cash,In-Store,Completed,0,
504794,92,2,37,15,2024-04-10,2024-04-16,8,2827.47,0,Cash,Online,completed,133.74,Loyalty discount applied manually
507960,606,116,1,19,2024-07-19,2024-07-24,10,210.93,5,Credit Card,In-Store,pending,0,Customer requested callback
507944,747,125,19,5,2025-02-10,2025-02-16,9,393.26,10,U.P.I,Online,Completed,74,
507997,619,115,28,14,2025-10-04,2025-09-29,4,336.42,25,Credit Card,Online,COMPLETED,146.2,
506682,,125,24,10,2024-06-24,2024-06-28,7,393.11,20,Cash,In-Store,Compeleted,0,Corporate order
500265,753,86,25,4,2025-11-20,2025-11-17,8,464.43,20,upi,Online,Completed,32.03,
503218,525,114,12,2,2024-09-06,2024-09-07,1,191.18,5,U.P.I,Online,Completed,64.25,
509696,858,47,14,5,2025-03-25,2025-03-26,6,119.75,0,CARD,In-Store,Completed,0,Customer requested callback
503016,780,121,15,13,2024-03-24,,2,526.64,10,NEFT,In-Store,Retuned,0,Bulk order - verify stock
504683,215,107,36,10,2026-06-06,2026-06-10,2,370.84,15,upi,Online,PENDING,45.08,
508472,312,2,3,16,2025-07-18,2025-07-27,3,2948.22,0,Card,In-Store,completed,0,Bulk order - verify stock
506994,376,75,36,10,2025-01-30,2025-02-04,8,1149.75,25,UPI,Online,Compeleted,131.99,
503732,801,65,20,1,2024-04-08,2024-04-10,4,1590.98,15,UPI,Online,Compeleted,139.22,
504757,703,17,23,12,2024-07-17,2024-07-18,5,3964.78,15,U.P.I,Online,Returned,144.04,
509481,96,29,18,2,2024-12-12,2024-12-14,3,3048.26,20,NetBanking,Online,Completed,142.95,Loyalty discount applied manually
504643,700,76,15,12,2024-03-19,2024-03-27,7,1748.56,15,CASH,In-Store,Completed,0,
508383,970,42,25,12,2025-10-24,2025-10-26,9,85.2,10,Card,Online,Returned,146.96,
502380,138,89,40,17,2024-12-22,2024-12-27,5,1809.57,15,UPI,Online,Compeleted,106.9,
506938,996,47,40,16,2024-01-24,,6,113.7,15,card,In-Store,completed,0,
505519,812,2,32,1,2025-12-10,2025-12-19,1,2999.32,40,Card,Online,Compeleted,102.97,Urgent delivery requested
504306,224,27,9,22,2025-02-28,2025-03-05,7,3639.56,35,upi,Online,COMPLETED,51.17,
508156,766,22,37,11,2025-01-09,2025-01-13,8,1368.87,40,net banking,Online,Compeleted,51.58,
504001,453,37,23,17,2026-05-13,2026-05-18,9,192.73,15,upi,In-Store,COMPLETED,0,
502893,595,40,18,13,2025-12-15,2025-12-17,8,189.9,20,card,Online,Completed,44.6,Urgent delivery requested
508820,488,98,33,17,2024-05-19,2024-05-22,9,1900.21,25,net banking,In-Store,Compeleted,0,
506578,297,4,27,21,2025-03-20,2025-03-27,1,4212.96,10,cash,In-Store,Completed,0,
502284,293,26,33,8,2025-04-30,2025-05-01,3,3248.54,10,Cash,In-Store,PENDING,0,Corporate order
502113,918,57,16,9,2024-09-16,2024-09-21,6,1395.56,30,upi,Online,Retuned,30.89,
505216,953,105,21,4,2025-02-19,2025-02-26,6,464.29,30,Upi,Online,COMPLETED,34.48,Bulk order - verify stock
503632,173,16,1,14,2026-02-05,2026-02-14,0,2108,25,UPI,In-Store,Completed,0,Corporate order
509647,993,108,20,5,2024-09-25,2024-10-03,1,177.35,5,CARD,In-Store,pending,0,
507253,221,66,14,8,2024-07-30,2024-08-03,8,1816.99,5,Cash,In-Store,completed,0,Customer requested callback
505790,579,3,18,21,2025-03-25,2025-03-27,1,4521.08,25,CASH,Online,Completed,66.56,Bulk order - verify stock
501829,619,60,36,11,2025-07-19,2025-07-28,10,1599.94,15,Cash,In-Store,completed,0,Customer requested callback
504554,182,44,18,23,2025-11-29,2025-12-07,7,450.51,0,Debit Card,In-Store,pending,0,Customer requested callback
509137,888,44,6,13,2025-11-17,2025-11-19,9,448.59,5,Card,Online,COMPLETED,130.31,
502546,408,73,26,15,2024-08-01,2024-08-10,8,1074.87,25,Debit Card,In-Store,completed,0,Customer requested callback
508399,64,126,12,5,2024-07-18,2024-07-22,1,601.12,0,UPI,Online,COMPLETED,111.86,
502957,279,20,30,16,2024-10-22,2024-10-24,2,3163,20,cash,Online,completed,140.09,
502199,170,96,31,22,2025-07-18,2025-07-21,1,1925.9,15,CARD,In-Store,COMPLETED,0,
508617,905,120,29,6,2026-05-28,2026-05-29,6,160.53,20,upi,Online,Completed,139.01,
506991,980,120,1,21,2026-01-21,2026-01-29,7,152.82,0,Upi,Online,PENDING,109.12,
508481,873,70,11,18,2025-08-18,2025-08-25,2,1840.87,5,net banking,Online,PENDING,124.37,Corporate order
506100,717,44,16,18,2025-10-23,2025-10-25,2,422.65,20,U.P.I,Online,Cancelled,142.72,
505113,975,112,15,23,2025-05-13,2025-05-16,2,551.77,10,U.P.I,In-Store,Completed,0,
502442,512,24,13,9,2026-02-24,2026-03-01,7,4897.21,15,Card,In-Store,Completed,0,Customer requested callback
507149,101,12,30,16,2025-02-09,2025-02-13,5,494,10,UPI,Online,COMPLETED,34.95,Corporate order
502533,,85,38,17,2024-07-04,2024-07-09,3,946.21,10,CARD,Online,Completed,58.74,
503527,611,122,21,11,2024-04-02,2024-04-06,10,164.31,0,U.P.I,Online,Compeleted,109.08,
508135,845,109,20,18,2024-08-14,2024-08-10,7,511.87,15,CASH,In-Store,Retuned,0,Gift wrap requested
509542,562,109,25,24,2024-01-14,2024-01-23,4,480.61,30,Cash,Online,completed,37.79,Urgent delivery requested
508010,537,112,13,3,2024-02-26,2024-03-04,9,566.79,15,NEFT,Online,completed,81.87,
507935,804,16,38,18,2024-05-14,2024-05-17,6,2032.27,5,net banking,In-Store,PENDING,0,
505199,891,80,5,21,2024-11-04,2024-11-06,10,1406.86,10,net banking,In-Store,Completed,0,
500540,,118,7,5,2024-06-18,2024-06-20,10,452.3,25,CARD,Online,COMPLETED,138.62,
500546,263,30,4,3,2025-04-02,2025-04-11,1,2638.08,25,UPI,Online,completed,77.26,
505820,210,21,11,24,2024-12-26,2024-12-31,8,678.21,30,upi,In-Store,cancelled,0,Urgent delivery requested
502410,999,75,7,7,2026-06-15,2026-06-19,6,1202.69,25,CASH,Online,Completed,52.24,
507390,29,15,16,8,2025-08-04,2025-08-08,6,1798.7,15,UPI,In-Store,Pending,0,Corporate order
508910,324,3,27,4,2025-06-15,2025-06-20,7,4735.11,30,Cash,In-Store,completed,0,Loyalty discount applied manually
507595,669,63,20,21,2024-06-22,,5,1147.2,5,Cash,In-Store,Completed,0,Corporate order
507743,333,103,24,3,2024-11-22,2024-11-25,10,620.22,20,CASH,In-Store,COMPLETED,0,
507629,833,65,23,22,2026-01-07,,3,1573.04,5,Cash,In-Store,pending,0,Urgent delivery requested
505414,642,46,32,6,2024-07-22,2024-07-23,6,307.97,20,net banking,Online,completed,70.68,Bulk order - verify stock
502247,283,28,16,11,2025-09-23,2025-09-26,8,3945.08,10,NetBanking,Online,Canceled,111.08,
505228,674,89,22,24,2024-04-29,2024-05-02,5,1856.41,30,NEFT,Online,completed,136.51,Loyalty discount applied manually
500001,648,49,35,21,2026-03-05,2026-03-11,7,176.65,15,cash,In-Store,Compeleted,0,Urgent delivery requested
501593,343,89,25,1,2024-02-28,2024-03-03,8,1863.25,15,Card,In-Store,pending,0,Gift wrap requested
502754,428,60,32,20,2024-07-20,2024-07-25,10,1579.3,10,CASH,Online,cancelled,49.15,
506465,373,103,17,22,2025-01-18,2025-01-19,9,628.84,0,Net Banking,Online,COMPLETED,-79.89,
501414,796,101,18,9,2026-04-29,2026-05-02,5,2331.22,10,CARD,Online,Compeleted,103.9,Bulk order - verify stock
501969,322,107,7,1,2024-12-09,2024-12-16,1,374.09,30,CARD,In-Store,pending,0,Bulk order - verify stock
508989,246,57,1,14,2024-12-30,2025-01-01,1,1367.92,10,Card,In-Store,Returned,0,Corporate order
507914,432,83,15,13,2025-06-29,2025-07-07,9,2276.28,5,upi,Online,COMPLETED,54.02,
500879,416,9,28,3,2024-04-12,2024-04-10,7,1226.37,10,upi,In-Store,Cancelled,0,
506369,999012,47,37,17,2024-03-13,2024-03-18,3,119.61,15,U.P.I,In-Store,Completed,0,
502139,901,121,11,16,2025-04-04,2025-04-11,8,517.8,20,NetBanking,Online,completed,63.85,
504922,503,16,32,18,2024-11-01,2024-11-10,7,2077.29,35,Card,Online,pending,142.54,Bulk order - verify stock
508361,863,47,35,13,2025-01-04,2025-01-11,7,123.19,10,Card,Online,Cancelled,48.26,Customer requested callback
507917,259,93,26,8,2024-02-19,2024-02-25,2,382.39,0,Debit Card,Online,Compeleted,75.53,Corporate order
504414,210,83,8,17,2025-05-04,2025-05-13,9,2300.45,5,Cash,In-Store,Compeleted,0,
502617,626,39,27,24,2024-11-15,2024-11-16,5,491.5,10,Cash,Online,returned,36.94,
500765,72,74,33,21,2024-09-01,2024-09-09,4,1405.16,20,CASH,In-Store,Completed,0,
509632,806,113,12,11,2025-09-20,2025-09-23,8,241.06,30,card,In-Store,Completed,-67.65,Customer requested callback
505766,202,108,12,5,2026-01-03,2026-01-11,6,175.74,25,upi,Online,Returned,56.83,Customer requested callback
504389,903,116,36,3,2024-09-16,2024-09-18,2,212.83,30,card,In-Store,COMPLETED,0,
501564,788,119,33,10,2024-10-26,2024-10-27,2,226.42,10,Upi,In-Store,COMPLETED,0,
504048,656,82,13,10,2026-06-29,2026-07-01,9,536.71,30,upi,In-Store,CANCELLED ,0,Gift wrap requested
502435,836,109,17,2,2024-11-06,2024-11-08,6,486.05,20,NEFT,Online,Returned,41.91,
503445,324,92,9,19,2025-01-14,2025-01-18,1,1867.78,20,upi,In-Store,Cancelled,0,Loyalty discount applied manually
501421,456,31,11,22,2024-07-12,2024-07-21,9,160.24,10,Cash,In-Store,completed,0,
501074,778,59,36,18,2024-03-04,2024-03-09,5,1041.97,25,U.P.I,In-Store,Compeleted,0,
505547,529,19,36,6,2024-12-09,2024-12-14,2,2665.25,5,UPI,In-Store,Cancelled,0,Customer requested callback
508662,537,63,12,13,2024-01-17,2024-01-18,2,1209.8,20,card,In-Store,COMPLETED,0,Bulk order - verify stock
507950,299,58,2,5,2024-08-20,2024-08-21,3,2007.06,0,net banking,In-Store,Returned,0,Customer requested callback
507167,19,48,28,16,2024-11-13,2024-11-20,4,130.94,0,card,In-Store,Completed,0,
504104,154,57,14,18,2026-02-04,2026-02-05,9,1324.29,30,UPI,In-Store,CANCELLED ,0,
509306,597,88808,10,1,2026-02-16,2026-02-22,7,370.67,25,Net Banking,In-Store,Completed,0,Urgent delivery requested
504930,558,31,33,7,2026-05-16,2026-05-25,4,159.3,30,upi,In-Store,completed,0,Loyalty discount applied manually
504910,855,72,32,19,2025-04-15,2025-04-18,8,1331.88,10,card,In-Store,completed,0,Urgent delivery requested
504485,985,38,34,2,2025-03-18,2025-03-24,3,310.18,5,NEFT,In-Store,Completed,0,
501756,318,103,26,23,2024-02-29,2024-03-06,7,589.41,20,card,In-Store,pending,0,Corporate order
508611,278,114,29,19,2026-01-19,2026-01-27,2,186.59,5,NEFT,Online,COMPLETED,31.16,
508579,466,19,11,2,2024-11-28,2024-12-01,4,2716.72,0,Cash,Online,COMPLETED,75.97,Corporate order
504368,901,106,33,24,2026-01-28,2026-02-03,6,700.68,10,CARD,In-Store,CANCELLED ,0,
504335,459,50,21,12,2025-11-13,,1,284.71,5,U.P.I,In-Store,Returned,0,
507349,307,60,38,5,2025-08-16,2025-08-25,3,1617.27,30,CARD,In-Store,Completed,0,
501982,799,14,28,20,2024-02-14,2024-02-15,2,4800.89,30,cash,Online,COMPLETED,51.12,
502989,323,109,12,15,2025-02-21,2025-02-28,9,523.43,15,Debit Card,In-Store,Compeleted,0,
506564,519,51,1,12,2024-06-26,2024-07-02,2,368.96,25,net banking,In-Store,completed,0,Customer requested callback
500775,77,1,21,21,2024-05-29,2024-06-01,8,2841.57,5,U.P.I,In-Store,cancelled,0,
509050,773,57,34,3,2024-02-01,2024-02-02,4,1411.06,10,NetBanking,Online,completed,34.95,
506072,,63,14,22,2026-06-20,,8,1224.88,0,NetBanking,In-Store,Completed,0,
506020,754,64,37,2,2025-04-24,2025-05-02,3,1338.11,25,cash,In-Store,Retuned,0,
507290,682,87,19,20,2025-12-28,2025-12-29,6,1307.3,20,Upi,In-Store,Completed,0,
503087,207,21,37,6,2025-05-16,2025-05-23,6,655.05,30,CASH,In-Store,Compeleted,0,
506784,462,121,20,19,2024-07-30,2024-08-06,6,511.34,15,UPI,Online,Canceled,120.01,Gift wrap requested
506546,850,26,39,7,2025-09-26,2025-10-01,5,3117.55,5,NetBanking,Online,Compeleted,39.88,Corporate order
503067,508,49,14,11,2024-09-19,2024-09-21,3,182.86,5,Debit Card,Online,completed,109.62,
508364,509,16,5,12,2024-06-04,2024-06-13,6,2155.26,20,Upi,In-Store,COMPLETED,0,Loyalty discount applied manually
503537,7,96,24,1,2025-05-05,2025-05-10,6,1997.2,5,Cash,Online,Cancelled,132.28,
503118,440,52,36,15,2025-08-23,2025-08-27,6,383.31,40,Upi,In-Store,Compeleted,0,Urgent delivery requested
506081,113,14,32,5,2025-12-07,2025-12-13,7,4978.5,5,NEFT,In-Store,Compeleted,0,
508524,610,97,1,8,2025-10-09,2025-10-14,7,1878.63,10,U.P.I,Online,completed,145.21,
506657,577,27,11,16,2024-12-22,2024-12-26,10,3813.52,10,Credit Card,Online,completed,-95.39,
509149,862,101,25,1,2024-01-20,2024-01-21,2,2166.71,25,CARD,In-Store,completed,0,Gift wrap requested
504019,813,117,20,17,2025-09-25,2025-10-04,1,292.05,30,U.P.I,In-Store,Canceled,0,
501915,491,84,15,13,2025-10-23,2025-10-24,5,748.99,5,Credit Card,Online,Pending,143.38,Gift wrap requested
503066,502,85,40,17,2026-02-22,2026-02-26,2,915.41,5,CASH,In-Store,COMPLETED,0,
501068,761,109,2,18,2026-03-15,2026-03-17,9,482.66,5,Card,In-Store,Completed,0,
509354,220,95,35,6,2024-03-23,2024-04-01,4,681.87,25,CARD,In-Store,Compeleted,0,
504139,178,5,31,5,2025-09-12,2025-09-20,4,3453.79,30,Net Banking,Online,Compeleted,141.69,
508382,53,21,32,6,2024-05-17,2024-05-18,2,666.97,20,Debit Card,Online,Returned,43.91,
508860,519,65,2,19,2026-05-04,2026-05-11,5,1488.14,20,CARD,Online,Completed,72.47,Urgent delivery requested
508541,795,37,21,3,2024-10-19,2024-10-23,1,202.1,20,Credit Card,In-Store,Completed,0,Bulk order - verify stock
507867,503,9,1,14,2025-12-16,2025-12-24,7,1178.09,15,CASH,Online,COMPLETED,108.34,
502827,461,104,26,10,2025-12-21,2025-12-22,1,394.66,15,NetBanking,Online,COMPLETED,98.18,
502358,131,81,29,8,2024-05-19,2024-05-26,2,1852.42,15,CASH,Online,Compeleted,136.36,Loyalty discount applied manually
507870,587,67,21,10,2025-08-25,2025-09-01,2,1086.42,0,NetBanking,In-Store,returned,0,
507571,750,34,5,2,2024-03-04,2024-03-05,9,144.76,5,NEFT,Online,PENDING,65.06,
505697,211,73,36,15,2025-12-15,2025-12-20,10,1078.35,5,Cash,In-Store,Retuned,0,
504502,182,111,34,7,2025-03-24,2025-03-27,2,635.7,5,NEFT,Online,Pending,80.81,Corporate order
509564,79,111,4,4,2025-05-06,2025-05-14,1,625.15,10,Cash,In-Store,COMPLETED,0,
509285,733,88,26,5,2024-01-13,2024-01-15,10,719.15,30,Cash,In-Store,completed,0,
504971,990,2,11,15,2026-04-08,2026-04-10,7,2776.83,5,Card,Online,Retuned,143.96,Corporate order
501558,141,3,25,4,2024-04-23,2024-04-30,7,4699.32,20,Net Banking,In-Store,completed,0,
508267,792,123,15,3,2025-08-02,2025-08-03,2,409.85,5,Cash,In-Store,COMPLETED,0,Urgent delivery requested
506997,462,46,7,3,2024-02-07,2024-02-10,8,319.17,0,CASH,In-Store,Compeleted,0,
509580,576,70,31,24,2024-12-06,2024-12-07,5,1916.76,5,U.P.I,In-Store,Compeleted,0,
507939,641,35,39,18,2025-07-05,2025-07-11,3,184.98,25,Upi,In-Store,COMPLETED,0,
506017,242,59,10,23,2024-04-11,2024-04-12,6,986.53,5,CARD,Online,Completed,129.33,
500787,857,77,1,11,2024-01-17,2024-01-24,9,1436.55,25,Upi,Online,Compeleted,120.87,
509394,17,93,18,21,2024-06-27,2024-06-28,-3,371.21,20,cash,In-Store,PENDING,0,
500372,699,80,39,6,2024-02-23,2024-03-01,3,1410.29,0,Cash,Online,Compeleted,142.12,Loyalty discount applied manually
503540,878,89,22,21,2025-11-20,2025-11-26,10,1749.24,25,CARD,Online,Cancelled,113.5,
502153,499,30,9,21,2024-11-29,2024-12-05,1,2629.83,20,upi,In-Store,Completed,0,
503369,471,47,1,3,2024-02-25,2024-03-01,3,113.54,50,NEFT,In-Store,CANCELLED ,0,Gift wrap requested
507499,168,34,32,17,2026-06-28,2026-07-07,4,149.94,25,UPI,Online,Cancelled,141.68,
500336,548,91,34,7,2025-09-28,2025-10-05,8,491.77,5,cash,In-Store,Completed,0,
504535,678,99,34,24,2025-01-27,2025-02-01,5,989.29,25,NEFT,Online,Compeleted,126.05,
508983,989,100,20,4,2025-12-06,2025-12-13,6,515.69,0,upi,Online,Compeleted,111.93,Bulk order - verify stock
507122,726,46,29,5,2024-09-22,2024-09-23,9,320.49,0,Credit Card,In-Store,Compeleted,0,
505624,127,10,6,7,2026-04-19,2026-04-27,1,780.72,15,net banking,In-Store,COMPLETED,0,Customer requested callback
504887,561,45,14,11,2024-01-05,2024-01-10,6,161.86,5,Net Banking,In-Store,Compeleted,0,Urgent delivery requested
502794,531,41,24,24,2026-06-25,2026-06-29,8,248.84,20,CARD,Online,Compeleted,118.46,Gift wrap requested
507983,411,92,1,1,2025-08-23,2025-08-30,6,1802.78,30,Cash,In-Store,pending,0,
503953,665,79,20,7,2024-07-03,2024-07-10,10,1176.1,25,upi,In-Store,completed,0,Corporate order
509816,221,74,19,8,2024-03-26,2024-03-30,5,1360.03,5,CASH,In-Store,PENDING,0,Urgent delivery requested
503997,121,116,6,23,2024-11-24,2024-11-25,8,208.35,5,CASH,Online,CANCELLED ,117.42,Bulk order - verify stock
500103,38,45,9,10,2024-01-02,2024-01-08,4,156.31,30,cash,In-Store,Compeleted,0,Loyalty discount applied manually
509410,742,94,25,5,2024-12-04,2024-12-03,5,1336.11,25,net banking,In-Store,Completed,0,Loyalty discount applied manually
508250,494,117,30,4,2025-12-13,2025-12-20,8,285.69,20,card,Online,completed,36.8,
507772,238,60,23,7,2025-04-26,2025-05-04,4,1558.23,0,upi,Online,completed,83.24,
507431,947,48,19,21,2024-05-20,2024-05-26,1,126.73,10,Cash,Online,COMPLETED,40.14,Bulk order - verify stock
503249,505,69,2,22,2026-06-19,2026-06-21,6,1064.95,30,NEFT,In-Store,Completed,0,
508728,734,95,25,15,2025-10-12,2025-10-15,2,654.81,30,cash,Online,PENDING,42.13,Corporate order
504685,438,19,27,18,2025-01-31,2025-02-04,9,2740.16,45,Net Banking,In-Store,Returned,0,Corporate order
509762,939,11,40,11,2025-11-17,2025-11-23,10,4537.66,10,Cash,Online,completed,43.05,
506876,545,17,36,13,2025-05-28,2025-06-02,3,4181.38,25,CASH,In-Store,Compeleted,0,Bulk order - verify stock
509377,963,20,6,5,2025-11-28,2025-12-06,5,3190.25,25,Net Banking,In-Store,Compeleted,0,Corporate order
500980,563,113,24,2,2026-05-17,2026-05-18,3,241.06,10,Cash,In-Store,Completed,0,Corporate order
502735,875,110,30,5,2025-04-14,2025-04-15,3,253.98,5,Credit Card,Online,COMPLETED,132.1,
508054,159,93,8,24,2026-01-28,2026-01-30,4,392.49,25,cash,Online,returned,96.83,
509570,500,110,17,9,2024-12-10,2024-12-18,5,248.88,25,U.P.I,Online,COMPLETED,73.48,Customer requested callback
507447,98,114,25,21,2026-04-11,2026-04-18,3,187.18,5,upi,In-Store,Completed,0,Bulk order - verify stock
507818,949,83,25,17,2025-12-23,2025-12-25,3,2377.07,10,Cash,Online,Compeleted,47.14,Loyalty discount applied manually
505845,732,77,9,19,2025-08-08,2025-08-12,4,1495.47,45,CASH,In-Store,completed,0,
508317,133,89,26,6,2024-03-22,2024-03-23,8,1772.61,30,Cash,In-Store,returned,0,
502822,956,12,37,8,2026-05-13,2026-05-14,1,473.74,5,UPI,In-Store,completed,0,
501596,276,8,8,22,2024-07-22,2024-07-31,5,2628.11,30,NetBanking,In-Store,COMPLETED,0,Bulk order - verify stock
505206,312,120,23,19,2025-04-05,2025-04-11,5,162.21,0,CASH,Online,Completed,91.75,
506502,687,12,4,7,2025-02-11,2025-02-14,8,477.86,30,CASH,Online,completed,64.42,
507729,355,52,2,14,2025-09-20,2025-09-29,4,377.02,20,Debit Card,In-Store,COMPLETED,0,
508388,497,80,19,3,2024-08-20,2024-08-27,10,1381.19,15,Debit Card,In-Store,COMPLETED,0,Loyalty discount applied manually
506856,375,11,7,5,2026-05-21,2026-05-24,10,4784.94,10,CASH,In-Store,Retuned,0,Gift wrap requested
502575,846,83,2,13,2024-02-18,2024-02-22,6,2297.94,25,Cash,Online,Compeleted,95.19,Urgent delivery requested
502097,450,22,13,16,2024-06-06,2024-06-10,2,1310.24,15,CASH,Online,Completed,132.31,
507012,376,34,8,22,2024-04-24,2024-04-26,5,,20,NEFT,Online,PENDING,39.96,Gift wrap requested
503610,603,61,8,3,2024-01-23,2024-01-28,8,1087.43,30,Upi,Online,Compeleted,126.66,
505878,874,43,17,21,2025-10-10,2025-10-13,8,296.47,0,card,Online,COMPLETED,140.96,Bulk order - verify stock
502653,725,16,15,3,2024-09-29,2024-10-02,8,2144.03,5,UPI,Online,PENDING,114.22,Loyalty discount applied manually
508946,783,125,25,6,2024-08-02,2024-08-06,3,386.78,30,cash,In-Store,COMPLETED,0,
505061,891,97,5,16,2024-06-11,2024-06-12,8,1708.5,10,cash,Online,completed,30.13,Customer requested callback
508760,699,9,15,8,2025-06-14,2025-06-19,3,1184.89,10,NetBanking,In-Store,completed,0,
506305,926,11,33,23,2024-04-21,2024-04-22,9,4721.37,30,card,In-Store,CANCELLED ,0,
506970,834,107,2,6,2026-05-15,2026-05-21,5,358.85,20,U.P.I,Online,completed,70.34,
509606,649,39,22,20,2025-04-13,2025-04-15,3,498.68,5,CASH,In-Store,completed,0,
505757,879,55,22,23,2025-01-01,2025-01-06,7,1652.07,5,Cash,In-Store,Returned,0,
501261,45,51,18,9,2025-12-05,2025-12-09,0,385.66,30,UPI,In-Store,completed,0,
505135,768,88810,39,11,2026-01-28,2026-01-31,1,402.19,30,Credit Card,Online,Returned,115.26,Corporate order
500518,746,44,14,22,2025-01-20,2025-01-24,3,417.21,15,Upi,In-Store,COMPLETED,0,
500515,974,111,19,9,2024-07-31,2024-08-04,2,682.14,5,cash,In-Store,Pending,0,
502732,,112,17,10,2025-03-24,2025-03-25,1,573.44,20,Net Banking,Online,COMPLETED,109.69,
508895,379,114,40,18,2025-11-01,2025-11-03,4,187.87,20,Upi,In-Store,COMPLETED,0,Customer requested callback
504415,371,44,36,12,2024-01-15,2024-01-18,5,422.65,30,UPI,In-Store,pending,0,
503116,487,111,24,17,2024-08-04,2024-08-10,4,641.58,25,cash,In-Store,Returned,0,
500902,279,31,13,24,2026-04-09,2026-04-15,3,163.49,20,Debit Card,In-Store,Completed,0,Urgent delivery requested
503315,673,9,38,23,2024-01-29,2024-02-05,10,1247.06,5,Cash,Online,Compeleted,31.33,Customer requested callback
500824,331,3,32,14,2024-08-19,2024-08-20,7,4602.69,25,Upi,In-Store,Compeleted,0,
505507,502,119,20,15,2024-07-18,2024-07-24,1,226.46,30,NetBanking,In-Store,Cancelled,0,
507047,210,17,35,9,2026-01-18,2026-01-20,3,4138.82,0,Cash,In-Store,completed,0,Bulk order - verify stock
508183,924,38,1,17,2024-10-22,2024-10-31,6,320.74,0,Net Banking,Online,completed,73.97,Loyalty discount applied manually
505735,151,13,15,23,2024-02-14,2024-02-15,7,4210.17,15,CARD,Online,completed,50.34,
506813,796,30,33,24,2024-11-30,2024-12-03,9,2681.27,15,U.P.I,Online,Retuned,134.6,
500230,360,117,22,9,2026-05-04,2026-05-08,9,296.78,25,Credit Card,In-Store,completed,0,
506206,807,63,34,13,2024-05-07,2024-05-09,9,1215.68,20,Card,In-Store,Retuned,0,
501026,465,3,17,12,2024-04-03,2024-04-12,4,4623.22,30,Debit Card,Online,Compeleted,44.37,Loyalty discount applied manually
509589,664,63,34,11,2024-09-01,2024-09-10,2,1255.53,5,CASH,Online,completed,49.42,
507728,100,95,35,18,2024-06-25,2024-07-03,10,651.62,25,CARD,In-Store,Compeleted,0,Corporate order
500953,496,27,15,18,2026-03-01,2026-03-06,10,3771.23,10,NetBanking,In-Store,Canceled,0,Customer requested callback
508602,145,93,13,2,2024-02-08,2024-02-12,5,382.82,5,NEFT,In-Store,Pending,0,
508498,848,2,20,1,2025-08-17,2025-08-14,8,2782.47,25,upi,Online,Canceled,87.69,Loyalty discount applied manually
507596,302,22,2,8,2026-03-14,2026-03-15,6,1316.73,20,NetBanking,Online,COMPLETED,56.63,
506093,954,81,40,19,2026-01-30,2026-02-03,1,1773.5,5,Card,In-Store,completed,0,
503985,522,68,10,17,2026-05-29,2026-06-05,8,362.21,30,cash,Online,COMPLETED,143.42,
503340,181,104,2,4,2026-02-16,2026-02-23,1,406.5,25,upi,In-Store,COMPLETED,0,
506160,374,93,18,11,2026-06-25,2026-06-28,2,385.81,30,cash,Online,completed,117.01,Corporate order
504050,708,120,31,8,2025-06-18,2025-06-25,10,,50,Credit Card,In-Store,Completed,0,Gift wrap requested
502422,936,111,15,8,2024-07-01,2024-07-08,7,632.05,15,CASH,In-Store,completed,0,Customer requested callback
505097,226,55,37,23,2026-06-21,2026-06-27,3,1693,20,Upi,Online,pending,118.5,
506177,98,44,22,22,2024-11-27,2024-12-06,10,454.79,25,Cash,In-Store,completed,0,Corporate order
504740,113,87,10,19,2024-03-03,2024-03-12,8,1344.76,5,NetBanking,In-Store,Compeleted,0,
504381,376,32,25,22,2024-06-04,2024-06-05,3,107.72,5,NetBanking,In-Store,pending,0,Corporate order
504563,470,88,36,22,2026-04-02,2026-04-10,2,732.51,30,net banking,In-Store,Compeleted,0,
509773,84,1,29,10,2024-12-03,2024-12-10,2,2665.21,25,U.P.I,In-Store,Compeleted,0,
507688,669,118,23,21,2025-05-11,2025-05-16,1,443.12,50,CARD,In-Store,Pending,0,Loyalty discount applied manually
500008,371,38,13,18,2025-07-03,2025-07-07,4,308.02,0,Credit Card,In-Store,Canceled,0,Gift wrap requested
507259,759,85,15,24,2024-08-01,2024-08-07,10,861.88,20,U.P.I,In-Store,pending,0,Gift wrap requested
504507,583,98,22,3,2024-11-19,2024-11-20,10,1981.49,10,Upi,In-Store,completed,0,
509508,763,66,34,2,2024-08-25,2024-08-28,7,1750.28,0,NetBanking,In-Store,cancelled,0,Customer requested callback
501848,615,61,32,23,2026-03-15,2026-03-22,6,1128.11,10,card,In-Store,COMPLETED,0,Loyalty discount applied manually
500759,433,83,23,18,2026-05-19,2026-05-21,6,2450.43,5,card,Online,Retuned,112.52,Gift wrap requested
503101,737,4,24,10,2026-04-25,2026-04-26,2,4180.07,0,Debit Card,Online,Completed,66.27,Loyalty discount applied manually
508648,848,124,16,16,2024-08-22,2024-08-30,7,274.99,20,Net Banking,In-Store,COMPLETED,0,
508335,592,89,10,7,2024-03-07,2024-03-15,4,1854.51,10,Credit Card,In-Store,Completed,0,
505569,97,89,5,1,2026-01-02,2026-01-09,6,1740.29,10,Upi,Online,completed,61.11,
502829,817,102,27,17,2024-10-14,2024-10-15,8,1019.19,10,CASH,In-Store,completed,0,Customer requested callback
500433,273,105,28,19,2026-01-27,2026-01-29,4,495.22,15,cash,Online,Completed,115.23,Bulk order - verify stock
503209,804,104,16,19,2024-12-03,2024-12-04,10,397.21,15,Debit Card,In-Store,Compeleted,0,
506863,969,56,13,23,2025-02-12,2025-02-15,10,925.58,5,Cash,In-Store,Completed,0,
506351,68,29,32,18,2025-05-29,2025-06-03,3,3106.73,30,UPI,In-Store,Compeleted,0,Loyalty discount applied manually
504057,999014,122,33,13,2026-04-11,2026-04-13,8,171.9,0,CARD,Online,Pending,121.26,Bulk order - verify stock
502537,281,7,27,17,2026-04-01,2026-04-08,5,702.57,30,CASH,In-Store,PENDING,0,Urgent delivery requested
507420,306,80,6,12,2025-12-17,2025-12-20,2,1331.46,15,NetBanking,Online,COMPLETED,70.46,Customer requested callback
503759,943,21,19,1,2024-04-23,2024-04-29,6,624.3,20,Net Banking,Online,Completed,111.82,
508966,590,64,34,10,2024-07-25,2024-07-27,6,1378.88,25,NetBanking,In-Store,Retuned,0,Bulk order - verify stock
507093,251,25,25,21,2025-03-08,2025-03-14,3,1449.55,30,upi,Online,completed,75.19,Customer requested callback
504738,564,41,26,18,2025-11-10,2025-11-16,9,231.55,10,UPI,Online,CANCELLED ,139.14,
500688,13,88,26,19,2025-02-07,2025-02-09,7,749.15,25,Upi,Online,Compeleted,115.66,Corporate order
504651,271,108,19,14,2024-03-05,2024-03-01,6,173.14,10,Credit Card,Online,Canceled,71.56,
500389,36,46,6,2,2024-05-31,2024-06-07,1,304.58,25,Debit Card,Online,Completed,-79.76,
500610,633,88,36,18,2025-09-24,2025-09-22,1,738.5,35,upi,Online,Completed,100.83,
508702,538,124,9,5,2024-05-26,2024-05-28,10,281.17,10,UPI,In-Store,completed,0,
508362,275,5,35,12,2025-10-05,2025-10-14,9,3364.19,20,Debit Card,Online,completed,72.57,Urgent delivery requested
509108,571,18,7,16,2024-02-08,2024-02-10,8,888.14,0,Net Banking,In-Store,completed,0,
506926,172,49,22,9,2025-09-03,2025-09-05,-2,182.17,0,upi,Online,completed,110.91,
501081,408,86,22,15,2025-03-11,2025-03-19,9,477.53,15,Net Banking,In-Store,COMPLETED,0,
508516,579,112,29,18,2026-03-18,2026-03-24,4,569.75,10,U.P.I,Online,completed,54.07,
503345,350,55,23,22,2025-12-04,2025-12-08,5,1621.09,0,CARD,Online,Compeleted,51.83,
501909,347,46,25,15,2026-04-01,2026-04-02,2,311.45,0,Debit Card,Online,COMPLETED,77.34,
508275,547,99,16,18,2026-02-10,2026-02-14,8,985.49,0,card,In-Store,Compeleted,0,Corporate order
506708,501,47,8,3,2024-03-17,2024-03-25,4,117.21,25,UPI,In-Store,Compeleted,0,Gift wrap requested
504185,649,108,23,24,2026-02-16,2026-02-17,9,170.49,30,CARD,In-Store,PENDING,0,Customer requested callback
500973,49,118,31,14,2024-11-05,2024-11-09,10,479.61,0,U.P.I,Online,Returned,86.87,Gift wrap requested
500355,751,99,32,5,2024-07-15,2024-07-19,4,940.23,5,U.P.I,In-Store,Completed,0,
502105,945,28,7,22,2024-06-22,2024-06-25,6,3909.07,15,Net Banking,In-Store,Returned,0,
505745,110,72,32,11,2024-08-01,2024-08-08,6,1252.68,20,NEFT,In-Store,CANCELLED ,0,
500528,388,108,17,8,2025-08-29,2025-09-02,8,169.56,15,upi,In-Store,COMPLETED,0,Loyalty discount applied manually
508671,85,76,28,3,2025-02-13,2025-02-14,6,1721.65,45,Credit Card,In-Store,completed,0,
508422,999039,39,39,5,2026-05-07,2026-05-13,8,499.04,10,NetBanking,Online,Cancelled,95.62,
503117,826,100,17,16,2025-10-31,2025-11-08,0,529.05,20,CASH,Online,Completed,107.86,
501107,533,14,36,24,2026-05-26,2026-06-03,10,4899.81,30,U.P.I,Online,Completed,95.61,Loyalty discount applied manually
504856,138,35,12,14,2025-03-19,2025-03-24,7,178.98,20,Debit Card,Online,COMPLETED,74.25,
501373,932,6,39,15,2025-09-07,2025-09-09,8,1736.84,0,Debit Card,In-Store,Completed,0,Loyalty discount applied manually
503061,348,25,8,7,2024-11-18,2024-11-21,7,1497.35,5,UPI,In-Store,COMPLETED,0,
508189,429,20,28,24,2026-01-11,2026-01-16,7,2942.08,20,NEFT,Online,COMPLETED,70.61,
509563,321,14,18,20,2025-05-30,2025-06-06,10,5194.47,20,net banking,Online,Completed,119.54,
501240,535,52,30,22,2026-02-03,2026-02-05,1,377.68,0,CASH,In-Store,PENDING,0,
508473,962,105,28,15,2025-05-03,2025-05-08,1,498.57,15,Upi,Online,completed,123.08,
506460,,109,13,7,2025-02-26,2025-03-03,10,506.25,15,net banking,Online,Completed,72.62,
503435,990,58,18,2,2025-10-04,2025-10-06,8,1948.43,10,U.P.I,In-Store,PENDING,-40.26,Urgent delivery requested
504813,998,66,40,13,2025-11-30,2025-12-03,3,1866.99,5,Cash,Online,Completed,68.67,
504000,577,6,12,12,2026-01-03,2026-01-08,5,1778.74,0,Debit Card,Online,pending,96.06,
505384,529,104,21,18,2026-04-12,2026-04-16,5,372.32,25,Upi,Online,Compeleted,72.29,
501762,845,74,24,24,2026-01-02,,1,1292.16,0,CARD,In-Store,Compeleted,0,Gift wrap requested
504220,739,66,18,18,2024-10-27,2024-10-30,9,1760.09,10,Upi,In-Store,Cancelled,0,
504789,105,110,30,22,2025-06-22,2025-06-27,10,252.86,5,NetBanking,Online,COMPLETED,119.08,
509694,410,104,24,1,2025-09-03,2025-09-04,2,406.87,15,U.P.I,Online,COMPLETED,46.1,Gift wrap requested
501508,234,124,26,22,2024-05-07,2024-05-11,8,287.9,15,CARD,In-Store,Compeleted,0,
508269,855,16,11,13,2025-07-23,2025-07-24,2,2192.23,25,CARD,In-Store,COMPLETED,0,Bulk order - verify stock
502981,514,80,27,19,2025-06-05,2025-06-11,6,1363.43,30,Cash,In-Store,Completed,0,Urgent delivery requested
504582,348,31,6,22,2025-10-19,2025-10-22,3,155.31,30,Credit Card,In-Store,completed,0,Corporate order
502955,919,126,34,9,2024-06-20,2024-06-24,10,586.59,5,U.P.I,Online,Completed,30.74,Urgent delivery requested
505367,961,27,37,10,2024-03-29,2024-04-05,7,3561.33,25,card,In-Store,Completed,0,
505293,191,90,38,7,2025-06-15,2025-06-24,6,1508.87,30,Cash,In-Store,COMPLETED,0,
503267,561,125,31,17,2024-01-11,,2,381.26,5,Card,In-Store,Retuned,0,
508244,827,90,15,18,2025-05-21,2025-05-28,4,1471.28,10,Net Banking,In-Store,Compeleted,0,Customer requested callback
506557,916,85,40,21,2025-08-08,2025-08-09,9,861.1,10,Upi,Online,Compeleted,80.91,
502734,628,70,2,6,2025-01-13,2025-01-15,7,1839.36,0,cash,Online,Completed,94.38,
501643,914,40,21,10,2026-06-12,2026-06-20,3,191.51,25,U.P.I,In-Store,Canceled,0,
503963,483,106,6,2,2025-08-09,2025-08-18,3,655.03,25,Debit Card,In-Store,pending,0,
503032,459,94,9,21,2024-07-12,2024-07-18,6,1350.27,10,card,In-Store,PENDING,0,Urgent delivery requested
507509,841,96,6,9,2026-04-08,2026-04-15,1,1964.68,15,Cash,In-Store,Returned,0,
502977,494,43,20,12,2024-10-24,2024-10-31,10,288.85,30,Credit Card,In-Store,returned,0,Customer requested callback
507312,320,8,3,19,2025-06-29,2025-07-06,10,2819.73,30,Debit Card,In-Store,pending,0,Urgent delivery requested
500326,495,4,22,9,2026-04-19,2026-04-27,10,4224.71,30,U.P.I,Online,returned,76.37,
508919,825,1,10,6,2025-06-19,2025-06-25,1,2725.89,15,NEFT,Online,Canceled,91.81,
500900,978,105,6,21,2026-02-14,2026-02-12,4,484.75,15,NEFT,In-Store,Completed,0,Customer requested callback
506135,664,12,15,5,2025-02-21,2025-02-28,1,477.66,25,Cash,In-Store,COMPLETED,0,Corporate order
505935,445,15,1,16,2024-08-17,2024-08-24,10,1896.16,20,NetBanking,In-Store,Compeleted,0,Gift wrap requested
503314,445,97,5,1,2024-12-20,2024-12-22,2,1818.67,0,NetBanking,Online,Completed,137.17,Corporate order
509037,473,41,37,14,2025-11-07,2025-11-11,6,243.33,5,CARD,Online,completed,96.85,Corporate order
507668,731,59,20,2,2025-03-19,2025-03-27,7,995.87,10,Upi,In-Store,Canceled,0,Loyalty discount applied manually
501767,814,103,14,12,2025-01-14,2025-01-15,2,630.18,30,card,Online,Completed,123.48,Corporate order
502509,391,31,15,5,2024-12-08,2024-12-16,2,167.41,5,cash,In-Store,Canceled,0,Customer requested callback
509202,647,51,14,20,2024-04-24,2024-04-30,6,368.44,10,CASH,In-Store,Pending,0,Gift wrap requested
500408,390,19,29,22,2025-03-04,2025-03-05,8,2783.29,0,Cash,Online,Pending,90.47,
506977,761,67,35,4,2024-09-16,2024-09-17,10,1085.46,10,CARD,In-Store,pending,0,Loyalty discount applied manually
506069,262,31,31,9,2025-11-14,2025-11-17,2,159.34,30,CASH,Online,completed,119.12,Corporate order
506789,887,104,8,21,2025-08-05,2025-08-13,5,378.51,15,NEFT,Online,cancelled,61.75,
508650,232,111,29,12,2024-04-18,2024-04-24,5,684.77,50,CASH,Online,Returned,121.61,Bulk order - verify stock
509421,702,99,36,3,2024-10-20,2024-10-29,8,951.11,45,upi,Online,Returned,78.76,
507158,693,83,6,5,2025-11-17,,5,2439.18,0,CASH,In-Store,completed,0,Customer requested callback
503876,470,28,38,15,2024-05-30,2024-06-06,9,3953.2,45,UPI,Online,Pending,44.79,
504728,717,107,20,22,2026-03-02,2026-03-04,8,390.31,20,CASH,Online,PENDING,81.54,
509121,890,63,25,2,2025-01-17,2025-01-19,6,1169.26,25,U.P.I,Online,Completed,82.24,Bulk order - verify stock
503658,980,106,33,10,2025-03-12,2025-03-14,2,699.46,15,Cash,Online,COMPLETED,102.47,
504932,92,101,27,3,2025-07-20,2025-07-26,9,2242.18,35,Cash,In-Store,returned,0,
503744,141,95,8,15,2024-03-05,2024-03-14,8,666.87,25,Upi,In-Store,cancelled,0,Bulk order - verify stock
507239,789,38,11,3,2024-04-20,2024-04-25,4,313.55,20,UPI,Online,returned,106.77,Corporate order
506632,26,79,16,24,2025-01-16,2025-01-18,9,1141.53,25,CASH,In-Store,Compeleted,0,Customer requested callback
508653,292,40,27,23,2025-05-08,2025-05-13,3,189.65,0,CASH,In-Store,COMPLETED,0,
505714,445,10,5,4,2025-07-19,2025-07-21,7,771.55,15,Debit Card,In-Store,Compeleted,0,Customer requested callback
503362,732,21,16,1,2024-05-28,2024-06-04,8,659.75,0,Cash,In-Store,Compeleted,0,
501049,128,62,7,15,2025-01-26,2025-02-03,10,847.49,10,Upi,Online,Completed,69.92,Gift wrap requested
509452,469,52,36,21,2024-04-02,2024-04-03,6,374.19,30,Upi,In-Store,cancelled,0,Bulk order - verify stock
507804,889,94,6,13,2025-11-29,2025-12-02,9,1326.31,40,cash,In-Store,cancelled,0,
503500,536,122,21,8,2025-04-02,2025-04-09,10,160.05,10,UPI,In-Store,Returned,0,Corporate order
508672,196,40,32,21,2026-05-18,2026-05-19,10,202.35,5,NetBanking,In-Store,returned,0,Corporate order
506058,471,68,36,7,2025-02-18,2025-02-21,9,385.9,0,Net Banking,Online,Returned,121.47,
502490,153,27,3,19,2026-04-15,2026-04-19,3,3724.35,5,Cash,In-Store,Compeleted,0,Gift wrap requested
507439,156,22,23,20,2024-08-16,2024-08-18,10,1350.96,10,U.P.I,Online,COMPLETED,140.13,
505020,778,22,27,24,2024-03-06,2024-03-13,7,1313.33,25,Cash,Online,COMPLETED,91.81,
503859,233,5,21,15,2024-01-25,2024-01-21,8,,20,CARD,In-Store,Returned,0,Urgent delivery requested
500906,399,115,7,16,2025-05-09,2025-05-17,1,341.09,5,upi,Online,completed,76.52,Corporate order
505413,638,57,20,1,2026-03-24,2026-03-28,3,1326.26,10,CASH,In-Store,Compeleted,0,Customer requested callback
506180,271,5,13,10,2024-08-31,2024-09-01,4,3432.07,25,Debit Card,Online,Compeleted,89.3,
500324,154,30,35,7,2025-07-02,2025-07-07,4,2850.18,25,Debit Card,In-Store,pending,0,Customer requested callback
508463,253,4,10,22,2024-04-02,2024-04-06,5,4075.9,20,CASH,Online,completed,66.87,
507947,726,90,9,24,2026-04-28,2026-05-03,2,1483.12,0,Credit Card,In-Store,Compeleted,0,Bulk order - verify stock
502588,352,90,28,2,2025-04-18,2025-04-22,9,1549.11,0,NetBanking,Online,COMPLETED,-90.06,
503482,615,38,22,5,2026-03-12,2026-03-21,7,317.99,20,UPI,Online,completed,44.84,
508530,687,33,38,8,2025-07-04,2025-07-08,10,388.34,10,NetBanking,Online,Completed,57.41,
502220,976,61,2,20,2024-08-02,2024-08-11,6,1109.73,40,NetBanking,In-Store,Compeleted,0,
503669,405,5,35,9,2024-11-07,2024-11-08,6,3425.12,5,NEFT,Online,Retuned,104.66,Gift wrap requested
501974,396,62,22,18,2026-06-23,2026-06-29,7,916.75,30,Upi,In-Store,pending,0,Bulk order - verify stock
504827,532,118,17,19,2024-11-07,2024-11-13,4,462.97,20,card,In-Store,returned,0,
501996,84,106,6,14,2026-05-07,2026-05-08,-2,660.52,15,CARD,Online,completed,74.62,
507171,987,114,35,14,2025-02-22,2025-02-27,6,197.35,0,Credit Card,Online,completed,88.75,
504038,928,88,1,22,2026-05-18,2026-05-24,2,698.9,30,cash,In-Store,Compeleted,0,
503619,220,17,12,6,2024-03-03,2024-03-11,2,4310.78,5,cash,In-Store,COMPLETED,0,Bulk order - verify stock
505225,920,36,13,1,2025-09-14,2025-09-18,8,423.54,20,CASH,Online,Canceled,86.18,
500288,61,104,32,16,2024-08-30,2024-08-28,3,379.47,20,Net Banking,Online,completed,80.31,Corporate order
501567,342,53,28,6,2026-03-04,2026-03-10,10,273.85,5,upi,Online,COMPLETED,36.21,
508222,478,11,5,21,2024-12-11,2024-12-14,6,4513.25,10,net banking,In-Store,Completed,0,
506551,752,54,4,18,2024-02-25,2024-03-03,9,319.14,30,cash,In-Store,Compeleted,0,
505734,28,80,15,10,2024-01-06,2024-01-11,3,1405.24,5,UPI,In-Store,Compeleted,0,Customer requested callback
506142,441,30,24,8,2025-08-18,2025-08-24,4,2780.61,25,Cash,In-Store,completed,0,
503917,564,103,35,3,2024-07-30,2024-08-08,10,631.02,0,CASH,Online,Completed,123.8,Loyalty discount applied manually
509725,503,125,22,24,2025-07-27,2025-08-04,3,381.36,30,net banking,In-Store,Pending,0,Urgent delivery requested
507460,373,22,22,18,2024-02-08,2024-02-12,9,1368.45,25,Upi,Online,Compeleted,53.07,
508325,17,63,2,24,2026-02-21,2026-02-27,8,1201.31,25,Net Banking,Online,completed,39.79,
502314,999046,88,13,16,2025-03-11,2025-03-16,5,763.64,0,Card,In-Store,Pending,0,
507810,750,34,26,9,2024-05-04,2024-05-06,3,147.28,10,NetBanking,In-Store,COMPLETED,-89.4,
505139,673,116,39,24,2026-06-30,2026-07-08,8,202.11,10,CASH,In-Store,Retuned,0,
506496,591,15,7,10,2025-12-26,2026-01-01,1,1830.92,30,U.P.I,Online,returned,133.25,
507060,806,51,13,21,2024-01-23,2024-01-31,1,368.82,5,net banking,In-Store,Retuned,0,Customer requested callback
509531,610,88812,12,7,2026-05-06,2026-05-11,10,1573,15,CASH,Online,COMPLETED,36.33,
508263,200,66,17,5,2026-01-23,2026-01-27,1,1857.55,30,Cash,Online,Completed,143.14,
501486,424,37,19,15,2024-10-12,2024-10-18,6,207.32,10,CARD,In-Store,Compeleted,0,
509832,818,119,1,20,2024-02-21,2024-02-25,8,229.39,25,Upi,In-Store,Cancelled,0,
505474,877,31,16,15,2024-12-23,2024-12-24,8,155.86,30,NetBanking,In-Store,Compeleted,0,Customer requested callback
501392,461,71,2,12,2024-04-27,2024-05-02,10,614.85,15,Net Banking,In-Store,Compeleted,0,
504124,288,90,3,18,2024-10-25,2024-10-28,3,1580.01,30,cash,In-Store,completed,0,
506216,230,25,13,6,2025-11-26,2025-11-29,4,1407.55,20,upi,In-Store,COMPLETED,0,
506472,507,19,22,2,2025-11-11,2025-11-16,1,2615.25,5,NEFT,Online,Compeleted,42.05,
503068,596,22,6,6,2026-06-03,,9,1318.66,10,CARD,In-Store,Returned,0,Gift wrap requested
501588,461,82,40,15,2026-03-23,2026-04-01,9,559.62,15,U.P.I,Online,Cancelled,65.16,
507540,959,69,19,14,2025-02-03,2025-02-11,1,1109.3,25,UPI,In-Store,Completed,0,
500969,654,29,39,24,2026-02-24,,8,2851.94,10,U.P.I,Online,completed,98.72,
502741,54,52,40,17,2025-06-01,2025-06-04,2,377.52,0,U.P.I,In-Store,completed,0,Urgent delivery requested
505798,834,11,38,23,2024-04-30,2024-05-09,4,4626.96,0,Debit Card,Online,cancelled,61.87,
509401,288,31,29,24,2024-07-30,2024-08-03,9,155.36,15,NEFT,In-Store,COMPLETED,0,
502002,466,111,18,23,2024-08-14,2024-08-18,10,626.19,5,cash,In-Store,COMPLETED,0,Urgent delivery requested
508848,926,8,21,13,2024-03-30,2024-03-31,10,2814.76,10,net banking,Online,Completed,97.34,Customer requested callback
502980,987,92,40,8,2025-01-10,2025-01-14,6,1900.9,30,Upi,In-Store,completed,0,Loyalty discount applied manually
505739,445,99,23,7,2025-11-18,2025-11-22,9,944.3,15,CARD,In-Store,pending,0,
504075,840,25,2,23,2025-02-24,2025-03-04,4,1466.32,5,card,In-Store,Completed,0,
503547,356,68,23,3,2025-05-17,2025-05-25,9,368.64,10,Net Banking,In-Store,returned,0,Loyalty discount applied manually
507918,605,34,23,17,2025-07-30,2025-08-02,9,156.1,20,Cash,Online,Completed,83.51,Bulk order - verify stock
501795,963,19,35,12,2024-10-15,2024-10-16,5,2609.92,5,Credit Card,In-Store,Compeleted,0,Customer requested callback
504094,882,50,21,13,2024-06-01,2024-06-10,9,287.06,20,CARD,Online,COMPLETED,59.57,
505802,138,79,40,8,2025-01-09,2025-01-15,2,1224.79,10,UPI,In-Store,completed,0,
502526,607,119,34,15,2025-05-02,2025-05-06,8,214.67,45,Cash,In-Store,Cancelled,0,
506431,463,39,20,13,2024-06-27,2024-06-28,2,488.89,30,U.P.I,In-Store,COMPLETED,0,
505882,804,38,30,16,2026-03-20,2026-03-27,2,311.8,20,U.P.I,In-Store,cancelled,0,
500388,277,86,33,24,2026-06-14,2026-06-19,1,472.51,10,net banking,Online,pending,141.34,Customer requested callback
501842,489,54,7,21,2024-10-20,2024-10-25,7,318.57,5,Cash,In-Store,Cancelled,0,Loyalty discount applied manually
506916,656,86,19,10,2026-05-05,2026-05-13,1,461.73,5,NetBanking,Online,Canceled,83.94,Customer requested callback
501169,67,60,34,9,2025-09-24,2025-09-27,6,1545.99,0,CASH,Online,Completed,89.19,Urgent delivery requested
501803,560,45,7,15,2024-06-16,2024-06-17,4,157.67,0,NEFT,In-Store,CANCELLED ,0,
509070,708,47,27,9,2025-11-30,2025-12-08,9,112.71,10,CASH,In-Store,COMPLETED,0,Urgent delivery requested
501932,61,9,11,5,2026-04-03,2026-04-07,-3,1253.26,30,upi,In-Store,pending,0,
501791,512,88808,32,3,2024-08-07,2024-08-14,4,549.2,5,card,Online,Compeleted,49.62,Urgent delivery requested
501242,610,124,33,19,2025-01-09,2025-01-15,5,292.95,15,CASH,Online,CANCELLED ,148.3,Loyalty discount applied manually
505732,49,43,37,3,2025-10-09,2025-10-18,6,295.56,25,net banking,In-Store,Compeleted,0,
503467,491,35,7,8,2024-03-14,2024-03-18,10,186.98,20,Net Banking,Online,Returned,75.09,
503750,879,57,16,24,2024-01-24,2024-01-31,3,1417.53,30,cash,Online,COMPLETED,145.75,
505778,900,63,35,20,2024-12-23,2024-12-29,4,1260.39,5,cash,Online,completed,130.64,Corporate order
506309,104,22,19,4,2025-02-04,2025-02-11,2,1348.48,10,cash,In-Store,COMPLETED,0,Corporate order
505335,308,36,34,22,2024-07-08,2024-07-17,4,415.8,0,Upi,Online,COMPLETED,112.37,Loyalty discount applied manually
509469,614,24,18,17,2025-05-07,2025-05-15,2,4522.39,5,card,Online,completed,128.42,Urgent delivery requested
506889,386,24,37,9,2025-09-06,2025-09-12,7,4927.01,30,Net Banking,In-Store,COMPLETED,0,
509293,905,72,4,15,2025-06-12,2025-06-15,10,1339.92,25,upi,In-Store,Retuned,0,
509459,608,31,10,10,2024-08-06,2024-08-11,4,158.31,15,net banking,In-Store,pending,0,Urgent delivery requested
506474,236,69,40,5,2026-02-12,2026-02-19,2,1092.46,30,net banking,Online,Pending,39.34,
508418,481,51,33,9,2025-08-10,2025-08-16,8,372.34,10,CASH,In-Store,PENDING,0,Customer requested callback
502073,,89,17,23,2024-06-25,2024-07-01,7,1833.83,25,Debit Card,Online,completed,70.86,
503933,999,47,40,10,2026-01-09,2026-01-11,8,112.47,5,CARD,Online,Compeleted,79.94,Corporate order
504259,572,104,3,8,2026-03-20,2026-03-29,7,373.68,15,cash,In-Store,completed,0,Gift wrap requested
505530,297,71,5,19,2025-07-22,2025-07-23,1,624.6,10,Upi,In-Store,COMPLETED,0,Bulk order - verify stock
503081,418,72,4,13,2024-02-01,2024-02-09,4,1217.43,30,Net Banking,In-Store,COMPLETED,0,Gift wrap requested
505679,909,43,40,5,2026-04-11,2026-04-18,7,298.4,0,NetBanking,Online,completed,56.48,
501021,451,70,6,7,2026-01-21,2026-01-25,10,1808.18,20,NetBanking,In-Store,completed,0,
507614,394,35,2,14,2026-01-01,2026-01-08,2,186.09,30,net banking,In-Store,Compeleted,0,Bulk order - verify stock
500901,926,52,4,10,2025-11-07,2025-11-13,9,360.59,15,CARD,Online,Completed,33.6,
508981,138,67,21,17,2024-08-21,2024-08-30,7,1104.68,0,CASH,Online,COMPLETED,106.04,
500929,102,72,4,5,2025-08-09,2025-08-17,4,1275.68,0,net banking,In-Store,Retuned,0,
506584,785,106,17,11,2026-04-10,2026-04-17,4,677.63,15,Debit Card,In-Store,COMPLETED,0,
506233,482,61,35,13,2025-03-24,2025-03-28,10,1102.5,10,NEFT,In-Store,COMPLETED,0,Urgent delivery requested
508390,849,106,28,2,2026-05-25,2026-05-28,1,703.01,15,NEFT,Online,completed,63.88,Urgent delivery requested
506240,445,83,39,18,2025-12-18,2025-12-23,1,2293.07,20,upi,In-Store,Compeleted,0,
502901,558,50,21,12,2026-02-19,2026-02-21,9,286.63,20,Card,Online,Returned,133.38,
501078,852,17,28,14,2026-02-23,2026-03-02,1,4161.63,15,Debit Card,In-Store,completed,0,
505313,500,88802,10,18,2026-06-27,2026-07-02,10,1698.9,25,NEFT,In-Store,COMPLETED,0,Urgent delivery requested
509112,202,22,20,21,2026-02-16,2026-02-24,8,1315.61,10,Cash,Online,PENDING,29.89,Urgent delivery requested
504821,828,81,25,1,2024-02-24,2024-02-26,1,1837.47,15,NetBanking,In-Store,COMPLETED,0,Loyalty discount applied manually
502953,658,95,4,12,2025-08-17,2025-08-25,7,688.82,0,NetBanking,In-Store,Compeleted,0,
508998,84,12,21,10,2026-02-10,2026-02-12,3,467.77,10,upi,In-Store,COMPLETED,0,Customer requested callback
506709,897,82,18,7,2024-08-12,2024-08-17,9,524.42,10,CARD,Online,Compeleted,128.52,
507201,754,43,38,10,2024-04-14,2024-04-18,9,301.34,25,U.P.I,In-Store,PENDING,0,
509389,916,125,26,21,2025-09-11,2025-09-15,7,418.48,15,Debit Card,In-Store,Completed,0,Urgent delivery requested
500128,195,24,11,23,2026-01-24,2026-01-25,6,4576.72,10,CASH,In-Store,COMPLETED,0,
508381,524,23,37,23,2025-02-14,2025-02-19,3,1924.89,20,Debit Card,In-Store,completed,0,
503295,222,59,28,9,2025-09-16,2025-09-12,6,1023.23,5,NetBanking,Online,cancelled,46.1,
500052,955,24,33,19,2024-01-24,2024-01-26,8,4874.97,15,NEFT,In-Store,COMPLETED,0,
508347,446,32,33,1,2026-04-26,2026-04-27,3,99.62,15,NEFT,Online,returned,136.77,
500825,99,32,35,24,2025-02-12,2025-02-19,8,104.14,0,Cash,In-Store,COMPLETED,0,Gift wrap requested
503292,809,2,29,23,2024-08-16,,3,2992.97,15,NetBanking,Online,COMPLETED,64.9,
509033,667,112,17,23,2025-09-23,2025-09-19,5,541.09,25,card,Online,completed,117.64,Corporate order
501401,14,84,5,19,2025-06-09,2025-06-18,8,760.67,25,upi,Online,COMPLETED,53.71,Gift wrap requested
507424,535,106,9,11,2024-10-01,2024-10-08,8,655.24,15,Cash,Online,returned,66.51,
504666,388,84,30,19,2026-03-23,2026-03-31,3,720.55,0,CASH,In-Store,Completed,0,
502401,326,88804,6,3,2026-04-23,2026-04-26,8,1757.34,10,NetBanking,Online,Completed,32.36,Loyalty discount applied manually
500955,448,122,3,20,2026-01-09,2026-01-18,2,172.82,20,NetBanking,In-Store,COMPLETED,0,Urgent delivery requested
505924,446,100,9,14,2024-03-25,2024-03-23,5,486.76,30,U.P.I,In-Store,PENDING,0,Customer requested callback
509808,302,18,25,16,2025-04-22,2025-04-25,3,893.51,15,Debit Card,In-Store,completed,0,Customer requested callback
509797,44,64,28,1,2025-07-23,,3,1306.8,20,Cash,In-Store,Canceled,0,
505131,543,114,12,20,2026-02-26,2026-03-04,5,203.16,15,Credit Card,Online,Completed,92.68,Loyalty discount applied manually
503046,476,81,31,15,2026-03-17,2026-03-18,7,1792.88,0,Card,In-Store,COMPLETED,0,
508523,997,64,25,9,2026-04-20,2026-04-22,4,1310.37,20,Credit Card,Online,Canceled,77.74,
500630,30,96,39,4,2024-10-19,2024-10-28,6,1855.04,10,NetBanking,In-Store,Completed,0,
501217,463,20,19,10,2026-03-12,2026-03-20,9,3060.22,0,cash,In-Store,Pending,0,
503949,933,68,5,9,2025-12-30,2026-01-02,2,357.82,20,Card,Online,Completed,129.72,
509374,846,43,7,23,2026-06-30,2026-06-26,3,308.88,5,NEFT,In-Store,Canceled,0,Customer requested callback
506252,,102,5,3,2024-05-15,2024-05-17,5,1011.98,15,UPI,Online,Canceled,131.29,
501724,901,49,23,19,2024-04-24,2024-05-01,1,179.09,5,Cash,In-Store,returned,0,
503373,929,65,20,1,2026-02-05,2026-02-10,9,1451.25,25,upi,Online,Completed,137.9,Corporate order
507008,467,79,5,14,2025-09-19,2025-09-27,7,1156.65,10,CASH,Online,Completed,50.51,
506728,788,122,36,10,2024-05-28,2024-06-05,8,161.47,30,cash,In-Store,completed,0,
507578,742,17,7,9,2024-12-31,2025-01-01,8,4182.99,10,net banking,In-Store,COMPLETED,0,
502491,183,52,18,6,2025-11-16,2025-11-17,10,378.67,5,cash,Online,COMPLETED,70.45,
501676,374,22,32,19,2025-07-07,2025-07-10,7,1272.05,25,cash,In-Store,Completed,0,
509118,85,123,17,21,2025-04-05,2025-04-11,7,423.63,5,Net Banking,In-Store,Returned,0,Customer requested callback
508175,595,124,24,6,2026-01-02,,6,291.82,0,NEFT,In-Store,Completed,0,Urgent delivery requested
503459,798,79,15,13,2026-04-26,2026-05-03,1,1136.97,20,Credit Card,In-Store,completed,0,
500663,486,64,35,11,2025-05-22,2025-05-25,8,1351.45,25,CASH,Online,Retuned,80.77,Urgent delivery requested
504586,482,14,39,10,2025-08-29,2025-08-30,7,4923.93,15,Net Banking,Online,Completed,127.79,
505204,979,32,7,13,2024-09-29,2024-10-03,4,105.25,0,Upi,Online,Completed,98.28,
509194,22,80,26,3,2024-08-06,2024-08-11,10,1371.09,5,cash,Online,Compeleted,110.95,
505327,438,66,38,17,2025-01-12,2025-01-21,7,1875.02,25,NEFT,In-Store,Completed,0,Corporate order
504140,551,119,11,24,2026-03-13,2026-03-17,6,218.54,20,NetBanking,Online,Compeleted,93.52,
507172,1000,115,21,18,2026-01-18,2026-01-24,6,339.58,10,Debit Card,In-Store,completed,0,Customer requested callback
502880,63,12,9,13,2025-03-09,2025-03-18,6,482.73,30,Cash,Online,returned,33.9,Customer requested callback
508172,846,55,23,15,2024-02-28,2024-03-06,2,1629.11,20,cash,Online,PENDING,101.33,
508160,,119,6,9,2025-05-28,2025-06-06,4,216.3,25,UPI,In-Store,Retuned,0,
503252,310,40,28,8,2025-11-16,2025-11-17,9,195.03,15,Net Banking,In-Store,Completed,0,Customer requested callback
500258,512,83,38,24,2025-01-07,2025-01-13,7,2364.25,5,Cash,Online,Compeleted,32.36,
505572,682,23,32,5,2024-06-08,2024-06-14,6,1977.61,20,U.P.I,In-Store,returned,0,
501624,61,18,40,7,2026-03-25,2026-03-26,5,906.77,5,CASH,Online,Compeleted,70.89,
500402,19,60,1,18,2024-10-10,2024-10-11,6,1581.48,25,U.P.I,In-Store,COMPLETED,0,
502430,566,39,10,13,2025-03-31,2025-04-09,8,517.47,0,Cash,Online,Pending,106.82,Urgent delivery requested
509739,893,29,6,6,2024-09-08,2024-09-12,10,3121.41,45,net banking,Online,CANCELLED ,33.37,
509635,285,105,36,19,2024-11-05,2024-11-13,3,486.37,30,CASH,Online,PENDING,42.67,Bulk order - verify stock
503973,779,50,33,21,2025-08-16,2025-08-24,4,289.47,25,NEFT,Online,CANCELLED ,98.31,
501248,785,75,29,23,2024-02-24,2024-03-03,7,1254.86,30,CASH,In-Store,Completed,0,
505096,743,76,7,19,2025-07-12,2025-07-15,5,1727.42,20,NEFT,Online,Completed,59.39,Loyalty discount applied manually
507414,813,6,1,24,2024-04-22,2024-04-28,1,1760.55,10,card,Online,COMPLETED,135.8,Corporate order
507625,47,89,33,12,2024-11-08,2024-11-15,6,1795.99,30,net banking,Online,Completed,34.74,Corporate order
500750,869,51,35,22,2025-03-09,2025-03-11,1,372.78,25,UPI,In-Store,Completed,0,
500898,322,10,10,1,2024-07-15,2024-07-22,3,749.08,25,Net Banking,In-Store,COMPLETED,0,Bulk order - verify stock
501659,563,80,14,12,2024-10-19,2024-10-24,4,1382.01,30,NetBanking,In-Store,COMPLETED,0,Urgent delivery requested
507123,520,53,17,15,2025-06-07,,2,268.41,20,UPI,Online,COMPLETED,140.78,Customer requested callback
505155,849,88,4,19,2024-02-23,2024-03-01,8,715.44,35,CASH,Online,Completed,54.12,
504283,13,109,33,9,2025-07-01,2025-07-08,5,484.06,45,NetBanking,Online,completed,93.32,
503110,840,41,30,24,2025-08-28,2025-08-30,10,241.91,5,net banking,Online,COMPLETED,45.44,Customer requested callback
506750,800,57,14,7,2024-07-11,2024-07-18,8,1411.83,25,upi,Online,COMPLETED,128.72,
507941,476,6,37,2,2025-01-31,2025-02-05,8,1771.1,25,UPI,Online,COMPLETED,75.18,Bulk order - verify stock
501156,450,60,37,13,2026-01-20,2026-01-23,2,1537.4,20,net banking,Online,COMPLETED,121.21,
505640,624,93,24,10,2024-08-17,2024-08-18,3,404.27,15,upi,Online,returned,75.24,Corporate order
506000,287,107,4,10,2024-06-17,2024-06-20,9,366.89,20,CASH,In-Store,Completed,0,
508304,490,78,21,13,2026-05-30,2026-06-04,7,533.79,30,NEFT,Online,Returned,109.81,
506388,973,31,14,22,2026-05-03,2026-05-05,9,154.49,5,CARD,In-Store,cancelled,0,
506573,40,90,39,17,2025-11-28,,5,1563.48,5,Upi,Online,completed,128.52,
509537,100,88,34,4,2024-01-04,2024-01-09,7,736.45,25,U.P.I,In-Store,COMPLETED,0,
504305,403,3,9,16,2026-06-13,2026-06-20,4,4701.97,35,U.P.I,In-Store,completed,0,
502658,405,36,22,18,2025-03-18,2025-03-25,1,439.25,5,Debit Card,In-Store,Compeleted,0,Corporate order
503093,143,81,33,5,2024-06-24,2024-07-02,10,1862.64,0,Net Banking,Online,CANCELLED ,130.54,
508489,517,56,39,16,2025-06-03,2025-06-04,5,893.07,25,Net Banking,Online,Returned,91.08,
507102,452,113,13,19,2025-10-26,2025-10-28,5,227.85,5,CARD,In-Store,Completed,0,Gift wrap requested
500438,93,76,34,13,2026-04-12,2026-04-13,7,1655.12,30,CASH,In-Store,Compeleted,0,
505616,825,84,30,3,2024-01-18,2024-01-19,4,705.06,20,CARD,In-Store,Compeleted,0,Gift wrap requested
502761,468,63,24,16,2026-04-14,2026-04-23,4,1200.54,20,Card,Online,PENDING,32.67,Loyalty discount applied manually
507199,527,63,18,16,2024-03-25,2024-03-30,9,1246,20,NEFT,Online,Retuned,114.42,Loyalty discount applied manually
509592,817,37,34,18,2025-12-11,2025-12-14,7,206.63,0,U.P.I,In-Store,Completed,0,
506044,480,93,3,10,2024-08-12,2024-08-21,10,385.43,25,cash,Online,COMPLETED,134.48,
502538,545,56,30,17,2025-10-01,2025-10-08,10,898.42,25,UPI,Online,Retuned,88.31,Bulk order - verify stock
502885,745,92,3,19,2024-08-22,2024-08-25,7,1899.99,25,NEFT,In-Store,Pending,0,Corporate order
507555,308,111,16,4,2024-01-08,2024-01-17,6,677.12,5,Debit Card,In-Store,Compeleted,0,Corporate order
506138,624,76,32,9,2025-09-01,2025-09-02,6,1778.31,10,Cash,Online,Retuned,117.85,
503800,668,40,24,16,2026-05-06,2026-05-15,7,204.08,15,Net Banking,Online,Completed,133.07,
502845,138,22,28,24,2025-01-15,2025-01-17,6,1319.01,0,UPI,Online,COMPLETED,114.65,
500638,285,86,14,7,2025-05-17,2025-05-24,8,468.25,15,upi,In-Store,Compeleted,0,
503740,23,60,6,6,2024-10-13,2024-10-22,7,1608.95,10,NEFT,In-Store,Pending,0,
504151,605,25,22,6,2024-05-02,2024-05-03,5,1488.21,5,net banking,Online,returned,35.66,Loyalty discount applied manually
505282,775,67,33,7,2025-04-29,2025-04-30,7,1122.56,5,cash,Online,COMPLETED,50.21,Loyalty discount applied manually
501196,582,2,13,21,2024-07-07,2024-07-13,6,3004.4,25,Net Banking,In-Store,pending,0,
509114,33,45,27,18,2024-08-31,2024-09-07,1,155.31,5,cash,In-Store,Completed,0,
506967,499,37,30,18,2025-01-11,2025-01-14,5,194.71,25,Net Banking,In-Store,COMPLETED,0,
504114,201,56,31,3,2024-05-14,2024-05-22,3,927.68,30,cash,In-Store,Completed,0,
504214,280,69,30,23,2025-11-26,2025-12-02,2,1051.07,5,upi,Online,CANCELLED ,34.81,Corporate order
507416,420,125,38,10,2026-01-13,2026-01-20,8,404.44,30,net banking,Online,completed,123.32,Corporate order
508923,644,58,5,9,2024-04-03,2024-04-12,8,2051.35,15,NEFT,Online,Completed,145.1,Gift wrap requested
500226,416,61,34,1,2026-02-09,2026-02-11,4,1097.73,20,NetBanking,Online,COMPLETED,72.42,Gift wrap requested
504120,683,106,4,24,2025-03-29,2025-04-04,5,714.47,0,NetBanking,Online,completed,53.29,
500026,825,72,32,10,2025-06-18,2025-06-20,3,1271.89,0,Credit Card,Online,completed,125.51,Bulk order - verify stock
501468,495,48,3,2,2024-08-07,2024-08-16,10,127.71,25,cash,Online,PENDING,139.79,Bulk order - verify stock
508158,838,98,11,5,2025-06-04,2025-06-06,5,1995.57,25,Cash,In-Store,COMPLETED,0,Corporate order
502294,559,54,37,14,2025-08-11,2025-08-13,6,319.85,0,CASH,In-Store,cancelled,0,
507207,895,14,39,23,2026-06-20,2026-06-26,9,4918.54,5,cash,Online,COMPLETED,141.9,
505769,303,2,11,1,2024-09-27,2024-10-05,8,2812.94,15,Credit Card,Online,completed,53.01,
508021,619,41,37,12,2024-11-01,2024-11-06,6,245.23,30,cash,Online,cancelled,72.1,
507696,928,89,18,24,2026-03-02,2026-03-05,10,1896.69,15,card,In-Store,COMPLETED,0,Bulk order - verify stock
509442,716,125,17,13,2024-01-02,2024-01-11,5,394.43,10,U.P.I,Online,completed,91.94,
501334,230,10,8,11,2024-07-30,2024-08-03,4,767.04,5,net banking,Online,Completed,111.35,
502668,13,83,25,13,2026-04-19,2026-04-24,9,2352.48,30,U.P.I,In-Store,Compeleted,0,
508900,604,88,33,14,2024-11-05,2024-11-12,8,700.86,30,UPI,Online,Pending,113.22,Bulk order - verify stock
505565,801,61,22,14,2026-01-21,2026-01-28,3,1082.64,20,Upi,Online,Cancelled,54.83,
504845,,57,37,14,2025-10-22,2025-10-31,7,1300.4,20,Cash,Online,COMPLETED,53.99,
505386,758,36,28,17,2024-11-24,2024-12-01,4,437.94,0,CASH,In-Store,Compeleted,0,Loyalty discount applied manually
500140,941,27,40,7,2026-05-07,2026-05-09,3,3752.25,25,CASH,Online,completed,135.61,
509472,170,32,31,17,2026-03-05,2026-03-09,2,102.26,10,upi,In-Store,completed,0,Gift wrap requested
503018,161,75,38,4,2024-02-20,2024-02-21,1,1162.63,10,Cash,In-Store,Compeleted,0,
501132,33,98,36,2,2024-06-08,2024-06-14,10,1934.88,20,Card,Online,COMPLETED,131.7,
501405,302,125,20,1,2025-08-31,2025-09-06,8,393.17,5,U.P.I,Online,Compeleted,81.01,
506050,462,95,4,8,2025-01-28,2025-01-29,6,692.5,10,Credit Card,Online,PENDING,147.28,
505542,971,26,4,1,2024-03-29,2024-04-07,4,3039.65,15,Net Banking,Online,CANCELLED ,83.93,
502447,619,28,2,5,2024-04-15,2024-04-24,2,3869.57,25,cash,Online,Returned,115.76,
503408,369,4,2,12,2026-02-02,2026-02-07,10,4328.85,10,CASH,Online,returned,79.83,
502264,569,23,38,6,2025-01-05,2025-01-09,9,2005.35,30,CARD,In-Store,pending,0,
507642,94,22,23,21,2025-01-07,2025-01-14,1,1309.81,35,net banking,Online,Completed,90.07,
503190,131,21,29,8,2025-02-18,2025-02-23,7,660.8,30,card,In-Store,COMPLETED,0,Gift wrap requested
500448,511,68,40,24,2025-06-05,2025-06-11,7,374.59,30,card,Online,COMPLETED,119.43,
503723,625,3,1,16,2024-04-27,2024-05-02,7,4399.42,5,net banking,Online,COMPLETED,106.34,
507633,366,87,40,21,2024-05-05,2024-05-14,5,1304.49,0,Credit Card,Online,Returned,50.49,
509633,752,73,27,13,2024-01-11,2024-01-12,1,1063.4,0,net banking,Online,COMPLETED,143.95,Loyalty discount applied manually
504500,821,109,12,23,2024-05-12,2024-05-17,4,491.81,25,Upi,In-Store,completed,0,Urgent delivery requested
502702,748,118,15,20,2024-11-18,2024-11-19,7,460.44,10,upi,Online,completed,136.63,
506801,872,116,20,2,2024-12-13,2024-12-18,3,203.58,10,card,Online,Compeleted,98.67,Bulk order - verify stock
508194,389,94,24,20,2024-10-01,2024-10-03,5,1389.12,10,Net Banking,In-Store,completed,0,
503065,566,44,26,22,2024-03-26,2024-03-28,9,452.71,30,CARD,Online,completed,104.34,Customer requested callback
501891,741,44,1,19,2024-07-10,2024-07-12,7,426.93,15,NetBanking,In-Store,CANCELLED ,0,Customer requested callback
509679,615,71,40,2,2026-05-29,2026-06-06,3,626.4,25,Upi,In-Store,Completed,0,
502584,417,44,37,15,2024-02-24,2024-03-03,2,436.07,20,NetBanking,In-Store,completed,0,
507234,191,88809,19,17,2025-05-11,2025-05-16,3,559.75,30,CARD,Online,Completed,111.41,
507651,953,115,23,10,2025-04-28,2025-05-07,4,339.96,15,Upi,In-Store,completed,0,
503477,917,111,24,6,2025-03-05,2025-03-07,6,674.6,25,Debit Card,Online,Completed,133.63,
507756,197,47,14,16,2024-08-21,2024-08-26,4,120.84,30,Upi,In-Store,returned,0,
501645,400,62,1,22,2025-04-19,2025-04-27,6,871.87,0,net banking,Online,Retuned,127.88,Loyalty discount applied manually
500239,985,11,20,5,2024-08-07,2024-08-10,10,4511.84,15,Upi,In-Store,Compeleted,0,
507847,653,64,17,5,2025-01-11,2025-01-09,2,1330.18,0,upi,Online,Compeleted,97.94,
503310,350,60,12,7,2024-05-03,2024-05-09,8,1603.57,20,Card,In-Store,Completed,0,
504417,407,81,22,16,2025-08-09,2025-08-13,10,1784.23,25,NetBanking,Online,COMPLETED,84.96,
506820,794,109,6,14,2024-05-22,2024-05-25,-1,502.24,5,Credit Card,In-Store,Cancelled,0,
508393,834,23,30,2,2025-05-31,2025-06-01,9,1983.61,10,Card,Online,COMPLETED,137.88,
503993,955,35,8,1,2025-02-10,2025-02-18,1,191.87,0,U.P.I,Online,completed,57.51,
502743,714,81,32,3,2025-08-22,2025-08-26,2,1741.45,15,CASH,Online,Compeleted,61.59,Urgent delivery requested
500883,564,121,4,9,2024-02-16,2024-02-19,10,513.64,30,Credit Card,Online,Compeleted,99.35,
504826,331,22,32,15,2026-02-10,2026-02-14,7,1289.81,5,CARD,In-Store,Retuned,0,Loyalty discount applied manually
500115,574,109,3,4,2025-11-04,2025-11-06,2,514.04,10,Cash,In-Store,Pending,0,
501646,377,28,20,6,2026-04-05,2026-04-11,7,3738.37,5,U.P.I,Online,completed,88.62,
500315,954,72,28,9,2024-08-17,2024-08-21,8,1328.68,0,cash,Online,Compeleted,52.54,Urgent delivery requested
504329,47,81,23,5,2025-01-17,2025-01-20,4,1879.5,10,NetBanking,In-Store,Compeleted,0,Customer requested callback
509425,875,58,22,16,2024-02-09,2024-02-13,4,1883.47,30,NEFT,In-Store,returned,0,
504962,663,86,34,5,2025-07-13,2025-07-15,1,438.92,15,net banking,Online,COMPLETED,104.6,Gift wrap requested
502770,774,29,3,14,2024-05-29,2024-06-04,4,2835.84,25,CARD,Online,Completed,74.48,Bulk order - verify stock
502244,953,64,25,8,2026-05-25,2026-05-31,7,1346.11,30,Credit Card,In-Store,PENDING,0,Corporate order
505506,134,45,10,2,2024-12-27,2025-01-02,1,160.09,15,UPI,In-Store,completed,0,Corporate order
505515,286,108,24,7,2025-10-25,2025-10-29,5,178.4,25,Net Banking,Online,Compeleted,95.57,
504288,253,31,34,12,2024-03-28,2024-03-31,6,161.2,30,CASH,In-Store,completed,0,
503128,359,105,19,5,2024-12-11,2024-12-16,10,468.19,50,Upi,In-Store,Compeleted,0,
502963,799,12,20,5,2024-08-31,2024-09-09,1,481.34,0,Cash,In-Store,Returned,0,
509207,505,40,10,20,2024-09-09,2024-09-16,8,206.76,25,CASH,Online,completed,137.73,
507313,610,75,31,14,2024-01-20,2024-01-28,3,1166.47,20,NetBanking,Online,completed,74.85,
501775,838,84,12,23,2024-07-15,2024-07-21,4,736.15,10,CASH,In-Store,completed,0,
500865,253,99,24,17,2024-07-19,2024-07-27,6,1014.23,30,Upi,In-Store,Compeleted,0,
501312,82,75,19,21,2024-01-05,2024-01-12,8,1228.76,10,Card,Online,Pending,139.99,Bulk order - verify stock
500683,641,68,25,14,2025-11-28,2025-12-02,7,359.31,20,NetBanking,Online,Compeleted,53.4,
509318,593,20,14,3,2025-09-08,2025-09-10,3,2987.02,25,Cash,In-Store,COMPLETED,0,
505449,98,58,15,15,2025-02-04,2025-02-13,1,1878.1,0,Debit Card,Online,completed,78.99,
505078,973,69,22,11,2025-12-10,2025-12-19,8,1094.08,15,NEFT,Online,PENDING,90.39,Urgent delivery requested
507104,536,101,21,12,2024-01-02,2024-01-10,5,2217.08,10,CASH,Online,Completed,66.73,
501351,476,47,33,13,2025-04-28,2025-05-05,1,117.35,30,Upi,Online,Compeleted,146.59,Customer requested callback
503726,865,39,4,17,2025-03-13,2025-03-22,9,516.62,5,CASH,Online,Completed,139.85,
500922,195,5,26,6,2025-11-22,2025-11-23,6,3560.99,0,Debit Card,Online,COMPLETED,46.8,
508675,159,31,6,5,2024-01-03,2024-01-10,2,154.55,0,cash,Online,Retuned,143.68,
506718,725,6,16,16,2025-12-16,2025-12-17,3,1760.34,10,Cash,Online,completed,91.9,Customer requested callback
507866,899,114,10,7,2024-01-10,2024-01-11,2,195.83,20,UPI,In-Store,Completed,0,
507470,819,81,28,12,2026-02-07,2026-02-11,3,1826.31,30,Net Banking,In-Store,Compeleted,0,
501951,676,3,10,21,2024-05-27,2024-06-04,5,4703.44,10,UPI,Online,Canceled,37,
505986,165,97,15,16,2024-07-10,2024-07-11,4,1755.79,10,Credit Card,Online,completed,37.63,
503926,178,89,15,9,2024-11-03,2024-11-06,4,1802.36,25,cash,Online,Compeleted,99.71,Urgent delivery requested
503977,978,22,27,23,2025-07-06,2025-07-14,9,1271.61,30,Upi,Online,completed,75.38,
505954,212,52,21,15,2025-07-27,2025-08-05,9,363.25,0,net banking,Online,COMPLETED,80,
508661,601,52,26,11,2024-12-31,2025-01-07,1,376.01,10,upi,Online,Compeleted,89.2,
501585,385,65,19,7,2024-10-31,2024-11-04,5,1601.93,5,Cash,Online,Completed,116.19,Urgent delivery requested
503923,176,74,19,1,2026-02-01,2026-02-04,7,1389.08,25,NetBanking,In-Store,returned,0,Loyalty discount applied manually
502807,284,87,4,21,2026-02-21,2026-02-28,2,1372.74,20,NetBanking,In-Store,Retuned,0,Corporate order
503569,520,96,1,6,2024-07-19,2024-07-28,2,1854.31,25,Cash,Online,Compeleted,29.48,
500614,871,107,34,20,2025-11-10,2025-11-15,4,371.92,25,Upi,Online,Compeleted,77.72,Corporate order
501266,1000,123,24,18,2025-05-01,2025-05-02,2,398.66,10,Upi,In-Store,Compeleted,0,
508395,318,18,20,11,2025-11-29,2025-12-01,9,867.86,30,Upi,Online,completed,116.59,Customer requested callback
505438,573,2,40,8,2025-05-12,2025-05-17,10,2908.48,20,NEFT,In-Store,COMPLETED,0,Loyalty discount applied manually
506361,807,62,8,13,2025-02-15,2025-02-19,6,917.63,10,Cash,Online,Cancelled,107.55,Loyalty discount applied manually
506998,493,48,40,10,2025-11-09,2025-11-14,9,134.53,15,U.P.I,Online,pending,30.75,Corporate order
500949,672,73,35,3,2026-03-23,2026-04-01,7,1077.67,30,Debit Card,In-Store,Compeleted,0,
503205,82,88,19,19,2025-06-26,2025-07-04,5,719.07,30,Upi,In-Store,Completed,0,
505653,89,29,16,7,2026-06-09,2026-06-14,10,2835.29,25,Credit Card,In-Store,Compeleted,0,
500227,14,49,36,24,2024-03-31,2024-04-05,7,185.74,25,NEFT,Online,CANCELLED ,96.01,Corporate order
504673,337,33,20,17,2026-04-11,2026-04-14,6,388.92,10,NEFT,Online,completed,56.98,Urgent delivery requested
503073,174,74,12,23,2024-05-24,2024-05-31,4,1370.53,30,UPI,Online,Completed,75.78,
501819,144,64,19,5,2024-07-30,2024-07-31,8,1336.18,25,Debit Card,Online,completed,126.52,
505684,722,81,32,4,2026-06-16,2026-06-24,8,1704.33,15,UPI,In-Store,COMPLETED,0,Bulk order - verify stock
506175,138,113,27,2,2024-09-10,2024-09-14,10,231.44,5,Cash,In-Store,Completed,0,
501387,145,9,4,11,2026-01-11,,5,1136.1,20,UPI,In-Store,Retuned,0,
505246,71,106,34,8,2024-07-25,2024-07-26,1,706.21,25,Upi,In-Store,Retuned,0,Corporate order
501275,674,119,30,23,2024-05-20,2024-05-29,10,218.85,0,Upi,Online,completed,89.5,Customer requested callback
509693,962,109,15,13,2025-09-18,2025-09-25,4,480.57,15,cash,In-Store,Pending,0,Customer requested callback
501737,847,48,24,19,2026-05-06,2026-05-14,4,130.84,25,cash,In-Store,Compeleted,0,Corporate order
506853,321,95,24,18,2025-05-18,2025-05-20,4,673.02,0,Net Banking,In-Store,COMPLETED,0,
504947,571,52,14,11,2026-05-05,2026-05-14,1,364.76,10,cash,Online,Completed,44.92,
502518,339,100,17,10,2025-11-06,2025-11-14,9,512.81,40,cash,Online,Completed,51.12,
507798,966,101,13,24,2024-02-23,2024-03-02,2,2188.99,25,U.P.I,Online,Compeleted,113.82,Customer requested callback
503605,991,24,28,20,2025-08-09,2025-08-17,6,4940.52,30,NetBanking,Online,Compeleted,72.94,
502664,667,115,32,17,2024-07-31,2024-08-09,2,343.35,40,UPI,Online,COMPLETED,131.03,
508049,894,100,34,20,2025-09-04,2025-09-12,10,503.91,15,Card,Online,Returned,74.45,
503590,108,76,30,21,2025-11-25,2025-11-26,2,1744,10,Card,In-Store,Completed,0,Gift wrap requested
508284,999005,110,33,14,2025-09-30,2025-10-09,7,243.28,5,NEFT,In-Store,Compeleted,0,Gift wrap requested
507497,628,25,28,8,2025-04-22,2025-04-29,2,1488.88,10,CARD,In-Store,pending,0,
503040,442,123,7,9,2026-04-09,2026-04-18,5,405.27,30,CASH,In-Store,Pending,0,
508048,703,122,33,15,2024-11-07,,1,161.71,30,U.P.I,In-Store,pending,0,
505494,719,61,34,24,2024-11-09,2024-11-15,8,1053.31,50,NetBanking,In-Store,COMPLETED,0,
502208,14,102,34,21,2025-02-20,2025-03-01,5,1015.73,25,cash,Online,Canceled,125.15,Urgent delivery requested
502597,565,79,6,16,2025-05-25,2025-06-03,8,1192.93,10,Card,In-Store,returned,0,
508364,509,16,5,12,2024-06-04,2024-06-13,6,2155.26,20,Upi,In-Store,COMPLETED,0,Loyalty discount applied manually
509326,695,88819,1,22,2024-02-10,2024-02-12,1,2709.79,25,CASH,In-Store,Compeleted,0,
503723,625,3,1,16,2024-04-27,2024-05-02,7,4399.42,5,net banking,Online,COMPLETED,106.34,
505901,931,88815,31,8,2025-04-18,2025-04-21,8,1774.87,10,NetBanking,In-Store,Canceled,0,Bulk order - verify stock
507161,536,115,17,20,2024-11-16,2024-11-23,5,326.46,20,Cash,In-Store,Compeleted,-64.41,Customer requested callback
500400,549,3,6,10,2024-12-18,2024-12-22,5,4678.93,20,U.P.I,In-Store,COMPLETED,0,
506686,416,72,11,1,2024-05-02,2024-05-10,10,1290.25,20,upi,In-Store,Completed,0,
506066,814,58,24,16,2025-07-09,2025-07-18,2,2020.62,10,Cash,In-Store,COMPLETED,0,Bulk order - verify stock
507267,315,36,37,22,2024-12-20,2024-12-26,7,418.28,25,UPI,Online,Completed,83.93,Loyalty discount applied manually
507984,498,52,35,24,2024-04-10,,2,370.9,5,card,Online,COMPLETED,42.88,
506974,650,73,30,16,2024-10-16,2024-10-18,1,1045.81,10,Upi,In-Store,Canceled,0,
507086,4,120,25,4,2026-06-13,2026-06-21,5,156.83,10,Upi,Online,COMPLETED,44.01,Corporate order
501933,684,55,5,7,2026-06-16,2026-06-25,7,1641.43,5,upi,Online,PENDING,31.89,
504272,300,36,24,19,2026-03-21,,4,430.63,0,Cash,Online,Pending,132.57,Gift wrap requested
502605,219,99,17,17,2026-05-19,2026-05-22,8,998.68,5,cash,Online,Retuned,38.13,
502157,599,119,39,2,2025-05-16,2025-05-21,4,,0,Upi,In-Store,Completed,0,Corporate order
502424,15,43,31,22,2024-01-11,2024-01-19,2,314.13,10,upi,Online,Cancelled,46.87,Loyalty discount applied manually
500185,62,1,9,12,2024-06-24,2024-06-27,4,2680.42,30,cash,Online,Compeleted,119.64,Urgent delivery requested
504968,383,94,1,22,2025-01-04,2025-01-12,2,1311.97,30,UPI,In-Store,COMPLETED,0,
502982,708,80,21,14,2024-07-30,2024-08-08,3,1327.32,5,upi,In-Store,COMPLETED,0,
503279,967,124,27,22,2026-06-14,2026-06-18,5,291.77,0,NEFT,In-Store,Cancelled,0,
506314,271,78,5,14,2026-04-07,2026-04-09,4,539.68,5,upi,In-Store,completed,0,
502087,503,34,11,24,2025-01-30,2025-02-07,10,146.09,5,CASH,Online,Retuned,97.9,Bulk order - verify stock
507251,972,110,1,17,2025-12-20,2025-12-24,7,241.61,10,NEFT,Online,Compeleted,87.15,Bulk order - verify stock
507488,624,20,9,24,2024-05-11,2024-05-13,8,3190.18,30,NetBanking,In-Store,completed,0,
506230,665,52,22,12,2026-05-31,2026-06-07,5,394.36,5,CARD,In-Store,Compeleted,0,
501246,296,117,15,18,2025-05-10,2025-05-12,8,290.28,30,upi,In-Store,Completed,0,Loyalty discount applied manually
504547,13,104,33,14,2024-01-21,2024-01-23,3,390.06,20,cash,In-Store,Returned,0,Customer requested callback
501491,258,96,40,8,2026-01-06,2026-01-09,7,1925.8,25,Upi,In-Store,Completed,0,
503176,791,122,18,13,2025-11-15,2025-11-16,7,169.89,15,CARD,In-Store,returned,0,
501383,202,48,32,17,2024-03-19,2024-03-24,9,126.33,5,upi,Online,completed,64.89,Customer requested callback
503770,560,30,7,16,2024-06-25,2024-06-28,9,2621.27,0,net banking,Online,Compeleted,118.57,
501706,105,5,16,17,2024-03-28,2024-03-30,10,3647.89,5,NEFT,In-Store,COMPLETED,0,
508488,814,6,4,22,2024-09-13,2024-09-20,2,1772.03,40,CASH,Online,Completed,147.16,
505303,619,14,7,11,2026-01-09,2026-01-17,6,5054.35,5,Cash,In-Store,Completed,0,Bulk order - verify stock
506595,28,117,7,15,2025-09-20,2025-09-27,2,296.19,30,Credit Card,Online,completed,45.11,
508603,978,68,39,15,2025-03-13,2025-03-14,8,375.19,0,CASH,In-Store,Completed,0,
501487,494,11,21,10,2025-08-01,2025-08-05,10,4632.69,10,upi,Online,COMPLETED,130.25,
506480,589,27,15,19,2026-06-12,2026-06-15,6,3795.52,15,upi,Online,Completed,84.57,
503667,530,13,14,9,2025-12-09,2025-12-16,4,4153.43,0,Credit Card,In-Store,COMPLETED,0,Gift wrap requested
507401,,74,18,13,2026-04-20,2026-04-23,3,1373.12,20,CARD,In-Store,Completed,0,
501900,839,71,25,8,2025-06-25,2025-06-30,3,622.39,0,upi,Online,completed,69.28,
503230,116,85,11,23,2024-09-07,2024-09-15,4,930.01,15,UPI,Online,COMPLETED,126.16,Gift wrap requested
501542,463,59,6,10,2024-03-15,2024-03-20,5,1024.09,25,Debit Card,In-Store,cancelled,0,Urgent delivery requested
507742,611,50,8,6,2026-04-11,2026-04-18,4,293.93,20,U.P.I,Online,returned,64.46,
508590,534,58,30,18,2025-04-02,2025-04-11,6,1990.34,25,cash,In-Store,CANCELLED ,0,
506063,919,42,17,5,2026-03-04,2026-03-12,8,81.75,25,net banking,Online,Completed,86.59,
505010,762,69,31,4,2025-05-17,2025-05-21,3,1032.28,15,upi,Online,completed,136.9,
507851,756,57,30,4,2024-02-17,2024-02-24,2,1396.64,30,CARD,Online,Compeleted,44.64,
508907,678,105,25,6,2024-04-02,2024-04-03,2,473.76,10,U.P.I,In-Store,Compeleted,0,Gift wrap requested
504587,231,105,24,10,2025-01-21,2025-01-27,8,480.53,5,UPI,Online,cancelled,-60.74,Urgent delivery requested
507989,255,100,25,14,2025-04-14,2025-04-15,1,489.73,25,CARD,In-Store,pending,0,
501195,88,17,12,6,2026-06-10,2026-06-13,10,4022.24,30,Card,In-Store,completed,0,Corporate order
504360,946,67,1,2,2025-10-29,2025-11-03,8,1091.01,25,U.P.I,In-Store,COMPLETED,0,Urgent delivery requested
502211,150,15,19,5,2024-08-06,2024-08-13,1,1779.49,0,Upi,Online,COMPLETED,52.76,Customer requested callback
505144,941,92,27,13,2024-01-02,2024-01-10,10,1736.22,0,CARD,In-Store,COMPLETED,0,Bulk order - verify stock
501278,841,38,8,18,2024-01-02,2024-01-04,5,293.91,30,Net Banking,In-Store,Returned,0,
508740,994,91,25,6,2024-01-23,2024-01-26,8,467.17,20,Cash,In-Store,cancelled,0,
508767,524,60,20,10,2026-04-10,2026-04-17,8,1592.32,25,Debit Card,In-Store,Pending,0,Loyalty discount applied manually
505700,440,74,2,6,2025-08-27,2025-08-30,9,1377.52,15,Cash,Online,COMPLETED,139.62,
502708,76,73,26,16,2026-02-04,2026-02-10,4,1081.59,15,card,In-Store,PENDING,0,
507036,842,108,31,20,2025-08-17,2025-08-20,5,176.53,30,cash,Online,Retuned,144.66,Gift wrap requested
506603,884,14,25,17,2026-03-18,2026-03-26,7,4853.42,25,card,Online,COMPLETED,81.97,Customer requested callback
504917,623,66,25,17,2024-02-20,2024-02-29,8,1888.37,30,Cash,In-Store,Compeleted,0,Customer requested callback
500193,885,111,5,24,2025-12-31,2026-01-08,7,682.49,5,NEFT,In-Store,completed,0,Urgent delivery requested
502251,973,24,5,20,2025-03-02,2025-03-07,7,4631.43,30,Net Banking,In-Store,cancelled,0,
504065,634,72,30,19,2025-11-26,2025-12-03,9,1253.99,30,NetBanking,In-Store,Returned,0,Customer requested callback
503858,759,110,19,13,2024-09-30,2024-10-06,8,235.24,5,Credit Card,Online,Compeleted,50.58,
503978,999038,81,10,4,2024-07-22,2024-07-24,1,1816.3,15,Debit Card,Online,completed,125.98,
506730,297,75,13,12,2025-11-02,2025-11-11,5,1197.3,30,Credit Card,Online,returned,52.29,
505962,430,30,16,17,2026-03-09,2026-03-14,9,2825.41,0,NEFT,In-Store,COMPLETED,0,Bulk order - verify stock
508896,304,16,6,2,2026-03-30,2026-04-02,10,2162.07,20,CASH,In-Store,Completed,0,
503656,494,105,29,12,2025-11-03,,1,451.67,0,CARD,Online,Retuned,138.32,
500677,755,88809,9,18,2026-01-25,2026-01-29,3,307.63,15,cash,Online,COMPLETED,49.86,Loyalty discount applied manually
502120,666,125,11,8,2025-04-28,2025-05-03,7,413.43,25,Cash,Online,completed,41.55,
506945,974,13,4,4,2024-07-19,2024-07-20,8,4086.03,25,Cash,In-Store,returned,0,
500654,,119,15,8,2026-06-23,2026-06-29,9,227.59,30,NEFT,In-Store,Compeleted,0,
505058,663,63,12,8,2024-01-10,2024-01-17,2,1206.16,5,NEFT,In-Store,COMPLETED,0,
504657,731,11,35,22,2025-05-03,2025-05-09,10,4781.11,25,UPI,Online,COMPLETED,56.89,
504811,576,11,8,3,2025-06-03,2025-06-06,2,4578.39,20,UPI,In-Store,Completed,0,
501615,19,100,19,13,2026-02-23,2026-03-04,6,496.36,5,upi,In-Store,COMPLETED,0,
507883,676,80,31,7,2024-05-01,2024-05-07,8,,20,Debit Card,Online,Canceled,37.95,Bulk order - verify stock
500469,370,17,17,19,2024-07-03,2024-07-12,4,4093.39,25,CARD,Online,completed,75.18,Gift wrap requested
502938,665,40,40,1,2026-04-18,2026-04-26,6,190.07,30,upi,Online,completed,80.68,Customer requested callback
503326,968,4,26,4,2025-03-16,2025-03-21,8,4220.27,10,net banking,In-Store,COMPLETED,0,
501332,459,119,13,23,2024-09-22,2024-09-24,6,223.61,30,cash,Online,cancelled,126.36,Corporate order
504436,440,68,6,5,2024-08-26,2024-08-29,6,386.22,10,Debit Card,Online,completed,65.97,Corporate order
505042,665,92,1,5,2024-05-08,2024-05-10,7,1897.01,5,CARD,Online,returned,70.17,Customer requested callback
501409,618,48,40,19,2026-05-05,2026-05-09,3,128.05,25,U.P.I,In-Store,Compeleted,0,
505031,51,2,6,4,2024-09-12,2024-09-13,4,2939.12,10,NetBanking,Online,COMPLETED,32.11,
500375,52,107,35,9,2026-06-22,2026-06-28,7,376.72,15,Credit Card,Online,returned,132.47,Urgent delivery requested
503604,517,36,39,21,2025-01-18,2025-01-21,10,404.83,5,Card,In-Store,COMPLETED,0,Bulk order - verify stock
503862,99,96,6,7,2025-10-03,2025-10-06,2,1930.29,5,Credit Card,Online,Completed,127.69,
507675,269,19,5,23,2025-06-03,2025-06-05,0,2779.24,35,CASH,In-Store,Completed,0,Loyalty discount applied manually
500718,285,89,36,5,2025-12-25,2025-12-28,1,1825.31,20,Net Banking,In-Store,Completed,0,
506779,979,121,15,20,2025-11-10,2025-11-11,0,498.04,5,net banking,Online,Completed,55.18,
509458,240,57,16,17,2025-09-07,2025-09-15,3,1357.23,10,net banking,In-Store,COMPLETED,0,Urgent delivery requested
503433,434,4,11,21,2024-01-04,2024-01-08,3,4387.16,10,CARD,In-Store,Returned,0,Bulk order - verify stock
501110,475,122,17,2,2025-03-05,2025-03-09,8,165.05,15,NEFT,Online,Compeleted,136.73,
502923,736,104,16,21,2025-07-23,2025-07-27,4,386.46,0,Net Banking,In-Store,Completed,0,
502227,596,85,9,18,2024-09-08,2024-09-11,9,870.68,15,NEFT,In-Store,Compeleted,0,Loyalty discount applied manually
501521,420,52,3,19,2025-05-06,2025-05-08,6,393.52,0,Net Banking,In-Store,COMPLETED,0,
507589,802,58,27,19,2024-11-28,2024-12-03,1,1927.02,15,UPI,In-Store,Completed,0,
503831,519,36,19,17,2025-11-14,2025-11-20,7,432.13,30,CARD,Online,Completed,55.02,Bulk order - verify stock
502823,8,11,15,12,2024-10-10,2024-10-15,9,4778.86,5,Cash,In-Store,Retuned,0,Loyalty discount applied manually
508580,130,87,24,23,2024-06-02,2024-06-09,6,1284.89,30,Net Banking,In-Store,Compeleted,0,Bulk order - verify stock
506543,999041,113,25,6,2024-08-16,2024-08-22,9,238.95,30,Debit Card,In-Store,Compeleted,0,
502316,481,16,21,1,2025-11-25,2025-11-26,5,2105.59,15,net banking,Online,Compeleted,39.04,
500693,242,9,8,15,2024-07-19,2024-07-25,6,1229.97,10,Debit Card,In-Store,Compeleted,0,Bulk order - verify stock
503779,165,38,21,1,2025-03-29,2025-04-03,7,323.42,5,net banking,Online,Completed,84.82,Bulk order - verify stock
502341,1000,38,26,8,2026-04-28,2026-05-04,3,321.16,30,Upi,In-Store,completed,0,
508945,705,2,28,7,2024-11-08,2024-11-15,7,2871.38,10,CARD,Online,completed,84.53,
503447,619,22,22,21,2025-03-01,2025-03-08,7,1266.72,5,upi,Online,completed,44.19,
500176,233,111,12,12,2026-06-19,2026-06-23,6,661.45,30,U.P.I,In-Store,CANCELLED ,0,Gift wrap requested
506263,527,113,31,8,2025-12-04,2025-12-11,3,242.07,20,cash,In-Store,COMPLETED,0,
505159,352,82,3,12,2025-03-15,2025-03-23,8,545.04,25,CARD,Online,COMPLETED,120.66,Bulk order - verify stock
503664,266,24,21,14,2024-09-14,2024-09-18,1,4658.79,20,NetBanking,In-Store,Compeleted,0,Gift wrap requested
509756,333,95,26,14,2024-11-13,2024-11-17,9,697.85,20,net banking,Online,Completed,142.19,
500587,830,126,33,17,2024-06-20,2024-06-25,9,594.75,0,net banking,Online,completed,107.04,Bulk order - verify stock
503071,661,118,3,17,2025-09-27,2025-09-30,6,458.47,5,cash,Online,Compeleted,93.63,
509794,849,22,35,7,2026-02-09,2026-02-18,3,1284.55,30,Card,In-Store,Retuned,0,
508722,957,102,18,13,2025-06-26,2025-07-04,5,1053.33,10,NetBanking,In-Store,Completed,0,Urgent delivery requested
505028,44,113,7,6,2025-04-08,2025-04-12,2,248.8,0,Net Banking,Online,Completed,82.85,
508904,591,44,12,12,2025-10-01,2025-10-06,1,432.82,10,card,Online,Completed,72.64,Corporate order
502433,89,10,5,3,2026-06-02,2026-06-10,3,734.9,10,NetBanking,Online,completed,51.19,Bulk order - verify stock
506880,166,122,25,16,2025-11-25,2025-12-04,10,166.2,15,Credit Card,In-Store,PENDING,0,
505761,507,77,38,24,2025-10-19,2025-10-24,4,1440.74,0,UPI,Online,COMPLETED,115.64,Customer requested callback
505589,329,64,24,20,2025-01-23,2025-01-24,3,1328.97,10,upi,Online,Compeleted,-30.14,
505500,827,58,14,23,2024-12-15,2024-12-18,8,1946.5,20,CARD,Online,Compeleted,94.51,Customer requested callback
503026,298,59,40,20,2024-03-07,2024-03-11,6,997.14,25,CASH,In-Store,Cancelled,0,
503767,809,87,22,16,2024-02-21,2024-02-25,8,1370.07,10,Cash,Online,completed,95.09,
507023,178,31,40,5,2025-03-27,2025-04-05,9,166.96,40,UPI,In-Store,Compeleted,0,
508153,129,112,6,2,2024-03-12,2024-03-19,3,551.92,20,cash,In-Store,COMPLETED,0,Gift wrap requested
504630,423,37,15,18,2025-04-17,2025-04-23,10,190.74,5,cash,Online,Completed,42.1,
502856,169,7,36,17,2025-10-26,2025-10-27,5,768.42,5,Cash,In-Store,Compeleted,0,Gift wrap requested
509382,861,74,27,20,2025-06-16,2025-06-19,8,1351.89,30,Net Banking,In-Store,completed,0,Customer requested callback
506307,688,1,12,20,2024-07-26,2024-08-03,2,2767.58,20,U.P.I,Online,Completed,138.88,
500877,554,1,14,22,2025-10-19,2025-10-20,7,2744.16,10,net banking,Online,returned,90.51,Customer requested callback
502974,624,33,29,18,2026-06-16,2026-06-25,3,401.08,20,NEFT,Online,Completed,67.88,
501918,951,112,15,19,2025-06-03,2025-06-04,10,524.64,15,Card,In-Store,COMPLETED,0,
503099,396,51,14,4,2024-01-28,2024-02-01,2,375.3,20,upi,In-Store,Completed,0,
502830,839,28,30,2,2025-08-26,2025-09-02,3,3948.05,15,Debit Card,In-Store,Compeleted,0,Corporate order
506372,999037,99,1,9,2025-10-05,2025-10-10,3,1025.14,0,Net Banking,Online,Completed,139.35,
501896,208,81,5,7,2024-09-18,2024-09-20,6,1750.36,25,card,Online,Pending,48.09,
504718,223,88805,30,22,2024-03-04,2024-03-05,5,604.13,10,Card,In-Store,Compeleted,0,Loyalty discount applied manually
509551,96,35,40,17,2025-07-22,2025-07-24,8,,30,net banking,In-Store,Completed,0,
503350,988,28,19,7,2024-05-13,2024-05-19,1,3876.38,0,CARD,Online,pending,86.17,Urgent delivery requested
508533,718,85,4,9,2024-05-05,,4,914.52,0,Net Banking,In-Store,COMPLETED,0,
504983,163,86,19,18,2025-08-28,2025-09-04,7,478.26,30,Card,Online,completed,50.73,
509057,618,30,31,19,2024-04-17,2024-04-24,1,2824.3,30,cash,Online,Completed,141.22,
505801,689,2,6,12,2024-11-21,2024-11-29,9,2745.87,15,CARD,Online,Compeleted,133.45,Urgent delivery requested
501398,773,17,30,12,2025-02-28,2025-03-05,3,4005.47,15,U.P.I,In-Store,Compeleted,0,Bulk order - verify stock
504628,711,74,4,10,2024-11-23,2024-12-01,6,1402.87,20,Debit Card,Online,COMPLETED,86.9,
501496,213,72,17,19,2025-11-11,2025-11-19,6,1266.93,10,UPI,In-Store,COMPLETED,0,Loyalty discount applied manually
501839,896,54,10,18,2024-03-12,2024-03-20,6,325.49,20,UPI,Online,Canceled,58.23,
506700,969,22,33,8,2024-06-22,2024-06-25,4,1362.08,0,NetBanking,Online,Compeleted,97.6,
501851,714,73,15,1,2024-02-14,2024-02-19,4,1063.9,0,NetBanking,In-Store,completed,0,Customer requested callback
506443,45,11,8,4,2024-02-07,2024-02-16,9,4409.9,10,NEFT,In-Store,completed,0,
500416,36,8,40,10,2024-04-01,2024-04-02,3,2559.93,40,upi,In-Store,completed,0,Corporate order
506778,408,35,8,21,2025-02-19,2025-02-28,3,183.56,5,Card,Online,Compeleted,143.27,Loyalty discount applied manually
507193,445,57,16,22,2025-01-30,2025-01-31,6,1361.98,20,net banking,In-Store,completed,0,
502389,77,96,26,1,2026-02-21,2026-03-01,7,2002.67,5,Credit Card,Online,Compeleted,49.18,
500855,803,22,8,10,2024-01-07,2024-01-16,2,1253.67,0,Card,In-Store,PENDING,0,Gift wrap requested
505618,575,20,25,20,2026-02-02,2026-02-07,8,3152.84,5,Cash,Online,pending,107.71,
508102,437,112,11,2,2025-01-01,2025-01-09,3,533.49,20,upi,In-Store,Pending,0,Customer requested callback
506498,536,51,4,7,2024-03-13,2024-03-17,10,396.48,0,NetBanking,In-Store,COMPLETED,0,
504196,299,23,36,15,2025-12-25,2025-12-29,2,2108.48,20,Upi,Online,Compeleted,76.39,Customer requested callback
501045,628,118,18,21,2025-06-05,2025-06-09,9,444.4,10,NetBanking,In-Store,COMPLETED,0,Customer requested callback
508186,738,57,3,6,2024-01-10,2024-01-13,8,1357.45,15,Upi,Online,COMPLETED,104.81,
501811,762,71,33,11,2025-08-07,2025-08-13,5,578.35,20,card,In-Store,Completed,0,
506076,308,2,30,23,2024-06-30,2024-07-02,5,2928.08,30,Upi,Online,COMPLETED,127.86,Bulk order - verify stock
500005,182,21,1,3,2026-04-30,2026-05-07,2,672.25,15,UPI,In-Store,pending,0,
508584,527,87,30,2,2025-11-01,2025-11-04,10,1262.53,20,UPI,In-Store,completed,0,
501243,893,47,11,9,2024-02-06,2024-02-15,5,123.18,30,CASH,In-Store,Compeleted,0,Loyalty discount applied manually
501184,471,62,3,1,2026-05-02,2026-05-05,6,830.95,10,CARD,In-Store,Compeleted,0,Bulk order - verify stock
503910,187,9,17,10,2025-08-19,2025-08-23,3,1240.96,5,upi,Online,completed,132.03,Gift wrap requested
502136,337,97,22,1,2025-08-08,2025-08-17,10,1774.11,30,card,Online,returned,47.56,
500246,823,78,8,18,2026-03-18,2026-03-27,10,509.52,5,CARD,Online,COMPLETED,54.22,
505692,314,26,40,4,2024-05-24,2024-05-28,6,3297.35,30,Card,Online,Compeleted,108.9,Loyalty discount applied manually
505242,302,3,40,7,2025-07-08,2025-07-11,6,4556.12,15,NEFT,Online,completed,97.09,
506773,113,8,37,16,2025-01-14,2025-01-21,3,2784.71,20,Debit Card,In-Store,Completed,0,
502289,520,67,11,2,2024-12-11,2024-12-12,6,1050.07,0,Debit Card,In-Store,Returned,0,Corporate order
508003,894,94,15,17,2025-12-08,2025-12-11,1,1394.79,0,Debit Card,In-Store,Returned,0,Corporate order
503030,386,100,33,10,2024-06-23,2024-07-02,10,517.57,20,upi,Online,Returned,73.6,
502175,452,25,7,8,2024-08-06,2024-08-07,8,1410.25,50,upi,Online,pending,95.84,
506313,103,27,1,15,2024-12-27,2025-01-02,6,3731.69,0,U.P.I,Online,Completed,88.46,Urgent delivery requested
506479,768,77,3,9,2025-01-05,2025-01-10,3,1515.46,10,Cash,Online,Completed,93.44,
508032,610,14,8,10,2025-11-08,2025-11-14,8,5210.43,15,upi,In-Store,COMPLETED,0,Corporate order
501234,326,124,6,15,2025-03-27,2025-04-01,5,271.64,5,CARD,Online,Compeleted,93.5,
507666,450,90,17,15,2025-11-11,2025-11-18,1,1533.47,5,Debit Card,Online,Returned,141.75,Bulk order - verify stock
508761,913,5,29,24,2026-02-11,2026-02-18,1,3567.18,20,U.P.I,In-Store,Completed,0,
506389,499,60,6,15,2025-09-16,2025-09-18,7,1630.55,5,U.P.I,In-Store,Pending,0,
504317,114,40,27,22,2026-04-26,2026-04-29,7,202.19,30,Cash,In-Store,COMPLETED,0,
504846,801,88806,25,3,2025-10-27,2025-11-03,7,640.01,5,net banking,Online,COMPLETED,49.49,
503452,157,117,36,13,2025-07-24,2025-07-31,2,293.64,5,CASH,In-Store,COMPLETED,0,Corporate order
505534,987,121,36,2,2025-06-15,2025-06-18,5,502.13,50,CASH,Online,Completed,31.91,
503305,635,75,33,19,2025-06-23,2025-06-26,2,1180.45,30,CARD,In-Store,PENDING,0,Urgent delivery requested
501144,267,16,8,14,2025-09-20,2025-09-27,5,2139.1,0,Cash,In-Store,Completed,0,
502188,202,78,13,6,2026-01-07,2026-01-09,10,496.17,10,Cash,In-Store,Compeleted,0,
507080,901,95,24,17,2025-09-15,2025-09-18,10,690.32,20,CARD,In-Store,Compeleted,0,Urgent delivery requested
509168,68,79,19,5,2026-06-20,2026-06-23,6,1146.78,15,Credit Card,In-Store,completed,0,Corporate order
503642,407,10,22,1,2026-01-28,2026-02-05,4,750.1,5,CASH,In-Store,returned,0,
503852,360,50,8,7,2024-08-29,2024-09-01,9,291,25,Cash,Online,Compeleted,100.01,
500234,599,74,9,10,2026-02-07,2026-02-09,4,1394.2,25,Debit Card,In-Store,Completed,0,Corporate order
502370,390,123,24,1,2025-01-08,2025-01-06,3,410.74,0,Net Banking,Online,COMPLETED,147.31,Bulk order - verify stock
509163,252,106,2,1,2025-05-18,2025-05-23,2,712.97,25,Upi,Online,Completed,54.08,
502164,785,15,29,4,2024-02-13,2024-02-20,4,1764.56,30,Net Banking,Online,Compeleted,70.72,Customer requested callback
509729,435,39,38,17,2025-02-16,2025-02-20,8,487.37,5,Net Banking,Online,completed,98.02,Gift wrap requested
503763,722,66,23,22,2024-04-15,2024-04-22,4,1914.3,20,Cash,In-Store,Compeleted,0,
504637,641,43,39,17,2026-03-31,2026-04-04,5,311.27,5,CASH,Online,Compeleted,129.76,Gift wrap requested
504251,980,47,15,4,2025-03-13,2025-03-18,3,,15,Upi,Online,COMPLETED,67.7,
508973,801,69,38,15,2025-07-21,2025-07-25,3,1022.35,15,NetBanking,Online,completed,37.11,
502058,,37,30,4,2025-12-11,2025-12-13,9,205.2,15,Net Banking,Online,Completed,56.59,Urgent delivery requested
502960,143,88818,18,3,2025-03-31,2025-04-06,8,1124.96,15,Debit Card,Online,Compeleted,110.18,Customer requested callback
500961,554,18,24,8,2024-09-26,2024-09-29,3,881.24,20,NetBanking,Online,COMPLETED,141.54,
503548,494,54,21,5,2024-06-05,2024-06-07,8,333.63,10,NEFT,In-Store,Cancelled,0,
502973,536,101,12,8,2024-10-21,2024-10-28,1,2187.31,15,upi,In-Store,returned,0,Customer requested callback
501419,649,74,4,2,2024-12-05,2024-12-09,7,1353.36,0,CARD,Online,COMPLETED,29.76,
507045,810,69,17,13,2026-04-08,2026-04-17,10,1066.14,25,NEFT,Online,COMPLETED,41.23,Loyalty discount applied manually
504550,219,59,15,12,2024-12-28,2024-12-31,10,1040.35,25,Card,In-Store,Completed,0,Bulk order - verify stock
508732,955,126,35,21,2024-01-06,2024-01-09,5,564.7,25,Credit Card,In-Store,COMPLETED,0,Loyalty discount applied manually
509038,238,88,28,11,2024-05-05,2024-05-06,9,727.09,30,U.P.I,In-Store,Compeleted,0,Bulk order - verify stock
508918,695,36,2,12,2026-04-20,2026-04-21,4,409.91,20,UPI,In-Store,completed,-90.73,Bulk order - verify stock
500316,12,27,32,1,2024-07-13,2024-07-16,9,3849.98,15,Upi,Online,COMPLETED,66.99,
506879,561,89,38,5,2025-07-26,2025-08-02,3,1808.81,0,Cash,Online,CANCELLED ,58.22,
500521,719,91,6,17,2024-12-20,2024-12-28,2,490.15,0,Cash,Online,Completed,147.59,
503892,166,30,35,23,2025-07-29,2025-08-07,7,2678.05,5,NetBanking,In-Store,COMPLETED,0,
509053,474,46,19,8,2024-03-27,2024-04-04,3,322.08,15,net banking,In-Store,PENDING,0,Urgent delivery requested
504905,431,29,5,10,2024-06-09,2024-06-17,4,3041.76,25,cash,Online,Compeleted,95.65,Bulk order - verify stock
509109,347,4,38,17,2024-09-13,2024-09-18,8,4241.33,5,CASH,Online,PENDING,-99.35,
500049,453,31,28,7,2024-11-15,2024-11-19,7,153.07,15,CASH,In-Store,Completed,0,Corporate order
505817,898,41,37,9,2026-01-06,,7,236.37,0,upi,In-Store,COMPLETED,0,
502638,752,65,31,13,2025-07-03,2025-07-04,8,1526.06,15,Credit Card,Online,Retuned,132.99,
503364,343,49,25,8,2024-12-03,2024-12-04,9,178.97,30,CARD,In-Store,cancelled,0,Bulk order - verify stock
503641,469,35,17,1,2024-05-05,2024-05-11,5,191.21,25,upi,In-Store,Retuned,0,Loyalty discount applied manually
507247,71,35,3,20,2025-11-26,2025-11-29,8,184.54,15,UPI,In-Store,COMPLETED,0,
506816,217,84,31,23,2025-02-24,2025-03-05,5,712.98,20,Upi,Online,Completed,90.2,
504180,318,119,20,19,2025-11-17,2025-11-25,1,222.64,30,net banking,Online,completed,29.51,
508656,143,92,15,4,2024-10-14,2024-10-17,3,1745.16,10,NEFT,Online,Compeleted,147.06,
509246,115,20,19,9,2026-03-21,2026-03-28,7,3096.67,5,upi,In-Store,COMPLETED,0,Loyalty discount applied manually
509172,757,63,3,19,2024-06-26,2024-07-01,1,1205.75,0,NetBanking,Online,completed,47.49,
505535,269,47,3,4,2025-06-30,2025-07-07,3,114.5,0,UPI,In-Store,Retuned,0,
505880,234,63,39,9,2024-10-24,2024-11-01,3,1230.67,20,NEFT,Online,CANCELLED ,104.33,
505011,557,35,17,22,2025-03-29,2025-03-30,8,176.82,25,cash,In-Store,PENDING,0,
506672,78,16,15,14,2024-10-05,2024-10-13,10,2101.29,25,NEFT,Online,COMPLETED,113.71,Gift wrap requested
502710,139,88801,10,10,2026-03-27,2026-04-01,1,1528.13,20,UPI,Online,completed,62.99,
504592,441,109,34,2,2024-12-16,2024-12-25,7,495.8,45,U.P.I,Online,COMPLETED,83.66,Corporate order
505585,159,72,15,23,2024-11-24,2024-12-03,8,1328.86,5,Net Banking,Online,Compeleted,146.26,Loyalty discount applied manually
508501,703,24,39,4,2025-05-10,2025-05-19,1,4706.98,25,CASH,In-Store,Completed,0,
509768,746,83,32,15,2025-06-25,2025-06-30,7,2449.9,15,net banking,In-Store,Compeleted,0,
500145,44,35,34,20,2025-04-14,2025-04-20,8,179.59,50,Net Banking,In-Store,Completed,0,Customer requested callback
508400,857,93,5,6,2024-10-14,2024-10-20,1,400.14,10,cash,In-Store,CANCELLED ,0,
509204,496,102,14,22,2025-02-12,2025-02-18,3,1066.28,10,Credit Card,In-Store,Retuned,0,Urgent delivery requested
505209,854,98,5,11,2025-08-31,2025-09-07,9,1988.94,15,card,Online,completed,32.07,
500027,560,16,23,2,2026-04-13,2026-04-22,3,2132.62,30,NetBanking,Online,Retuned,99.49,Urgent delivery requested
504991,933,36,36,6,2026-02-02,2026-02-09,1,405.96,5,Net Banking,In-Store,completed,0,
506829,119,37,12,3,2025-04-06,2025-04-14,6,196.3,30,CASH,In-Store,Compeleted,0,Gift wrap requested
504009,490,58,15,6,2025-07-28,2025-08-02,7,1872.72,15,CARD,In-Store,returned,0,
506808,747,91,37,8,2024-08-20,2024-08-28,2,505.13,25,U.P.I,Online,CANCELLED ,90.33,Gift wrap requested
508343,979,20,37,3,2024-11-16,,7,2989.7,0,UPI,Online,completed,56.09,
500709,626,74,40,21,2026-04-08,2026-04-12,8,1382.59,5,cash,Online,Cancelled,103.91,Bulk order - verify stock
504797,399,86,10,12,2024-10-23,2024-10-25,4,441.76,25,cash,In-Store,completed,0,Gift wrap requested
502643,878,16,33,21,2024-02-21,2024-02-29,9,2152.99,15,Card,In-Store,completed,0,
502084,700,15,33,11,2025-07-15,2025-07-17,1,1853.67,25,cash,Online,Completed,82.11,
505713,295,61,15,13,2025-10-10,2025-10-16,10,1108.06,10,CARD,In-Store,completed,0,Corporate order
509625,509,66,23,13,2024-05-24,2024-05-28,1,1808.81,10,card,Online,Completed,133.81,
505044,622,58,29,21,2025-06-05,2025-06-06,9,2027.07,25,Upi,In-Store,PENDING,0,Customer requested callback
506656,709,49,40,14,2025-03-30,2025-04-01,5,177.22,25,CARD,Online,cancelled,77,
501998,232,22,5,6,2024-02-12,2024-02-16,6,1321.93,10,Cash,Online,Retuned,145.81,
507028,312,89,22,1,2026-06-23,2026-06-26,8,1753.37,15,NEFT,In-Store,COMPLETED,0,Urgent delivery requested
503833,217,66,10,6,2025-04-17,2025-04-21,1,1913.47,15,Card,In-Store,Completed,0,Loyalty discount applied manually
504336,247,122,16,21,2026-03-25,2026-03-29,5,162.74,5,upi,In-Store,Compeleted,0,Loyalty discount applied manually
505727,58,42,29,11,2026-01-27,2026-02-02,0,81.08,30,Debit Card,Online,completed,148,
505222,559,51,29,14,2025-10-17,2025-10-24,10,393.43,20,Debit Card,Online,PENDING,38.73,
501300,203,69,16,22,2024-07-22,2024-07-25,10,1108.06,30,CARD,In-Store,Completed,0,Gift wrap requested
508337,327,21,23,3,2025-03-24,2025-04-02,1,640.81,10,CASH,In-Store,completed,0,
503168,896,22,39,4,2024-05-15,2024-05-20,3,1296.86,25,CARD,Online,completed,51.37,
502744,277,102,7,5,2024-04-22,2024-04-24,8,1023.02,5,Net Banking,In-Store,Retuned,0,
508277,535,3,11,1,2025-04-21,2025-04-30,3,4487.28,20,NEFT,In-Store,completed,0,
505728,107,34,20,13,2024-09-03,2024-09-09,10,144.83,20,U.P.I,Online,returned,98.91,
500860,387,3,9,10,2026-02-15,2026-02-18,1,4517.52,50,card,Online,completed,59.26,
500149,530,55,19,8,2024-07-13,2024-07-19,3,1740.07,30,Cash,In-Store,Compeleted,0,Gift wrap requested
503742,548,103,4,19,2024-11-20,2024-11-23,2,634.23,20,CARD,In-Store,COMPLETED,0,
509532,294,112,37,1,2025-06-03,,2,541.72,0,CARD,In-Store,COMPLETED,0,
500512,115,78,8,5,2025-10-11,2025-10-14,8,520.74,20,Card,In-Store,PENDING,0,
506893,194,82,4,21,2024-12-27,2024-12-30,6,538.95,5,upi,Online,Canceled,66.28,
509054,271,37,13,8,2024-06-26,2024-06-29,7,208.72,10,U.P.I,In-Store,COMPLETED,0,
504909,445,13,39,8,2025-08-24,2025-08-30,3,4069.53,20,CASH,In-Store,Completed,0,
500129,748,36,21,22,2024-09-26,2024-09-27,3,415.32,30,NEFT,Online,Pending,108.62,
504045,617,49,3,1,2024-05-20,2024-05-22,10,175.25,0,Net Banking,Online,completed,91.31,Bulk order - verify stock
505958,6,116,29,14,2026-04-25,2026-05-01,3,212.59,20,Cash,Online,Returned,145.34,
500135,990,103,28,10,2025-06-26,2025-06-27,1,612.71,0,Upi,Online,completed,62.66,
508607,901,6,40,17,2026-05-05,2026-05-08,2,1765.59,10,Credit Card,Online,Compeleted,139.45,
500544,595,98,14,9,2024-04-25,2024-05-04,2,1958.3,25,NEFT,Online,COMPLETED,57.74,
508912,301,69,17,14,2025-04-07,2025-04-16,1,1050.28,5,CASH,Online,pending,42.29,
505244,252,79,16,21,2024-09-22,2024-09-23,10,1138.46,30,Debit Card,In-Store,completed,0,
502616,580,108,10,23,2025-01-22,2025-01-31,4,168.64,5,CASH,In-Store,completed,0,
503987,676,47,30,2,2024-04-30,2024-05-06,8,121.57,25,NEFT,In-Store,Completed,0,Bulk order - verify stock
508434,540,83,18,11,2025-02-19,2025-02-25,2,2397.24,25,U.P.I,In-Store,Cancelled,0,Gift wrap requested
505241,381,90,28,8,2026-02-23,2026-03-02,5,1543.63,10,upi,In-Store,PENDING,0,
503693,580,89,23,8,2025-09-10,2025-09-13,2,1797.59,15,Credit Card,Online,completed,146.24,Customer requested callback
502831,159,94,28,22,2025-11-24,2025-11-27,10,1348.74,25,cash,In-Store,pending,0,Customer requested callback
500093,984,87,1,14,2025-09-30,2025-10-09,4,1260.31,25,CASH,Online,Compeleted,91.4,Bulk order - verify stock
501902,997,47,7,6,2026-03-22,2026-03-26,9,122.47,0,NEFT,Online,Compeleted,119.2,Loyalty discount applied manually
506145,924,72,5,13,2025-12-02,2025-12-09,8,1270.33,15,card,Online,Canceled,60.19,Urgent delivery requested
503996,236,56,14,18,2025-09-24,2025-10-01,10,937.32,10,Cash,In-Store,COMPLETED,0,Loyalty discount applied manually
504022,156,93,31,24,2025-06-03,2025-06-10,8,375.02,25,CASH,In-Store,COMPLETED,0,Customer requested callback
506434,888,114,5,12,2026-03-05,2026-03-06,10,205.16,30,net banking,In-Store,Returned,0,Gift wrap requested
502813,459,43,15,13,2024-08-22,2024-08-23,7,,25,cash,Online,Cancelled,81.74,
504662,87,30,7,7,2025-11-01,2025-11-04,9,2875.16,0,Cash,In-Store,COMPLETED,0,Customer requested callback
508000,876,105,32,4,2025-02-23,2025-03-03,6,464.17,30,Card,Online,Compeleted,65.58,Loyalty discount applied manually
504536,621,50,27,23,2024-12-08,2024-12-14,6,297.12,0,Debit Card,In-Store,Completed,0,Customer requested callback
508858,244,108,7,12,2024-03-05,2024-03-11,7,178.09,10,net banking,Online,PENDING,112.71,
507760,101,85,34,20,2025-07-13,2025-07-14,4,868.13,0,NEFT,In-Store,Completed,0,
508241,11,11,38,16,2024-02-16,2024-02-24,6,4744.12,10,CARD,In-Store,Compeleted,0,
509133,641,65,25,24,2024-02-24,2024-03-01,3,1596.49,15,CASH,In-Store,Completed,0,
503134,682,108,16,7,2025-11-23,2025-11-26,1,175.09,20,Debit Card,In-Store,Completed,0,Corporate order
507694,807,18,25,8,2025-12-31,2026-01-07,5,924.39,15,Debit Card,In-Store,Retuned,0,
505789,479,9,18,16,2025-09-24,,5,1142.38,10,Credit Card,In-Store,COMPLETED,0,
503598,286,9,15,1,2024-01-08,2024-01-17,1,1164.32,10,Net Banking,In-Store,Compeleted,0,Customer requested callback
507055,118,93,4,3,2025-04-24,2025-05-03,1,373.64,5,upi,Online,completed,42.11,
508500,648,7,34,9,2025-05-18,2025-05-24,2,717.69,5,UPI,In-Store,COMPLETED,0,
507750,183,3,15,19,2025-04-27,2025-05-01,3,4613.1,20,Card,Online,completed,62.12,
508943,146,3,28,23,2025-01-02,2025-01-08,9,,15,Credit Card,Online,Completed,31.54,
507875,8,55,33,10,2025-09-11,2025-09-18,10,1663.08,10,Cash,Online,COMPLETED,60.16,Corporate order
504424,213,41,30,13,2025-10-27,2025-11-05,1,248.08,5,card,In-Store,Retuned,0,Bulk order - verify stock
507978,851,105,4,20,2024-10-30,2024-11-03,1,497.53,5,U.P.I,In-Store,Completed,0,Loyalty discount applied manually
504205,52,11,10,8,2024-07-06,2024-07-11,10,4817.22,5,Net Banking,In-Store,pending,0,Gift wrap requested
506241,821,24,28,15,2024-02-29,2024-03-05,3,4946.83,15,NetBanking,Online,COMPLETED,102.85,Loyalty discount applied manually
505062,207,93,16,22,2025-08-24,2025-08-28,7,369.23,5,net banking,In-Store,returned,0,
502874,338,68,18,15,2025-07-28,2025-08-05,9,379.62,10,U.P.I,In-Store,Canceled,0,Customer requested callback
508703,382,26,25,23,2025-04-04,2025-04-05,7,3024.9,0,Card,In-Store,Compeleted,0,
502542,978,74,25,4,2025-09-16,2025-09-18,2,1348.93,10,cash,In-Store,PENDING,0,
505946,426,105,2,4,2024-05-29,2024-05-30,1,488.84,5,net banking,Online,Completed,39.38,
505782,865,33,4,4,2025-08-23,2025-08-28,3,388.44,25,net banking,Online,Completed,80.95,Customer requested callback
502018,983,42,18,10,2024-02-15,,4,83.63,30,NEFT,In-Store,Completed,0,
507459,793,21,25,19,2026-05-08,2026-05-16,6,651.68,20,cash,Online,completed,135.63,Gift wrap requested
509617,727,11,28,19,2026-06-03,2026-06-04,7,4561.78,25,NetBanking,Online,Compeleted,33.75,Bulk order - verify stock
501804,893,107,19,23,2024-09-02,2024-09-03,3,357.14,25,U.P.I,Online,Completed,46.13,
507805,737,49,3,10,2024-07-22,2024-07-30,7,171.92,0,U.P.I,Online,Completed,66.25,
501831,627,66,15,23,2024-07-28,2024-08-02,5,1861.08,20,Upi,In-Store,COMPLETED,0,
503584,545,6,11,15,2024-08-04,2024-08-08,8,1712.32,15,CASH,Online,Compeleted,103.29,
508143,175,97,27,20,2025-05-21,2025-05-23,1,1726.87,10,CARD,In-Store,Completed,0,
504898,710,8,31,16,2025-05-08,2025-05-13,8,2801.6,5,CASH,Online,CANCELLED ,147.4,
502674,970,110,36,11,2026-05-09,2026-05-10,4,248.03,25,Cash,In-Store,Compeleted,0,
507672,790,107,14,17,2026-04-30,2026-05-08,6,377.91,20,CASH,Online,COMPLETED,29.4,Gift wrap requested
501512,493,78,14,24,2024-11-28,2024-12-04,0,500.72,5,NetBanking,Online,Returned,63.67,
509839,643,82,30,12,2026-01-09,2026-01-15,7,529.62,5,net banking,Online,completed,51.74,
509362,284,51,16,1,2025-10-27,2025-10-28,7,375.61,10,card,In-Store,pending,0,
506435,918,119,12,24,2025-04-13,2025-04-21,-2,214.73,5,Cash,Online,Canceled,110.46,
504193,188,23,37,11,2025-04-27,2025-05-05,4,2109.54,5,U.P.I,In-Store,pending,0,Corporate order
509341,463,111,28,9,2024-08-12,2024-08-21,3,651.15,15,Upi,Online,Completed,54.69,
501199,714,91,13,17,2025-08-09,2025-08-16,7,489.71,0,UPI,In-Store,completed,0,Urgent delivery requested
501133,591,93,6,9,2025-07-24,2025-08-01,2,401.11,35,Upi,Online,completed,53.42,
502669,828,13,5,22,2024-04-26,2024-05-05,6,4021.87,50,cash,Online,CANCELLED ,37.29,Customer requested callback
505161,170,116,3,6,2024-01-22,2024-01-26,8,203.79,15,Card,Online,cancelled,45.38,Bulk order - verify stock
501027,167,57,20,14,2024-05-12,2024-05-14,6,1338.17,20,card,Online,COMPLETED,71.35,Urgent delivery requested
505311,425,113,15,17,2024-07-21,2024-07-28,1,237.99,15,Cash,Online,Compeleted,113.12,
506016,995,33,39,6,2025-06-04,2025-06-08,2,383.1,30,Net Banking,In-Store,Compeleted,0,
500099,557,90,7,8,2025-02-03,2025-02-07,6,1475.1,0,cash,Online,COMPLETED,59.66,
501941,503,88802,35,6,2025-07-17,2025-07-21,3,3057.65,0,Upi,Online,Completed,147.69,
501927,610,110,17,11,2025-04-24,2025-04-26,2,233.8,5,NetBanking,In-Store,Completed,0,
501333,712,100,16,6,2025-11-04,2025-11-07,9,509.92,0,CARD,Online,completed,94.33,
506189,538,82,21,2,2024-10-03,2024-10-05,1,545.56,15,Cash,In-Store,COMPLETED,0,
504504,167,49,14,1,2026-06-30,2026-07-02,7,178.52,15,cash,Online,COMPLETED,131.51,Bulk order - verify stock
503228,875,126,23,12,2024-11-13,2024-11-17,6,598.24,20,card,In-Store,COMPLETED,0,Loyalty discount applied manually
505240,758,46,38,12,2026-06-28,2026-07-07,6,305.49,5,U.P.I,Online,COMPLETED,34.49,
506283,247,38,26,2,2025-12-21,2025-12-30,10,320.88,15,CASH,In-Store,Compeleted,0,
504668,701,82,18,2,2025-11-08,2025-11-14,3,543.19,10,NetBanking,Online,Compeleted,44.69,
506437,396,117,16,22,2024-06-09,2024-06-12,9,283.87,25,cash,In-Store,CANCELLED ,0,Corporate order
500665,622,56,17,11,2025-09-12,2025-09-21,1,882.52,30,UPI,Online,Compeleted,114.36,
500687,365,81,9,6,2025-04-15,2025-04-20,6,1856.31,25,cash,In-Store,Returned,0,Corporate order
503568,115,62,39,8,2024-01-12,2024-01-19,1,855.78,25,upi,In-Store,Compeleted,0,Customer requested callback
502783,32,67,32,10,2025-08-15,2025-08-18,4,1100.39,10,UPI,In-Store,completed,0,
501115,898,38,16,16,2025-09-23,2025-09-25,1,306.39,20,upi,In-Store,Completed,0,Bulk order - verify stock
505533,889,37,19,24,2024-12-01,2024-12-08,6,198.02,25,U.P.I,In-Store,COMPLETED,0,
501770,262,100,36,20,2026-06-06,2026-06-07,10,512.76,15,NetBanking,In-Store,COMPLETED,0,
508987,491,97,1,13,2025-06-22,2025-06-24,4,1832.25,15,cash,In-Store,Completed,0,Urgent delivery requested
501090,291,12,25,24,2024-06-25,2024-06-28,5,484.63,25,CARD,In-Store,Retuned,0,
501284,355,46,27,17,2025-12-06,2025-12-08,7,311.27,5,net banking,Online,Returned,44.41,Urgent delivery requested
509492,63,91,31,23,2025-02-17,2025-02-24,10,468.09,10,Debit Card,Online,Compeleted,94.88,
504839,582,13,7,5,2024-07-18,2024-07-21,2,4239.48,15,Cash,Online,COMPLETED,94.79,
501745,830,32,25,5,2024-02-09,2024-02-13,10,107.23,20,CASH,In-Store,COMPLETED,0,
501595,675,104,19,10,2024-07-08,2024-07-15,7,407.18,5,CARD,In-Store,pending,0,Gift wrap requested
507370,115,118,6,22,2025-06-24,2025-06-28,8,434.4,15,net banking,In-Store,completed,0,
501022,783,75,21,19,2025-06-07,2025-06-14,4,1220.46,0,Net Banking,In-Store,completed,0,Loyalty discount applied manually
502038,748,88818,22,19,2024-08-28,2024-08-29,1,2178.06,50,net banking,In-Store,Completed,0,
503122,376,72,23,16,2026-01-16,2026-01-23,3,1252.25,10,cash,In-Store,COMPLETED,0,Corporate order
503355,672,72,14,12,2025-12-08,2025-12-11,2,1217.62,5,Cash,Online,CANCELLED ,81.44,
501024,786,117,28,11,2024-08-15,2024-08-22,5,295.83,10,Card,Online,Compeleted,131.6,
503698,510,90,17,18,2024-08-16,2024-08-17,3,1478.38,25,NetBanking,In-Store,completed,0,
501849,721,114,14,20,2024-05-12,2024-05-18,6,188.42,25,UPI,In-Store,Completed,0,
503386,284,5,6,18,2025-09-23,2025-09-28,4,3367.38,5,NetBanking,In-Store,PENDING,-75.62,Loyalty discount applied manually
506317,172,4,30,5,2024-07-29,2024-08-06,7,4243.47,25,Cash,In-Store,Cancelled,0,
504116,984,125,12,6,2024-06-15,2024-06-20,9,405.89,0,upi,Online,CANCELLED ,58.46,Customer requested callback
501515,171,11,8,13,2024-03-11,2024-03-16,4,4429.97,5,upi,Online,completed,95.25,Bulk order - verify stock
509276,959,18,7,8,2026-02-01,2026-02-08,1,860.38,20,UPI,In-Store,Compeleted,0,Bulk order - verify stock
504128,68,112,3,12,2026-05-04,2026-05-07,10,570.49,50,cash,In-Store,Cancelled,0,Loyalty discount applied manually
502670,630,72,8,10,2024-03-24,2024-03-26,10,1280.38,10,Upi,In-Store,Compeleted,0,
502451,890,54,30,7,2024-12-20,2024-12-24,3,307.15,30,net banking,Online,completed,34.65,
508180,897,81,3,18,2026-03-02,2026-03-07,10,1762.34,15,Card,In-Store,returned,0,
501538,623,75,31,7,2025-02-02,2025-02-10,5,1245.19,15,U.P.I,Online,completed,136.98,Gift wrap requested
500173,958,3,12,15,2024-02-17,2024-02-18,1,4788.87,30,card,Online,Canceled,36.35,Customer requested callback
504661,368,35,32,13,2024-11-02,2024-11-09,9,175.59,5,UPI,In-Store,CANCELLED ,0,
506962,826,85,5,17,2025-03-21,2025-03-25,5,862.45,0,Net Banking,Online,Completed,31.08,
503805,265,93,17,18,2026-01-26,2026-02-01,1,371.25,5,Card,Online,Compeleted,104.66,Urgent delivery requested
502357,442,31,30,2,2026-05-06,2026-05-13,2,157.66,10,NEFT,In-Store,Completed,0,
506061,750,74,7,22,2025-02-27,2025-03-06,1,1392.65,0,Debit Card,In-Store,completed,0,Customer requested callback
508509,184,102,13,7,2025-07-08,2025-07-13,3,973.8,10,net banking,In-Store,COMPLETED,0,
503109,463,94,10,9,2024-01-07,2024-01-15,5,1403.46,30,Card,Online,Compeleted,46.62,
504202,115,64,23,20,2025-10-18,2025-10-27,8,1321.9,20,Upi,In-Store,COMPLETED,0,
509205,982,109,33,9,2024-01-06,2024-01-13,5,478.51,20,Upi,In-Store,Pending,0,Gift wrap requested
503011,635,80,33,9,2024-09-17,2024-09-23,8,1396.54,10,Debit Card,Online,COMPLETED,138.8,
504570,47,89,12,14,2025-11-03,,3,1802.34,20,Cash,Online,Pending,129.85,
504350,114,28,20,4,2025-01-13,2025-01-18,3,4015.78,20,Net Banking,In-Store,Compeleted,0,
503002,367,93,12,11,2025-04-27,2025-04-28,8,382.54,50,upi,In-Store,Pending,0,
507281,69,25,14,1,2024-10-14,2024-10-13,3,1484.94,15,Debit Card,Online,Compeleted,107.49,Corporate order
508861,842,70,29,21,2024-06-22,2024-06-23,4,1870.56,10,Net Banking,In-Store,Compeleted,0,
502615,829,16,30,22,2025-11-13,2025-11-18,1,2166.85,10,Cash,Online,returned,53.48,
505722,132,44,24,12,2025-11-23,2025-11-25,2,413.47,20,NEFT,In-Store,Completed,0,
502152,935,36,4,5,2026-02-09,2026-02-17,4,408.11,30,UPI,In-Store,completed,0,
509089,323,9,36,6,2024-09-09,2024-09-14,3,1146.67,10,Credit Card,In-Store,COMPLETED,0,
505550,21,83,30,7,2025-11-09,2025-11-14,4,2471.35,15,Card,In-Store,returned,0,
506054,935,69,31,20,2025-07-10,2025-07-15,4,1108.49,10,cash,In-Store,COMPLETED,0,
508771,99,8,25,5,2026-06-19,2026-06-26,1,2812.05,0,Upi,In-Store,COMPLETED,0,
501694,885,14,7,10,2025-06-13,2025-06-19,2,4882.43,20,UPI,Online,Compeleted,77.88,Loyalty discount applied manually
502998,592,114,14,14,2025-09-17,2025-09-20,7,199.56,10,cash,In-Store,Compeleted,0,
503855,498,98,9,13,2024-11-02,2024-11-08,8,2075.93,20,U.P.I,Online,Completed,125.63,Bulk order - verify stock
507477,335,72,26,14,2024-09-15,2024-09-18,1,1264.28,20,UPI,In-Store,COMPLETED,0,
509206,626,104,26,4,2025-07-14,2025-07-18,4,390.13,15,NEFT,Online,pending,39.4,Loyalty discount applied manually
504823,381,79,38,12,2024-05-15,2024-05-22,9,1128.62,20,Upi,Online,Compeleted,106.28,
505523,862,68,19,15,2025-09-29,2025-10-08,7,373.56,0,NetBanking,Online,completed,118.47,
505079,797,18,15,11,2024-02-06,2024-02-11,2,874.58,5,net banking,In-Store,completed,0,
502015,659,10,3,19,2025-04-15,2025-04-22,4,712.02,0,Upi,In-Store,completed,-33.77,
504945,276,51,30,1,2026-06-28,2026-07-04,8,378.5,20,Net Banking,Online,Cancelled,76.95,
503716,150,115,36,1,2024-11-03,2024-11-11,7,326.18,10,CASH,Online,completed,68.84,Bulk order - verify stock
505504,55,85,32,3,2025-12-24,2025-12-27,9,891.54,10,Credit Card,Online,COMPLETED,114.12,Loyalty discount applied manually
503532,115,53,10,20,2024-12-02,2024-12-04,7,277.39,25,U.P.I,Online,Compeleted,144.32,Gift wrap requested
508365,791,73,38,17,2024-01-11,2024-01-18,4,1049.22,25,NEFT,Online,Completed,115.59,
507208,380,41,23,18,2024-04-08,2024-04-09,5,236.1,0,Cash,In-Store,completed,0,
503725,473,88,25,11,2025-02-28,2025-03-09,10,710.97,10,Debit Card,Online,Cancelled,92.59,
508119,994,107,17,3,2025-01-27,2025-01-31,3,390.73,45,NetBanking,In-Store,returned,0,Urgent delivery requested
508090,145,35,9,1,2024-04-07,2024-04-13,7,179.9,30,NEFT,Online,completed,90.13,
501979,948,62,35,20,2024-09-23,,7,856.94,10,Cash,In-Store,COMPLETED,0,Loyalty discount applied manually
506975,996,28,23,19,2024-07-09,2024-07-12,3,4022.44,25,Upi,In-Store,Canceled,0,
508855,476,124,2,7,2025-08-27,2025-08-29,3,280.45,30,Upi,In-Store,Retuned,0,
506545,13,105,34,23,2025-02-23,2025-03-03,8,452.48,5,Upi,Online,Completed,67.92,Loyalty discount applied manually
505808,801,8,31,8,2024-03-20,2024-03-29,6,2745.63,20,upi,Online,Completed,70.2,Gift wrap requested
507240,647,20,20,3,2025-07-20,2025-07-22,8,3030.91,0,cash,In-Store,COMPLETED,0,Bulk order - verify stock
503749,495,100,28,9,2026-06-24,2026-06-27,8,515.4,15,U.P.I,In-Store,completed,0,
501471,933,26,5,15,2024-04-05,2024-04-09,2,3158.5,25,net banking,Online,COMPLETED,76.08,
507733,744,106,22,19,2025-10-21,2025-10-27,3,671.05,15,Cash,In-Store,Cancelled,0,Bulk order - verify stock
502498,597,112,23,2,2025-04-11,2025-04-18,4,549.56,15,CARD,Online,Completed,135.37,Bulk order - verify stock
506052,622,5,16,4,2026-01-28,2026-02-04,4,3646.94,5,Debit Card,Online,PENDING,68.35,Customer requested callback
507205,26,56,2,23,2025-03-22,2025-03-23,7,959.56,25,card,In-Store,Completed,0,
500187,559,29,4,18,2024-06-10,2024-06-15,3,2945.88,30,Net Banking,Online,COMPLETED,44.27,
502796,185,104,37,18,2025-03-10,2025-03-12,6,393.49,10,cash,Online,returned,127.68,
500830,941,23,14,24,2025-04-09,2025-04-10,1,1953.2,30,Credit Card,In-Store,Completed,0,
500862,999002,23,5,12,2024-04-07,2024-04-05,1,1928.18,30,Debit Card,In-Store,COMPLETED,0,
500021,837,25,4,10,2024-08-22,2024-08-31,9,1482.14,5,NetBanking,In-Store,Retuned,0,Bulk order - verify stock
507145,852,58,36,8,2025-08-05,2025-08-10,3,1883.61,5,U.P.I,Online,COMPLETED,136.73,Loyalty discount applied manually
502612,128,47,35,22,2024-07-28,2024-07-29,8,120.51,25,UPI,In-Store,Completed,0,Corporate order
507920,861,123,18,9,2024-08-01,2024-07-29,6,416.36,10,CASH,In-Store,PENDING,0,
505114,967,69,27,22,2025-12-07,2025-12-09,2,1030.75,40,Net Banking,Online,Pending,109.48,
503894,996,68,26,14,2024-04-19,2024-04-26,3,386.69,30,NetBanking,In-Store,Compeleted,0,
502193,,51,8,11,2026-01-23,,4,369.49,25,Card,Online,COMPLETED,67.86,
509409,171,35,8,9,2024-06-06,2024-06-14,6,189.78,5,cash,Online,COMPLETED,40.63,
505900,397,9,33,14,2025-10-19,2025-10-28,2,1215.74,5,Debit Card,In-Store,PENDING,0,
500803,779,114,28,11,2026-01-25,2026-02-02,3,192.7,10,UPI,Online,Returned,53.25,
501324,809,56,9,16,2025-03-16,2025-03-24,2,906.54,10,NEFT,In-Store,Completed,0,
506840,364,19,2,11,2025-03-30,2025-03-31,1,2685.3,25,upi,Online,Compeleted,143.7,Corporate order
507662,100,94,2,18,2025-02-22,2025-02-24,6,1333.06,20,Cash,In-Store,completed,0,Customer requested callback
507131,134,98,4,15,2024-07-17,2024-07-19,10,2051.99,20,cash,In-Store,returned,0,Loyalty discount applied manually
501116,576,119,40,23,2025-03-13,2025-03-16,10,217.74,25,NEFT,Online,Compeleted,32.75,
507324,444,35,10,15,2026-02-17,2026-02-24,7,188.12,15,UPI,Online,returned,128.13,Bulk order - verify stock
503291,11,84,4,10,2026-05-17,2026-05-23,3,710.06,20,card,Online,COMPLETED,103.76,
506787,773,72,10,8,2026-04-05,2026-04-10,7,1271.67,5,U.P.I,Online,Compeleted,79.4,
503692,399,59,34,14,2025-01-22,2025-01-25,8,1013.39,20,Net Banking,Online,Completed,139.91,
504561,909,42,39,13,2025-07-22,2025-07-30,3,81.08,15,UPI,In-Store,Pending,0,Loyalty discount applied manually
503806,542,81,38,18,2026-04-14,2026-04-17,8,1861.39,10,CASH,Online,cancelled,110.43,
502125,255,105,25,20,2026-06-15,2026-06-24,1,463.73,25,Net Banking,In-Store,completed,0,Loyalty discount applied manually
509841,684,84,15,18,2025-12-29,2025-12-30,3,764.64,15,NetBanking,In-Store,completed,0,
504970,326,118,21,5,2026-02-12,2026-02-17,7,453.71,30,UPI,Online,Pending,59.37,
509004,763,17,2,20,2024-04-21,2024-04-25,1,4212.35,15,upi,In-Store,Returned,0,
500912,322,107,33,3,2024-11-25,2024-12-03,5,362.28,0,NetBanking,In-Store,Compeleted,0,Loyalty discount applied manually
500341,178,126,7,3,2024-05-23,2024-05-31,7,592.89,20,CASH,Online,completed,144.48,Customer requested callback
508424,109,124,24,18,2026-06-02,2026-06-07,1,296.75,5,CASH,In-Store,COMPLETED,0,Gift wrap requested
505536,715,124,37,1,2024-03-21,2024-03-25,10,283.79,30,CASH,Online,cancelled,67.3,Bulk order - verify stock
503893,446,85,33,12,2024-10-29,2024-11-07,4,918.28,0,CASH,Online,COMPLETED,111.53,Bulk order - verify stock
503402,903,88817,27,14,2025-09-27,2025-10-02,10,497.5,0,UPI,In-Store,Compeleted,0,
504540,443,77,6,21,2025-05-29,2025-05-30,3,1414.73,25,upi,In-Store,Completed,0,Customer requested callback
504348,357,118,38,1,2025-10-08,2025-10-10,2,470,20,Upi,In-Store,COMPLETED,0,
505036,360,123,39,11,2024-07-03,2024-07-08,3,404.22,5,Net Banking,In-Store,COMPLETED,0,Customer requested callback
500965,416,106,16,18,2024-10-07,2024-10-12,2,713.71,30,U.P.I,In-Store,Compeleted,0,
509058,764,28,36,21,2025-09-21,2025-09-28,8,3899.99,5,net banking,In-Store,COMPLETED,0,Gift wrap requested
500171,762,108,1,2,2025-04-17,,8,172.22,10,UPI,In-Store,COMPLETED,0,Urgent delivery requested
501296,238,76,6,4,2024-01-15,2024-01-23,10,1716.82,30,Upi,Online,Completed,35.38,Gift wrap requested
509111,909,24,35,19,2026-02-22,2026-02-26,1,4713.58,10,Upi,Online,COMPLETED,70.95,
504179,5,77,37,23,2025-10-18,2025-10-20,9,1391.59,25,cash,Online,CANCELLED ,36.29,
501691,259,7,4,1,2024-10-01,2024-10-04,5,755.24,25,NEFT,Online,COMPLETED,90.24,
505601,989,48,4,4,2025-08-09,2025-08-14,6,137.44,0,Upi,In-Store,COMPLETED,0,
507217,841,53,10,3,2026-04-04,2026-04-06,5,266.6,15,NetBanking,In-Store,Compeleted,0,Bulk order - verify stock
503784,634,93,20,17,2024-08-16,2024-08-19,2,396.73,25,net banking,In-Store,Completed,0,Loyalty discount applied manually
508630,631,74,23,3,2025-04-03,,9,1288.51,30,UPI,Online,Returned,30.79,Corporate order
500764,986,80,29,16,2024-10-25,2024-10-29,-3,1351.21,25,Net Banking,In-Store,completed,0,
503232,127,34,24,11,2025-06-07,2025-06-10,1,154.79,20,Net Banking,In-Store,Pending,0,
507342,111,87,3,11,2026-06-11,2026-06-15,1,1265.49,25,Cash,Online,PENDING,33.73,Gift wrap requested
505925,239,7,20,23,2024-02-25,2024-02-29,9,737.24,5,Card,Online,Completed,78.83,Bulk order - verify stock
508944,415,80,3,18,2026-04-24,2026-05-03,2,1365.53,25,UPI,Online,Completed,114.82,Urgent delivery requested
501053,842,64,29,1,2024-01-15,2024-01-20,8,1374.01,30,CASH,Online,completed,76.48,
507980,967,12,9,23,2024-03-30,2024-04-05,7,497.96,15,U.P.I,In-Store,Completed,0,Loyalty discount applied manually
504928,851,73,7,23,2024-05-09,2024-05-17,10,1092.17,40,Net Banking,In-Store,Compeleted,0,Corporate order
503624,996,58,26,13,2024-12-21,2024-12-25,6,1905.14,10,NEFT,Online,Compeleted,104.12,
506703,830,125,25,24,2026-06-02,2026-06-09,2,385.34,0,Net Banking,Online,completed,74.77,Loyalty discount applied manually
500261,668,114,1,8,2024-05-03,2024-05-05,2,197.6,0,NEFT,Online,Completed,147.74,Loyalty discount applied manually
503455,990,122,30,15,2024-01-29,2024-02-06,10,161.88,10,Cash,Online,PENDING,110.71,
507496,775,121,13,13,2026-06-25,2026-07-02,5,530.55,10,Upi,Online,completed,110.96,Gift wrap requested
502586,801,24,1,9,2025-03-04,2025-03-07,4,4854.93,5,UPI,In-Store,completed,0,
505726,462,78,27,19,2025-12-26,2025-12-29,10,491.99,30,cash,Online,pending,103.24,
503436,595,62,23,21,2025-04-09,2025-04-10,8,848.48,0,cash,Online,Completed,97.5,
509147,549,95,15,10,2025-12-09,2025-12-12,6,648.39,30,Cash,In-Store,pending,0,Corporate order
504524,431,100,39,1,2024-09-24,2024-09-27,4,489.09,20,CASH,Online,completed,147.15,Urgent delivery requested
503920,350,40,9,20,2024-02-08,2024-02-17,6,188.39,10,Net Banking,Online,returned,146.51,Corporate order
505514,58,8,37,4,2025-10-09,2025-10-11,1,2738.3,5,upi,Online,Completed,55.16,
509614,253,62,29,16,2024-08-11,2024-08-13,8,907.4,30,cash,Online,Retuned,102.56,
502589,572,25,33,14,2024-08-03,2024-08-04,3,1490.78,5,Debit Card,Online,Compeleted,75.32,Corporate order
504713,168,11,23,24,2024-07-05,2024-07-12,1,4551.81,0,card,In-Store,Compeleted,0,Urgent delivery requested
500150,103,118,5,3,2024-04-06,2024-04-07,1,477,10,NetBanking,In-Store,COMPLETED,0,Corporate order
506476,813,75,11,22,2025-05-10,2025-05-11,7,1174.87,30,NEFT,Online,Compeleted,100.03,
501652,199,92,10,5,2026-06-07,2026-06-14,5,1782,30,Cash,In-Store,COMPLETED,0,Bulk order - verify stock
507873,106,27,26,6,2026-06-17,2026-06-24,10,3701.12,0,Debit Card,In-Store,returned,0,
508763,857,37,20,18,2024-03-15,2024-03-16,10,207.75,5,U.P.I,Online,Compeleted,70.29,
500928,633,88,11,24,2024-06-15,2024-06-19,9,707.88,10,NEFT,Online,Compeleted,73.49,Urgent delivery requested
508642,95,77,29,22,2024-07-31,2024-08-07,8,1512.19,20,cash,Online,Completed,91.99,
501886,305,55,28,3,2024-02-23,2024-03-03,7,1723.4,5,Debit Card,Online,completed,79.47,
504262,668,92,13,23,2024-05-01,2024-05-05,2,1750.39,25,Card,Online,Completed,121.3,Loyalty discount applied manually
502529,333,67,12,9,2024-10-22,2024-10-25,10,1052.82,45,Debit Card,Online,completed,34.51,Urgent delivery requested
508610,292,88,27,3,2025-03-18,2025-03-25,7,724.67,5,Cash,Online,Retuned,129.74,
507232,693,60,4,8,2026-02-26,2026-03-05,7,1662.77,25,net banking,Online,Compeleted,132.86,
508281,,88,23,5,2024-06-21,2024-06-30,2,719.08,30,Card,Online,Compeleted,36.02,Bulk order - verify stock
507784,,113,30,22,2025-04-04,2025-04-05,4,245.86,0,Cash,Online,returned,52.64,
501340,628,51,1,14,2024-10-08,2024-10-16,3,366.82,30,NEFT,Online,Completed,148.75,
505800,845,126,39,24,2025-10-05,2025-10-07,2,574.3,30,Net Banking,Online,Compeleted,49.67,Urgent delivery requested
509269,64,48,11,2,2025-02-06,2025-02-08,8,128.07,25,upi,In-Store,Pending,0,Gift wrap requested
502336,999010,48,29,7,2025-06-07,2025-06-12,6,126.06,10,Upi,Online,Canceled,58.81,Urgent delivery requested
507726,522,125,1,23,2026-02-13,2026-02-21,7,403.34,0,Cash,Online,COMPLETED,60.16,
504186,135,28,14,18,2024-09-29,2024-10-02,4,3977.93,5,UPI,Online,Completed,64.27,
500304,799,74,32,11,2025-12-10,2025-12-19,4,1358.44,30,net banking,In-Store,Compeleted,0,
502699,708,117,37,17,2024-11-05,2024-11-08,7,294.05,20,Upi,Online,returned,148.66,
501065,920,4,17,5,2024-05-21,2024-05-28,5,4162.82,30,Cash,In-Store,completed,0,
503790,460,107,6,2,2026-01-08,2026-01-14,1,383.95,0,CARD,Online,Completed,116.97,
507170,709,2,7,5,2025-09-01,2025-09-08,3,2794.65,10,net banking,Online,completed,131.33,
505434,573,75,31,9,2024-11-27,2024-12-05,4,1186.65,10,Cash,Online,completed,59.44,Customer requested callback
507063,23,22,13,7,2025-07-26,2025-08-01,4,1302.87,5,Cash,In-Store,returned,0,Loyalty discount applied manually
503558,523,48,6,4,2025-01-03,2025-01-09,3,136.52,25,Card,Online,Completed,43.09,
508614,725,119,15,1,2026-05-10,2026-05-11,10,223.02,15,CASH,In-Store,Compeleted,0,
503352,697,5,3,7,2026-06-24,2026-06-27,10,3410.72,5,UPI,In-Store,completed,0,Corporate order
500715,865,22,18,17,2025-03-17,2025-03-23,5,1256.4,30,U.P.I,Online,Retuned,51.21,
503000,27,113,6,23,2024-10-20,2024-10-22,8,244.59,0,net banking,In-Store,completed,0,
508296,850,124,26,20,2024-04-17,2024-04-23,1,275.9,10,CARD,Online,completed,109.78,
505046,684,70,32,19,2026-06-07,2026-06-16,3,1911.96,15,card,Online,Completed,109.54,
506973,22,60,22,12,2025-07-07,2025-07-15,9,1637.93,25,Upi,In-Store,COMPLETED,0,
502949,36,78,23,9,2024-01-04,2024-01-13,10,525.67,25,Upi,Online,Compeleted,102.52,
502673,33,54,16,11,2026-02-15,2026-02-16,1,313.71,15,UPI,In-Store,Retuned,0,Bulk order - verify stock
502126,447,39,36,21,2024-12-13,2024-12-15,7,497.26,15,NetBanking,In-Store,returned,0,
503204,65,21,31,6,2024-06-03,,5,677.66,20,Debit Card,In-Store,returned,0,Corporate order
501023,412,3,2,14,2025-02-11,2025-02-17,4,4743.05,20,net banking,Online,Completed,41.02,Loyalty discount applied manually
504686,895,21,40,15,2025-06-11,2025-06-20,7,631.79,15,cash,In-Store,returned,0,
508679,404,48,14,8,2025-07-13,2025-07-14,6,129.45,5,Card,In-Store,COMPLETED,0,
504961,507,29,37,11,2025-12-28,2026-01-03,3,2939.5,30,Cash,Online,Compeleted,117.08,Bulk order - verify stock
503486,548,100,26,2,2025-08-20,2025-08-25,8,506.01,5,NEFT,In-Store,Completed,0,
506197,752,112,34,6,2026-06-04,2026-06-12,8,550,5,UPI,Online,Compeleted,49.6,Customer requested callback
506475,994,85,6,6,2024-02-19,2024-02-24,6,943.24,15,cash,In-Store,returned,0,
503048,43,125,15,2,2025-12-28,2026-01-03,1,,30,Upi,Online,returned,100.41,Customer requested callback
508526,622,30,26,17,2024-08-12,2024-08-14,3,2765.5,0,NEFT,Online,Compeleted,33.04,
502539,342,31,20,22,2025-07-13,2025-07-20,8,156.36,10,Net Banking,In-Store,Compeleted,0,
508309,780,125,17,13,2024-07-29,2024-07-31,1,396.18,20,net banking,Online,Completed,71.49,
505491,598,93,31,16,2024-02-03,2024-02-09,6,378.33,20,UPI,In-Store,completed,0,Gift wrap requested
507337,73,87,34,10,2025-09-07,2025-09-09,2,1285,25,U.P.I,In-Store,COMPLETED,0,
504710,142,16,13,1,2026-01-10,2026-01-17,9,2003.84,25,Credit Card,Online,returned,87.66,Urgent delivery requested
504573,997,86,16,7,2025-06-29,2025-07-01,9,471.66,0,Credit Card,Online,Retuned,61.61,Loyalty discount applied manually
509644,83,37,27,7,2025-01-22,2025-01-28,1,191.82,25,CASH,Online,completed,88.07,Gift wrap requested
509513,421,40,23,7,2026-01-07,2026-01-08,5,194.46,25,upi,Online,COMPLETED,115.95,
503285,86,27,21,23,2025-12-24,2026-01-02,2,3736.38,15,Card,Online,completed,29.91,Corporate order
509027,672,110,26,3,2025-11-21,2025-11-22,2,247.45,25,Cash,In-Store,Compeleted,0,Gift wrap requested
509063,831,56,29,3,2024-01-12,2024-01-15,3,905.47,15,U.P.I,Online,completed,111.89,
508196,487,88,10,13,2026-05-26,2026-05-31,10,730.15,30,Net Banking,In-Store,Compeleted,0,
505965,84,22,15,1,2026-03-19,2026-03-20,7,1293.27,25,net banking,Online,Pending,134.61,Loyalty discount applied manually
507176,456,95,40,15,2025-02-23,2025-03-04,8,667.9,20,upi,Online,Compeleted,59.64,Urgent delivery requested
507107,735,6,27,21,2024-11-29,2024-11-30,4,1647.38,30,cash,In-Store,completed,0,
503156,794,33,10,17,2024-02-04,2024-02-08,7,376.75,25,CASH,In-Store,returned,0,Bulk order - verify stock
509689,145,77,36,2,2025-05-18,,6,1468.34,20,U.P.I,In-Store,COMPLETED,0,
503719,41,89,22,21,2024-07-20,2024-07-21,10,1852.28,25,Upi,Online,completed,81.87,Urgent delivery requested
503585,420,23,28,14,2026-05-27,,1,1927.52,30,Net Banking,In-Store,Canceled,0,Loyalty discount applied manually
505221,235,34,21,3,2024-01-22,2024-01-23,2,156.05,25,CASH,In-Store,completed,0,
505054,267,106,21,19,2026-05-05,2026-05-14,9,694.82,25,Card,Online,COMPLETED,35.76,
509157,173,115,34,23,2026-04-06,2026-04-07,2,332.94,10,Upi,In-Store,completed,0,
508016,760,11,1,17,2025-02-10,2025-02-14,8,4558.25,20,Cash,In-Store,completed,0,
504087,593,123,24,1,2024-01-30,,4,393.72,25,UPI,In-Store,completed,0,Gift wrap requested
500092,803,108,21,1,2024-09-03,2024-09-09,6,177.92,10,Cash,In-Store,Compeleted,0,
509159,434,68,15,13,2025-06-15,,4,383.17,30,Upi,In-Store,Retuned,0,
500238,272,70,18,23,2025-06-13,2025-06-21,1,1965.8,20,Net Banking,In-Store,returned,0,Customer requested callback
501864,168,50,39,12,2024-09-17,2024-09-22,5,279.32,30,Card,In-Store,Compeleted,0,
508467,319,118,19,10,2024-07-04,2024-07-05,2,439.47,5,Credit Card,Online,Completed,142.52,Corporate order
502920,151,107,22,18,2024-10-07,2024-10-09,8,359.16,10,CASH,Online,completed,51.8,
503499,18,105,39,7,2024-07-08,2024-07-10,5,,15,cash,Online,COMPLETED,45.78,
501308,272,65,36,8,2024-05-09,2024-05-17,1,1516.94,0,Upi,Online,Returned,60.18,
503470,660,80,40,24,2025-06-29,2025-06-30,9,1355.58,15,card,In-Store,PENDING,0,
502134,,97,9,5,2025-04-25,2025-04-21,7,1790.26,30,UPI,Online,CANCELLED ,80.9,
508731,830,84,20,21,2025-10-01,2025-10-06,4,739.34,25,Upi,Online,Retuned,123.43,Gift wrap requested
508644,177,121,25,16,2024-11-04,2024-11-11,2,519.81,10,net banking,In-Store,COMPLETED,0,
506368,699,117,14,2,2024-12-21,2024-12-30,3,293.53,30,Upi,Online,completed,51.39,
504634,993,77,33,7,2024-06-05,2024-06-06,2,1485.99,5,Debit Card,In-Store,Compeleted,0,Loyalty discount applied manually
504855,704,88816,2,6,2025-12-03,2025-12-12,4,837.75,20,Upi,Online,COMPLETED,42.88,Gift wrap requested
508386,914,95,9,23,2025-05-07,2025-05-13,8,642.7,15,Cash,In-Store,Compeleted,0,Loyalty discount applied manually
508363,940,54,12,3,2026-06-02,2026-06-08,7,306.71,10,CASH,Online,Compeleted,94.34,
503606,999040,38,12,23,2024-11-17,2024-11-21,1,308.36,25,Upi,Online,returned,139.13,Customer requested callback
508592,877,62,32,7,2026-03-14,2026-03-16,9,843.82,30,Net Banking,Online,COMPLETED,104.3,Urgent delivery requested
508142,829,23,7,5,2024-07-11,,9,1964.79,25,CASH,Online,Compeleted,83.17,Loyalty discount applied manually
500903,493,1,18,3,2025-07-29,2025-08-07,7,2872.35,25,UPI,In-Store,Pending,0,Gift wrap requested
507649,842,111,21,8,2024-02-12,2024-02-20,1,621.46,10,Cash,Online,COMPLETED,101.76,
502792,830,46,20,10,2025-04-09,2025-04-16,8,327.75,25,Net Banking,In-Store,Compeleted,0,
507788,971,11,3,12,2024-05-08,2024-05-15,5,4672.91,20,UPI,Online,Compeleted,111.4,
502520,922,106,36,5,2025-03-11,2025-03-20,4,657.2,30,Net Banking,In-Store,returned,0,Urgent delivery requested
507211,939,88,39,24,2024-06-09,2024-06-10,9,701.43,5,Net Banking,Online,PENDING,44.9,Loyalty discount applied manually
504551,100,40,1,23,2024-03-26,2024-03-30,4,206.93,15,Credit Card,Online,COMPLETED,146.3,Urgent delivery requested
509552,419,86,17,21,2024-02-05,2024-02-11,8,440.63,20,Cash,Online,Compeleted,99.44,
504741,597,5,9,3,2025-11-13,2025-11-16,7,3576.8,5,CASH,In-Store,Completed,0,Urgent delivery requested
506886,957,48,20,1,2025-08-25,2025-08-26,6,126.96,10,Net Banking,Online,COMPLETED,72.42,
506788,554,78,25,10,2025-09-18,2025-09-25,2,502.48,5,NEFT,In-Store,Completed,0,Gift wrap requested
500672,282,117,7,21,2026-06-16,2026-06-24,1,280.72,15,Net Banking,In-Store,COMPLETED,0,
504513,121,83,21,21,2024-07-04,2024-07-05,9,2428.41,10,Credit Card,In-Store,Retuned,0,Customer requested callback
506458,610,96,5,22,2024-02-07,2024-02-09,7,,25,cash,Online,Retuned,143.51,Customer requested callback
509017,855,96,2,6,2025-11-08,2025-11-12,10,2006.13,15,Upi,Online,COMPLETED,135.76,Customer requested callback
506442,465,58,15,7,2024-07-13,2024-07-11,2,1860.36,0,Cash,Online,Returned,46.79,
508242,550,115,26,14,2025-09-13,2025-09-16,1,341.77,10,upi,In-Store,COMPLETED,0,Corporate order
502147,869,35,35,10,2025-10-09,2025-10-17,10,190.94,20,CASH,Online,Cancelled,83.54,
508697,296,27,7,24,2025-11-09,2025-11-12,6,3517.57,30,Upi,Online,Canceled,109.55,
503312,143,73,34,6,2024-12-04,2024-12-07,9,1081.64,0,U.P.I,In-Store,Completed,0,Bulk order - verify stock
500812,616,112,25,13,2024-10-26,2024-11-03,8,541.86,0,net banking,In-Store,Retuned,0,
507352,248,124,9,2,2025-04-20,2025-04-28,5,281.73,25,cash,In-Store,pending,0,Loyalty discount applied manually
505567,766,42,15,15,2024-01-16,2024-01-25,8,86.32,25,card,In-Store,Pending,0,
504565,608,20,31,10,2025-01-07,2025-01-15,4,2951.92,25,CARD,Online,CANCELLED ,127.14,
508547,946,70,21,20,2025-08-18,2025-08-20,9,1963.5,5,upi,Online,pending,106.96,Gift wrap requested
502907,672,64,23,7,2026-03-26,2026-04-03,5,1300.74,25,Upi,Online,COMPLETED,132.3,
505660,421,111,36,17,2024-02-25,2024-03-01,8,651.57,0,cash,In-Store,Completed,0,Corporate order
507392,868,104,5,5,2024-05-16,2024-05-21,4,379.58,20,cash,In-Store,Compeleted,0,
509116,842,14,32,19,2024-07-10,2024-07-17,9,5073.54,10,CARD,In-Store,COMPLETED,0,
500273,651,81,5,19,2024-12-04,2024-12-05,3,1824.39,25,Credit Card,In-Store,pending,0,
506623,464,119,9,4,2025-07-18,2025-07-19,5,220.06,20,Cash,Online,Compeleted,88.45,Bulk order - verify stock
500571,250,19,14,11,2025-04-14,2025-04-18,2,2783.78,20,Cash,Online,Compeleted,49.25,Urgent delivery requested
500059,610,111,2,13,2024-05-04,2024-05-05,4,683.2,0,CARD,Online,Canceled,110.37,Loyalty discount applied manually
502173,497,42,39,4,2025-11-10,2025-11-11,2,83.72,15,upi,In-Store,pending,0,
502365,365,49,17,7,2026-06-01,2026-06-10,4,179.38,0,Card,Online,COMPLETED,58.34,Urgent delivery requested
504402,570,71,17,2,2024-10-06,2024-10-15,10,595.89,30,NetBanking,Online,COMPLETED,105.55,Customer requested callback
501003,293,49,7,3,2024-07-09,2024-07-17,6,176.72,5,NEFT,In-Store,Compeleted,0,
506504,,89,19,21,2024-05-14,2024-05-17,8,1720.37,20,upi,In-Store,Compeleted,0,Loyalty discount applied manually
509411,600,28,7,5,2025-05-17,2025-05-26,4,4097.55,40,NEFT,In-Store,Compeleted,0,Bulk order - verify stock
506031,998,122,11,18,2025-03-04,2025-03-06,1,158.5,0,UPI,In-Store,Returned,0,
503420,918,14,26,4,2024-10-20,2024-10-16,1,,15,Cash,Online,completed,115.89,Gift wrap requested
504659,993,41,35,2,2024-10-20,2024-10-29,6,233.66,30,UPI,Online,COMPLETED,104.41,Bulk order - verify stock
506188,682,88,32,6,2024-08-30,2024-09-03,5,749.37,0,Credit Card,In-Store,Compeleted,0,
507647,945,10,10,3,2024-01-31,2024-02-05,4,763.01,5,U.P.I,Online,completed,131.46,
505902,188,43,22,22,2025-07-09,2025-07-11,5,298.63,25,Credit Card,In-Store,Canceled,0,Loyalty discount applied manually
508023,57,27,14,15,2025-09-11,2025-09-14,3,3696.66,20,CASH,In-Store,Cancelled,0,
501700,467,87,39,14,2024-02-08,2024-02-09,3,1334.36,30,Net Banking,In-Store,completed,0,Urgent delivery requested
500337,935,102,2,21,2025-09-26,2025-10-02,6,975.54,30,Cash,Online,Compeleted,145.19,Customer requested callback
505837,281,61,19,19,2026-05-27,2026-05-29,5,1147.57,15,Cash,Online,Compeleted,89.95,
504596,832,93,9,2,2026-01-17,2026-01-23,3,380.67,5,CASH,Online,COMPLETED,61.12,
502066,439,73,22,17,2024-08-17,2024-08-24,6,1053.3,30,Net Banking,Online,cancelled,140.92,
508157,141,99,38,18,2025-02-11,2025-02-18,9,948.71,5,Cash,Online,COMPLETED,83.37,Gift wrap requested
505626,262,105,38,5,2024-11-13,2024-11-22,2,464.21,10,U.P.I,Online,Completed,127.64,
503239,259,109,21,23,2024-01-21,2024-01-29,9,487.62,10,upi,In-Store,Completed,0,
508055,770,24,30,22,2024-02-04,2024-02-12,1,4679.77,50,NEFT,Online,completed,61.51,Bulk order - verify stock
500241,928,40,12,21,2025-06-18,2025-06-21,3,195.09,10,upi,In-Store,Compeleted,0,
506345,168,87,29,19,2026-02-26,2026-02-28,1,1342.36,25,CARD,In-Store,Compeleted,0,
500279,884,117,2,3,2024-01-04,2024-01-06,7,289.22,30,Card,Online,Completed,90.51,
504512,308,126,21,7,2024-06-11,2024-06-12,10,583.35,10,NEFT,In-Store,Compeleted,0,
507369,259,74,6,15,2024-07-10,2024-07-14,9,1361.34,5,Credit Card,Online,Completed,134.71,Corporate order
507306,750,28,28,24,2024-03-22,2024-03-28,4,3767.63,30,net banking,Online,Completed,63.49,
508790,674,17,30,24,2025-03-15,2025-03-19,5,4026.11,25,Net Banking,Online,Compeleted,98.97,Gift wrap requested
502429,543,126,24,4,2025-10-04,2025-10-07,8,579.15,25,UPI,In-Store,cancelled,0,
501814,879,50,24,1,2025-12-13,2025-12-22,1,297.84,15,Card,In-Store,Completed,0,
507137,848,88818,3,4,2026-06-10,2026-06-15,3,1952.71,0,Credit Card,In-Store,pending,0,Customer requested callback
501957,995,29,39,7,2026-06-01,2026-06-10,5,2886.9,25,Card,Online,returned,64.72,
500675,660,34,14,21,2025-10-14,2025-10-23,2,152.67,10,CASH,In-Store,Canceled,-76.4,
501187,490,53,31,4,2025-07-12,2025-07-15,6,278.13,30,card,Online,Completed,89.84,
507905,172,28,16,18,2024-11-04,2024-11-10,2,3835.3,10,UPI,Online,Compeleted,130.98,Urgent delivery requested
501085,110,9,13,20,2024-11-29,2024-12-07,2,1159.89,25,Upi,Online,Compeleted,70.12,Gift wrap requested
501705,378,53,22,1,2025-03-30,2025-03-31,1,277.67,25,Net Banking,Online,COMPLETED,49.72,
505422,559,94,23,17,2025-10-11,2025-10-19,9,1379.76,0,cash,In-Store,Compeleted,0,Urgent delivery requested
500124,946,71,7,6,2025-08-14,2025-08-21,8,601.09,5,U.P.I,Online,Completed,90.22,
509539,48,89,32,1,2024-01-06,,3,1735.1,25,UPI,Online,COMPLETED,84.96,
508454,410,44,32,20,2024-04-14,2024-04-18,6,452.35,5,net banking,In-Store,Compeleted,0,
509494,25,74,4,9,2025-07-28,2025-08-03,1,1340.87,10,Upi,Online,completed,128.21,Loyalty discount applied manually
507926,763,18,25,21,2025-04-20,2025-04-28,6,933.76,15,U.P.I,Online,Compeleted,132.15,Gift wrap requested
509757,127,42,18,9,2025-05-02,2025-05-11,3,88.25,30,U.P.I,Online,Completed,55.26,
509390,172,55,20,3,2024-01-13,2024-01-19,6,1736.11,0,U.P.I,Online,COMPLETED,35.86,
501744,970,43,21,9,2025-07-09,2025-07-10,1,303.32,0,Upi,In-Store,Completed,0,Loyalty discount applied manually
500827,872,2,36,15,2025-05-07,2025-05-16,6,2996.96,25,Credit Card,Online,completed,46.49,
506943,762,13,29,24,2024-07-11,2024-07-16,6,4159.87,25,Cash,In-Store,completed,0,Bulk order - verify stock
502272,752,75,11,23,2025-12-14,2025-12-15,1,1169.63,25,NetBanking,Online,Completed,82.21,
503450,424,3,19,17,2025-11-06,2025-11-09,7,4514.36,0,net banking,Online,Compeleted,41.12,
504530,897,11,18,22,2026-03-03,2026-03-12,9,4812.35,30,upi,Online,Compeleted,148.93,Urgent delivery requested
506860,314,87,3,6,2025-02-10,2025-02-14,1,,5,card,In-Store,COMPLETED,0,Corporate order
505278,597,101,2,21,2025-07-03,2025-07-04,7,2260.99,15,UPI,In-Store,Compeleted,-66.92,Bulk order - verify stock
500298,2,81,9,8,2026-06-30,2026-07-04,3,1794.58,15,NEFT,In-Store,COMPLETED,0,Corporate order
509208,670,9,21,10,2026-01-09,2026-01-16,7,1244.11,15,card,In-Store,COMPLETED,0,Customer requested callback
506719,623,77,35,12,2025-11-13,2025-11-15,5,1418.2,10,CARD,Online,Compeleted,62.42,
508112,664,74,32,4,2026-02-05,2026-02-11,8,1302.14,15,Net Banking,In-Store,Compeleted,0,Gift wrap requested
506661,872,55,18,9,2024-09-24,2024-09-28,8,1770.31,0,Cash,In-Store,Completed,0,
506326,47,28,24,19,2026-02-15,2026-02-23,9,3936.98,15,Debit Card,Online,returned,114.16,
503543,999020,68,26,20,2026-03-23,2026-03-24,5,358.37,0,NetBanking,In-Store,COMPLETED,0,
506697,422,37,22,3,2025-07-12,2025-07-18,4,205.5,20,NetBanking,In-Store,Completed,0,Gift wrap requested
506691,406,104,16,14,2024-02-18,2024-02-21,6,392.04,5,upi,Online,Pending,64.38,
505496,904,36,39,23,2025-09-17,2025-09-18,4,436.32,10,Net Banking,Online,pending,38.58,
501533,187,106,11,8,2024-10-26,2024-10-30,8,655.84,10,upi,In-Store,Completed,0,
500031,595,124,7,21,2026-01-19,2026-01-23,3,279.84,10,Cash,Online,COMPLETED,31.36,Urgent delivery requested
508992,458,46,20,24,2024-02-18,2024-02-25,5,316.93,20,Upi,Online,completed,34.95,
507757,753,65,37,6,2026-02-17,2026-02-23,6,1514.59,20,Upi,Online,Compeleted,54.43,Customer requested callback
501211,478,53,24,16,2025-09-05,2025-09-09,6,292.32,5,Debit Card,Online,completed,30.28,
502987,287,68,29,5,2025-10-04,2025-10-01,2,374.94,25,Cash,Online,Completed,60.59,
507329,867,126,27,21,2024-06-26,2024-06-29,2,562.56,0,cash,Online,completed,147.82,
502819,394,23,23,23,2025-07-17,2025-07-19,7,2049.84,10,NEFT,Online,completed,72.39,Customer requested callback
508396,22,89,20,5,2026-02-11,2026-02-12,9,1842.64,30,net banking,Online,COMPLETED,121.42,
500061,800,6,12,19,2025-07-06,2025-07-10,10,1630.41,20,cash,In-Store,returned,0,
505347,472,59,20,4,2025-12-10,2025-12-19,4,993.81,5,U.P.I,In-Store,Compeleted,0,Customer requested callback
507966,478,26,4,12,2026-01-18,2026-01-26,8,3249.98,10,Credit Card,Online,Compeleted,80.55,Customer requested callback
503551,892,4,6,3,2026-05-01,2026-05-06,9,4395.23,15,cash,Online,Completed,140.06,Bulk order - verify stock
505690,999048,55,17,7,2024-04-23,2024-04-27,7,1719.15,20,net banking,Online,COMPLETED,73.6,Loyalty discount applied manually
507444,168,15,7,22,2026-05-07,2026-05-13,10,1916.54,10,NetBanking,Online,COMPLETED,-69.07,Gift wrap requested
506285,203,66,2,6,2025-04-11,2025-04-15,8,1823,5,U.P.I,In-Store,completed,0,
500875,166,114,34,2,2026-03-29,2026-04-01,8,192.85,20,cash,Online,completed,138.8,Bulk order - verify stock
509847,843,102,19,13,2025-01-20,2025-01-27,2,1016.9,25,Net Banking,In-Store,Compeleted,0,Corporate order
508664,759,33,1,20,2024-12-24,2024-12-27,6,389.64,30,card,In-Store,cancelled,0,Bulk order - verify stock
507504,413,21,31,16,2024-04-10,2024-04-12,6,656.27,10,U.P.I,In-Store,COMPLETED,0,Customer requested callback
504463,769,20,9,10,2025-09-28,2025-10-07,8,2960.25,15,Cash,In-Store,Completed,0,Urgent delivery requested
505227,558,19,16,20,2024-08-12,2024-08-14,9,2577.27,0,NEFT,Online,COMPLETED,119.08,Gift wrap requested
507212,150,113,37,3,2024-03-12,2024-03-20,3,236.47,25,card,Online,Completed,76.89,
509278,218,56,29,24,2024-12-01,2024-12-09,9,898.3,10,CASH,Online,completed,138.68,
500732,850,97,29,18,2025-06-19,2025-06-28,4,1767.77,0,Debit Card,Online,Compeleted,35.21,
501346,999041,35,9,14,2024-04-29,2024-05-06,10,185.98,5,CASH,In-Store,pending,0,
501255,631,29,35,7,2024-11-21,2024-11-24,8,2987.08,20,NetBanking,Online,Compeleted,128.12,
505269,5,33,38,7,2024-04-05,2024-04-11,8,388.64,10,CASH,Online,Canceled,44.23,Gift wrap requested
504900,791,78,2,17,2026-06-06,2026-06-10,3,500.26,30,Upi,In-Store,Compeleted,-45.14,Customer requested callback
505841,497,28,30,24,2025-09-30,2025-10-09,2,3943.83,15,CASH,Online,pending,41.81,Gift wrap requested
500705,54,44,15,14,2024-12-20,2024-12-26,6,422.78,45,Upi,Online,completed,64.95,Corporate order
502107,756,69,38,18,2024-12-13,2024-12-18,1,1048.46,0,NetBanking,In-Store,completed,0,
506964,47,24,3,15,2026-04-20,2026-04-29,6,4640.71,30,Upi,In-Store,Completed,0,
505611,561,25,23,17,2025-12-28,2026-01-06,7,1411.19,10,Card,In-Store,Completed,0,
502449,456,74,1,12,2024-01-25,2024-02-01,1,1407.44,25,CARD,In-Store,Completed,0,
505768,753,60,6,4,2024-08-07,2024-08-13,4,1532.33,5,Upi,Online,CANCELLED ,44.81,
506751,806,7,28,22,2026-06-18,2026-06-25,7,748.52,30,Card,Online,Returned,67.99,Loyalty discount applied manually
502210,715,92,29,15,2026-05-13,2026-05-15,1,1731.45,15,NetBanking,In-Store,CANCELLED ,0,
509572,902,48,38,15,2025-03-23,,2,136.65,20,cash,Online,Compeleted,78.76,Urgent delivery requested
508563,629,124,33,18,2025-06-17,2025-06-26,9,287.09,5,CASH,In-Store,Compeleted,0,Loyalty discount applied manually
505867,658,19,22,4,2025-07-10,2025-07-11,1,2693.56,30,upi,In-Store,COMPLETED,0,Gift wrap requested
502187,251,45,8,12,2025-02-04,2025-02-10,4,161.32,0,U.P.I,In-Store,COMPLETED,0,
509742,364,108,3,7,2024-11-21,2024-11-23,3,173.69,10,net banking,Online,completed,45.27,Corporate order
500362,938,32,14,15,2025-05-05,2025-05-08,2,100.15,30,CASH,In-Store,completed,0,
501618,744,114,8,22,2025-08-29,2025-08-31,10,200.73,30,cash,Online,completed,139.59,Gift wrap requested
500063,540,94,8,5,2025-07-10,2025-07-14,7,1316.68,45,Cash,In-Store,completed,0,
507542,896,30,36,10,2026-03-26,2026-04-04,8,2827.2,20,Net Banking,Online,Canceled,53.94,Corporate order
502629,243,13,3,5,2026-02-25,2026-03-03,5,4098.15,10,CARD,Online,completed,32.36,Corporate order
507676,724,99,4,7,2024-05-24,2024-05-30,3,940.54,15,Debit Card,Online,COMPLETED,46.5,
509153,1,93,25,21,2024-08-31,2024-09-08,5,382.66,5,Net Banking,Online,COMPLETED,58.49,
504416,239,108,6,7,2026-01-25,2026-01-27,5,179.43,5,Cash,In-Store,Compeleted,0,
502123,667,76,2,13,2025-08-12,2025-08-16,4,1706.76,5,NetBanking,Online,Compeleted,48.96,
505548,240,28,32,12,2024-04-14,2024-04-23,6,3913.54,15,Net Banking,Online,Compeleted,98.31,
509507,959,64,30,1,2025-05-14,2025-05-17,8,1348.14,30,Upi,Online,Retuned,31.65,
501210,222,82,18,17,2024-12-21,2024-12-29,4,515.89,10,Upi,Online,COMPLETED,62.75,Urgent delivery requested
500968,127,23,28,4,2025-12-20,2025-12-29,6,1988.81,30,U.P.I,Online,Retuned,144.36,
509392,306,5,26,23,2024-03-19,2024-03-25,10,3315.06,10,CARD,Online,returned,140.79,Gift wrap requested
503845,4,114,14,12,2025-07-03,2025-07-04,10,187.75,25,Upi,Online,Completed,127.21,Gift wrap requested
508137,4,110,2,13,2025-07-25,2025-07-27,7,243.52,15,CARD,In-Store,Pending,0,Customer requested callback
509349,710,115,6,4,2025-04-03,2025-04-09,2,341.85,25,NEFT,Online,returned,121.32,Gift wrap requested
508087,222,124,9,17,2025-07-01,2025-07-08,10,280.12,10,NetBanking,Online,completed,124.7,Corporate order
504699,422,30,29,17,2024-01-16,2024-01-21,8,2629.93,20,Net Banking,In-Store,CANCELLED ,0,Loyalty discount applied manually
501172,115,20,31,18,2025-02-22,2025-02-24,4,3193.99,15,upi,Online,Returned,79.4,Urgent delivery requested
503368,88,125,19,18,2025-12-17,2025-12-21,3,390.21,10,cash,In-Store,Compeleted,0,Bulk order - verify stock
509110,236,22,28,17,2025-10-20,2025-10-28,7,1284.9,0,cash,Online,COMPLETED,93.98,
500999,929,11,26,24,2025-11-22,2025-11-27,9,4418.66,30,Upi,Online,pending,134.1,
509609,819,96,18,9,2025-08-10,2025-08-19,3,1995.02,20,Credit Card,Online,Completed,59.1,Customer requested callback
500022,116,30,35,5,2026-06-21,2026-06-28,7,2664.19,5,Debit Card,In-Store,Compeleted,0,
500371,971,18,32,22,2025-10-28,2025-11-04,10,863.05,20,Debit Card,Online,Returned,117.74,
509671,924,52,13,21,2024-03-29,2024-04-03,4,373.93,20,net banking,In-Store,Compeleted,0,
500658,960,6,9,6,2025-11-25,2025-11-27,9,1651.99,25,card,In-Store,returned,0,Loyalty discount applied manually
509727,543,69,4,10,2024-01-30,2024-02-07,3,1079.8,15,CASH,Online,Completed,30.46,Bulk order - verify stock
505077,644,101,6,13,2024-05-15,2024-05-17,8,2205.65,30,CASH,Online,Compeleted,96.85,
507109,655,30,38,10,2026-04-18,2026-04-25,4,2670.52,5,net banking,Online,CANCELLED ,115.64,
508850,388,92,31,23,2025-02-17,2025-02-25,3,1787.32,20,NEFT,Online,COMPLETED,126.95,
506754,540,24,3,21,2024-07-23,2024-07-28,1,4675.94,30,card,Online,cancelled,98.24,
506586,591,62,26,4,2025-11-08,2025-11-14,6,908.23,10,NetBanking,In-Store,COMPLETED,0,Loyalty discount applied manually
500477,464,47,18,21,2024-07-29,2024-08-04,9,112.9,20,cash,In-Store,Completed,0,Urgent delivery requested
504024,921,89,31,19,2024-08-13,2024-08-20,4,1775.24,30,Cash,Online,Completed,82.1,Loyalty discount applied manually
508743,480,64,32,18,2025-07-05,2025-07-14,5,1393.11,25,net banking,Online,COMPLETED,65.89,
503473,402,1,16,4,2024-10-16,2024-10-22,1,2713.73,25,CARD,In-Store,cancelled,0,Urgent delivery requested
509706,929,98,23,17,2026-02-26,2026-03-04,5,2047.48,25,Cash,In-Store,COMPLETED,0,
506637,134,22,11,23,2025-06-26,2025-06-29,2,1287.5,15,Net Banking,Online,pending,147.98,
506921,601,65,12,17,2025-01-14,2025-01-20,5,1460.49,15,CASH,In-Store,Compeleted,0,
509557,508,122,6,18,2025-08-29,2025-08-25,10,163.12,0,cash,Online,Cancelled,93.09,Gift wrap requested
508006,531,113,26,10,2025-02-19,2025-02-20,9,232.7,15,CASH,In-Store,Pending,0,
505631,80,97,1,5,2025-06-09,2025-06-17,7,1862.86,25,CARD,In-Store,pending,0,
501177,999049,121,21,12,2024-06-13,2024-06-18,5,536.87,30,Card,In-Store,Compeleted,0,Loyalty discount applied manually
501636,930,33,9,7,2024-02-24,2024-03-03,8,387.06,25,Debit Card,In-Store,COMPLETED,0,
508952,490,68,32,23,2024-07-08,2024-07-09,9,351.93,15,Cash,In-Store,PENDING,0,
508995,985,33,1,17,2025-04-06,2025-04-15,2,409.07,10,net banking,Online,Cancelled,45.81,
508511,608,79,24,17,2024-11-19,2024-11-21,9,1163.98,10,Credit Card,Online,Retuned,54.4,Gift wrap requested
503603,677,41,32,12,2024-07-16,2024-07-23,8,241.09,35,CASH,Online,CANCELLED ,123.16,Customer requested callback
508920,856,102,22,19,2024-08-09,2024-08-16,7,1007.48,20,Upi,Online,Completed,135.26,Urgent delivery requested
504990,133,7,2,5,2024-05-14,2024-05-16,6,763.88,25,Cash,In-Store,Completed,0,
501164,877,56,33,9,2025-06-29,2025-07-05,5,930.12,30,Debit Card,Online,Compeleted,45.6,
500642,475,43,17,11,2026-04-12,2026-04-17,4,310.05,10,net banking,Online,PENDING,105.35,Urgent delivery requested
505130,170,10,35,19,2025-12-13,2025-12-18,7,758.39,45,Debit Card,Online,COMPLETED,72.78,Bulk order - verify stock
505670,203,106,2,18,2024-08-10,2024-08-13,8,691.27,25,cash,In-Store,pending,0,
502466,758,73,4,7,2025-08-10,2025-08-14,8,1108.53,5,U.P.I,In-Store,Canceled,0,
505886,557,52,19,18,2024-10-22,2024-10-29,10,383.15,30,cash,In-Store,completed,0,
509505,217,12,27,13,2024-10-31,2024-11-06,6,460.49,0,Cash,Online,Pending,116.34,
508438,360,52,29,13,2025-07-17,2025-07-22,4,372.48,25,upi,In-Store,Cancelled,0,Corporate order
501632,278,68,15,23,2025-01-07,2025-01-09,10,379.83,10,Upi,Online,Completed,90.54,
502044,568,112,33,14,2026-06-21,2026-06-29,4,558.24,25,Cash,Online,Cancelled,65.5,
507951,103,45,30,4,2026-06-06,2026-06-12,8,169.41,25,NEFT,Online,Completed,43.16,
509780,824,17,38,5,2026-05-08,2026-05-11,4,4335.84,25,Upi,Online,Compeleted,120.31,
506330,999,31,7,13,2025-07-04,2025-07-12,7,161.97,5,upi,In-Store,Compeleted,0,
504004,686,4,12,11,2024-09-11,2024-09-20,2,4116.31,30,Debit Card,In-Store,Compeleted,0,
508687,901,114,18,12,2026-02-19,2026-02-17,8,192.24,5,upi,Online,completed,67.12,
509294,577,48,25,6,2026-03-16,2026-03-23,4,138.03,25,CARD,In-Store,COMPLETED,0,
500157,989,45,24,19,2024-08-11,2024-08-18,9,163.88,25,Net Banking,Online,COMPLETED,36.43,Urgent delivery requested
500523,472,53,16,17,2024-04-21,2024-04-27,10,291.25,15,Net Banking,In-Store,returned,0,Gift wrap requested
506275,377,52,4,16,2025-04-14,2025-04-15,8,364.78,10,CASH,In-Store,Canceled,0,Gift wrap requested
503185,847,78,5,8,2025-08-17,2025-08-18,7,524.36,20,card,In-Store,Compeleted,0,Urgent delivery requested
505580,563,77,34,24,2025-09-15,2025-09-24,5,1488.59,25,NEFT,In-Store,completed,0,Urgent delivery requested
501913,326,51,5,5,2024-03-28,2024-04-01,6,379.11,5,CARD,In-Store,Compeleted,0,Corporate order
509367,356,39,19,24,2025-03-21,2025-03-30,2,505.22,15,UPI,In-Store,completed,0,
506494,649,82,26,1,2025-11-19,2025-11-20,1,515.72,20,cash,In-Store,Compeleted,0,Urgent delivery requested
501730,887,71,24,6,2025-05-01,2025-05-08,8,578.73,0,Cash,In-Store,Compeleted,0,
508823,524,15,15,5,2025-02-14,2025-02-17,10,1906.71,0,NEFT,In-Store,Compeleted,0,
505454,184,34,2,1,2025-06-27,2025-07-01,8,155.09,25,CASH,Online,Completed,144.09,Bulk order - verify stock
506717,579,55,22,12,2025-04-22,2025-04-29,6,1636.32,0,Net Banking,Online,Cancelled,47.95,
506890,144,98,39,2,2026-01-02,2026-01-09,2,1959.56,0,NEFT,Online,Compeleted,145.62,Gift wrap requested
501434,714,89,15,5,2024-06-07,2024-06-12,9,1745.29,25,CARD,In-Store,Compeleted,0,Customer requested callback
500382,338,65,35,17,2024-06-24,2024-06-26,1,1529.73,10,NetBanking,In-Store,Completed,0,Gift wrap requested
503458,622,111,23,10,2024-03-17,2024-03-21,9,628.57,0,net banking,Online,completed,115.29,Loyalty discount applied manually
508421,27,13,35,11,2024-07-09,2024-07-12,9,4268.69,15,CASH,In-Store,Compeleted,0,
503200,550,80,23,19,2026-05-19,2026-05-26,6,1407.04,0,NetBanking,Online,COMPLETED,134.52,
505498,587,80,4,19,2025-09-23,2025-10-02,2,1393.63,0,Cash,Online,Compeleted,37.38,
501591,353,44,13,9,2024-11-16,2024-11-25,8,429.64,30,NetBanking,Online,Cancelled,110.77,Urgent delivery requested
503227,606,15,35,4,2024-07-16,2024-07-15,1,1811.76,20,CASH,Online,COMPLETED,136.28,Urgent delivery requested
504589,421,87,35,19,2024-02-19,2024-02-27,3,1348.29,10,Net Banking,In-Store,Compeleted,0,Gift wrap requested
507731,293,92,37,6,2025-08-09,2025-08-11,10,1829.78,0,Upi,In-Store,COMPLETED,0,Loyalty discount applied manually
508949,798,48,14,8,2024-07-15,2024-07-16,7,133.34,30,NetBanking,In-Store,COMPLETED,0,Urgent delivery requested
505463,925,61,10,15,2025-10-19,2025-10-28,5,1057.99,30,U.P.I,In-Store,Compeleted,0,
504727,145,78,24,10,2025-02-27,2025-02-28,6,,45,UPI,In-Store,Completed,0,
503431,897,87,15,3,2025-11-02,2025-11-09,8,1331.11,15,upi,In-Store,completed,0,
506622,85,30,32,2,2025-08-26,2025-08-28,2,2733.44,15,NEFT,In-Store,COMPLETED,0,
507019,999039,25,2,12,2024-07-26,2024-07-30,8,1403.88,20,net banking,Online,completed,130.17,Corporate order
505981,811,82,31,1,2025-02-22,2025-02-24,5,565.8,20,card,In-Store,COMPLETED,0,Bulk order - verify stock
506364,153,38,7,5,2024-10-21,2024-10-24,9,313.43,30,Net Banking,Online,Cancelled,104.42,Gift wrap requested
507143,142,44,23,15,2024-01-06,2024-01-11,4,426.32,25,UPI,In-Store,Compeleted,0,
501178,81,13,19,11,2024-01-26,2024-02-01,4,4397.98,50,card,In-Store,completed,0,Loyalty discount applied manually
505436,622,19,27,5,2025-07-01,2025-07-06,7,2778.45,20,Cash,Online,PENDING,122.01,
507650,755,1,18,24,2024-11-21,2024-11-30,2,2887.57,15,U.P.I,In-Store,completed,0,Corporate order
504280,563,72,3,20,2025-12-25,2025-12-31,8,1306.17,15,Card,Online,completed,60.47,Gift wrap requested
503936,715,87,8,5,2024-10-30,2024-11-08,1,1276.93,10,card,Online,COMPLETED,-92.67,
509405,733,125,5,23,2025-08-23,2025-08-31,1,387.24,10,U.P.I,In-Store,Compeleted,0,Customer requested callback
507210,26,42,22,21,2025-09-13,2025-09-15,6,87.18,0,Card,Online,PENDING,65.06,
503415,657,78,15,19,2024-09-13,,6,500.3,25,Cash,Online,Compeleted,29.39,Customer requested callback
500554,984,5,21,12,2026-04-10,2026-04-14,7,3354.15,25,Credit Card,Online,cancelled,115.87,
506403,76,99,30,16,2024-01-08,2024-01-12,7,960.38,0,Net Banking,In-Store,Completed,0,Customer requested callback
508339,807,107,27,20,2026-03-15,2026-03-17,8,376.52,10,upi,Online,COMPLETED,36.72,Loyalty discount applied manually
500808,759,20,6,11,2025-07-25,2025-07-27,9,3003.31,15,U.P.I,Online,Completed,34.66,
505602,9,43,7,10,2025-10-25,2025-10-31,3,290.22,0,upi,In-Store,Completed,0,
500662,797,120,39,15,2025-03-24,2025-03-25,5,155.09,0,CASH,In-Store,completed,0,
501239,854,126,9,21,2025-09-09,2025-09-16,4,600.46,20,Card,In-Store,Completed,-81.43,Corporate order
505009,535,116,19,16,2025-06-20,2025-06-29,2,211.51,25,Upi,Online,Completed,76.7,Urgent delivery requested
501980,786,71,8,6,2024-08-06,2024-08-10,3,610.31,20,cash,Online,COMPLETED,56.53,
501030,553,119,19,6,2026-06-06,2026-06-10,10,229.57,30,CARD,Online,completed,145.69,
505181,8,21,2,13,2025-03-30,2025-04-04,8,662.52,0,Upi,Online,COMPLETED,57.48,
500591,491,6,37,14,2025-11-28,2025-11-29,4,1645.87,30,UPI,Online,Compeleted,107.85,Urgent delivery requested
501494,772,4,8,13,2026-02-08,2026-02-11,2,4359.04,10,UPI,In-Store,cancelled,0,
504624,242,108,19,3,2025-03-22,2025-03-24,6,176.57,5,Debit Card,Online,Pending,44.26,
508106,318,110,18,6,2024-12-19,2024-12-28,6,242.56,10,net banking,In-Store,cancelled,0,Bulk order - verify stock
504908,836,73,17,15,2024-06-03,2024-06-11,10,1115.38,20,cash,Online,Completed,147.56,
508148,92,67,32,6,2026-01-09,2026-01-15,7,1060.89,20,Cash,Online,Completed,114.53,
500495,35,44,13,10,2024-05-30,2024-06-06,9,422.89,20,net banking,In-Store,completed,0,Bulk order - verify stock
506850,247,109,2,17,2024-02-18,2024-02-23,6,507.21,20,CARD,Online,completed,49.27,
503165,230,51,27,12,2024-11-28,2024-12-05,9,366.31,30,Cash,Online,completed,88.13,Bulk order - verify stock
501651,755,94,34,17,2024-02-14,2024-02-20,6,1283.61,25,Credit Card,In-Store,cancelled,0,
505484,556,44,1,4,2025-09-05,,3,431.13,5,U.P.I,In-Store,Returned,0,
509046,475,27,32,9,2025-05-04,2025-05-05,5,3631.47,40,Net Banking,Online,Completed,88.83,
507666,450,90,17,15,2025-11-11,2025-11-18,1,1533.47,5,Debit Card,Online,Returned,141.75,Bulk order - verify stock
509237,345,7,3,9,2026-03-09,2026-03-15,10,699.88,15,U.P.I,Online,completed,95.91,
502626,999048,119,14,24,2024-08-09,2024-08-15,2,218.85,20,U.P.I,In-Store,completed,0,
502812,886,39,21,21,2026-02-03,2026-02-10,1,480.65,20,CASH,In-Store,COMPLETED,0,
508631,715,41,12,20,2025-01-06,2025-01-09,7,237.13,25,Net Banking,Online,completed,99.46,
501365,383,36,27,2,2025-04-05,2025-04-14,1,401.9,5,Cash,In-Store,Returned,0,Urgent delivery requested
509141,767,31,22,9,2026-02-26,2026-03-04,9,159.94,30,CARD,Online,Compeleted,88.19,
503401,507,43,2,12,2025-08-19,2025-08-26,9,305.52,45,NetBanking,Online,Completed,105.87,
509132,493,9,40,12,2024-12-02,2024-12-09,5,1149.08,15,NEFT,In-Store,COMPLETED,0,Customer requested callback
500451,563,29,18,1,2026-03-22,2026-03-30,10,2851.6,15,Credit Card,In-Store,Completed,0,
502009,945,96,19,10,2025-08-12,2025-08-21,5,1884.93,10,U.P.I,In-Store,Compeleted,0,Urgent delivery requested
509292,288,80,16,2,2025-04-21,2025-04-26,6,1358.34,20,Cash,In-Store,COMPLETED,0,
507393,642,78,38,7,2025-07-26,2025-08-01,5,515.51,15,Credit Card,Online,completed,73.3,Corporate order
504569,465,54,32,21,2026-01-02,2026-01-07,3,306.82,10,CASH,Online,Completed,110.13,Urgent delivery requested
508821,72,73,20,12,2026-04-07,2026-04-09,0,1118.94,30,UPI,Online,Cancelled,105.49,
502308,554,62,28,23,2024-04-28,2024-04-30,8,906.25,30,NEFT,In-Store,COMPLETED,0,
501121,563,121,39,20,2025-10-02,2025-10-05,9,536.22,5,NEFT,Online,completed,121.46,
502352,684,36,31,17,2024-02-23,2024-03-01,9,436.47,15,Net Banking,Online,COMPLETED,55.28,
500411,398,74,4,10,2024-12-17,2024-12-18,5,1375.54,50,UPI,In-Store,Compeleted,0,Bulk order - verify stock
500604,666,48,18,9,2025-06-28,2025-07-06,10,136.57,30,CASH,In-Store,completed,0,
504999,,45,1,6,2025-07-26,2025-08-04,10,161.33,15,card,In-Store,Retuned,0,
503935,235,107,12,13,2025-07-15,2025-07-22,5,366.94,0,upi,Online,Completed,74.52,Loyalty discount applied manually
505478,380,30,2,17,2025-01-31,2025-02-07,9,2807.83,50,CASH,In-Store,Compeleted,0,
501788,664,80,29,22,2025-03-04,2025-03-09,2,1343.01,30,upi,In-Store,completed,0,Customer requested callback
509224,26,92,3,16,2026-05-08,2026-05-13,5,1733.54,0,CASH,Online,Compeleted,67.92,Bulk order - verify stock
502030,972,27,37,12,2025-12-23,2026-01-01,7,3601.22,10,Net Banking,Online,COMPLETED,47.62,
505306,658,90,40,6,2024-02-11,2024-02-14,4,1614.11,15,Upi,In-Store,Retuned,0,
506811,564,125,29,6,2026-05-20,2026-05-27,7,379.75,0,U.P.I,Online,Completed,94.4,
501050,874,34,34,7,2026-03-27,2026-04-02,8,144.52,5,Cash,In-Store,Completed,0,Loyalty discount applied manually
508770,796,121,32,8,2024-11-25,2024-12-02,2,541.19,20,Cash,In-Store,completed,0,
507992,84,124,40,22,2025-09-01,2025-09-08,4,289.82,35,Upi,In-Store,Retuned,0,Bulk order - verify stock
508750,829,89,16,14,2025-04-02,2025-04-09,6,1782.94,10,card,In-Store,Completed,0,Gift wrap requested
502080,192,40,35,15,2026-03-22,2026-03-26,4,204.22,10,upi,In-Store,Canceled,0,Corporate order
507142,494,30,38,19,2025-02-27,2025-03-02,4,2711.17,15,UPI,In-Store,completed,0,
502465,137,97,26,24,2024-04-08,2024-04-09,2,1724.14,30,net banking,In-Store,CANCELLED ,0,
507908,892,106,9,22,2026-05-08,2026-05-10,9,715.53,10,Debit Card,In-Store,returned,0,
504098,859,11,18,21,2025-09-15,2025-09-16,9,4526.57,15,Debit Card,Online,Compeleted,101.79,
501741,575,72,24,17,2024-10-29,2024-11-04,5,1259.7,30,Credit Card,In-Store,Returned,0,Corporate order
509707,247,58,28,18,2026-06-05,2026-06-14,10,1999.29,10,NEFT,In-Store,Pending,0,
505827,877,72,23,7,2025-10-21,2025-10-30,6,1293.67,5,Net Banking,Online,COMPLETED,51.53,
500144,190,92,7,7,2024-10-11,2024-10-13,2,1845.33,15,upi,In-Store,COMPLETED,0,Gift wrap requested
501994,176,13,1,22,2024-11-05,2024-11-09,1,4142.33,5,cash,Online,Completed,47.96,
504167,863,43,32,15,2024-05-08,2024-05-17,5,312.75,5,Credit Card,In-Store,Compeleted,0,
504031,659,112,8,9,2024-05-20,2024-05-22,3,576.05,30,upi,Online,PENDING,-68.35,
502862,495,97,9,18,2024-01-05,2024-01-13,3,1782.83,30,U.P.I,In-Store,Completed,0,
502221,691,51,22,20,2025-02-04,2025-01-30,2,387.46,5,NetBanking,Online,completed,140.91,
502758,177,29,24,24,2025-01-04,2025-01-06,2,3058.66,10,CARD,Online,COMPLETED,123.34,
507442,25,56,36,14,2024-01-16,2024-01-21,1,960.18,5,UPI,In-Store,Returned,0,
508219,585,59,12,14,2025-03-05,2025-03-07,10,1006.87,15,Net Banking,Online,Completed,100.33,Customer requested callback
507799,284,34,38,9,2025-05-06,2025-05-10,2,143.67,30,cash,In-Store,Compeleted,0,Loyalty discount applied manually
507127,677,4,3,24,2025-05-06,2025-05-11,4,4138.27,20,NEFT,In-Store,completed,0,
505895,479,73,29,7,2024-07-17,2024-07-18,7,1042.82,15,Upi,In-Store,Compeleted,0,
507572,312,42,4,13,2025-09-23,2025-09-29,6,85.99,20,Upi,In-Store,completed,0,Gift wrap requested
501311,628,115,40,1,2024-09-21,2024-09-27,9,328.69,0,U.P.I,In-Store,completed,0,Loyalty discount applied manually
509785,379,45,23,13,2026-06-29,2026-07-05,10,154.09,25,net banking,Online,Cancelled,111.63,Bulk order - verify stock
503947,906,48,38,15,2024-01-09,2024-01-18,9,137.21,5,net banking,Online,completed,69.46,
503441,268,53,29,22,2026-04-16,2026-04-23,2,283.05,5,CASH,In-Store,Canceled,0,Corporate order
502124,43,38,3,18,2025-08-06,2025-08-14,10,312.38,20,Net Banking,Online,Canceled,85.57,Gift wrap requested
504230,482,95,40,1,2026-06-01,2026-06-07,5,695.66,0,net banking,Online,Completed,54.34,Loyalty discount applied manually
503614,194,60,3,5,2025-09-30,2025-10-04,4,1617.45,30,CASH,In-Store,Cancelled,0,Customer requested callback
503003,223,4,9,2,2025-02-02,2025-02-07,7,4204.27,20,Credit Card,Online,Compeleted,34.16,Customer requested callback
508105,913,119,10,13,2024-05-11,2024-05-13,9,223.34,10,net banking,In-Store,Compeleted,0,
507865,677,12,3,20,2026-01-24,2026-01-20,2,491.86,45,Upi,In-Store,Retuned,0,
508389,535,47,25,18,2025-05-28,2025-06-06,9,118.95,10,card,In-Store,Returned,0,
505987,280,23,12,15,2024-10-14,2024-10-19,5,2009.47,10,Upi,Online,Compeleted,107.62,
500788,32,36,7,15,2025-02-08,2025-02-11,7,400.87,5,Credit Card,In-Store,Completed,0,
509338,662,36,9,15,2024-06-10,2024-06-18,8,,15,NEFT,In-Store,CANCELLED ,0,
506868,967,28,21,11,2026-02-11,2026-02-16,8,3763.66,10,cash,Online,Retuned,39.2,
505613,946,69,21,23,2025-11-19,2025-11-22,5,1053.03,0,CASH,In-Store,completed,0,
504471,665,85,22,19,2024-05-02,2024-05-05,8,882.1,15,Cash,In-Store,Compeleted,0,
508161,474,124,15,24,2024-05-08,2024-05-16,5,273.27,20,cash,Online,COMPLETED,117.38,Loyalty discount applied manually
500770,967,43,28,24,2024-07-08,2024-07-17,1,291.54,20,net banking,In-Store,completed,0,
502567,731,62,13,19,2024-03-16,2024-03-24,10,872.47,25,U.P.I,Online,completed,54.34,
505332,375,98,26,7,2024-07-14,2024-07-18,2,1895.48,30,Card,In-Store,Completed,0,
509000,319,82,13,11,2024-09-10,2024-09-17,1,548.07,10,CASH,Online,completed,79.76,
505074,882,106,13,12,2026-02-26,2026-03-07,2,721.7,25,Card,Online,Completed,105.74,
502243,546,16,5,24,2025-10-23,2025-10-30,5,2177.33,5,NEFT,In-Store,Completed,0,
506039,347,18,22,13,2024-08-10,2024-08-17,6,894.06,15,cash,Online,Canceled,51.93,Customer requested callback
509183,762,104,15,11,2026-03-12,2026-03-20,8,400.16,30,upi,In-Store,CANCELLED ,0,
500294,778,103,21,14,2024-01-09,2024-01-12,2,617.28,20,Upi,Online,COMPLETED,43.61,
504149,317,18,19,21,2024-06-15,2024-06-20,10,922.47,40,Net Banking,In-Store,Compeleted,0,
505212,227,62,15,1,2026-04-30,2026-05-01,8,891.97,5,Cash,Online,completed,47.17,
505785,722,13,22,17,2026-04-23,2026-05-02,10,4306.13,20,cash,In-Store,completed,0,Urgent delivery requested
505392,88,95,5,23,2026-06-09,2026-06-16,2,692.71,15,net banking,In-Store,Completed,0,Customer requested callback
506683,390,12,26,17,2025-12-13,2025-12-15,7,459.21,15,upi,In-Store,pending,0,
506659,246,64,10,19,2024-11-20,2024-11-24,10,1328.97,0,cash,In-Store,completed,0,
509817,95,32,26,24,2026-05-24,2026-05-26,3,99.69,10,upi,In-Store,Compeleted,0,
507903,24,19,32,12,2025-05-02,2025-05-10,2,2756.29,30,UPI,Online,CANCELLED ,51.59,
507075,892,80,16,7,2025-06-07,2025-06-05,3,1377.92,20,Upi,In-Store,Completed,0,
500735,173,8,4,22,2024-11-15,2024-11-20,6,2592.14,20,upi,In-Store,COMPLETED,0,Urgent delivery requested
500572,232,24,30,1,2026-02-07,,4,4885.06,0,Debit Card,Online,completed,112.95,
506060,851,116,35,10,2024-03-19,2024-03-25,5,197.17,25,Cash,Online,Compeleted,121.18,Loyalty discount applied manually
502086,658,118,28,2,2025-05-26,2025-06-03,9,444.37,15,net banking,In-Store,returned,0,
509613,754,27,30,12,2025-08-27,2025-09-02,10,3743.37,0,Upi,Online,Completed,57.68,Urgent delivery requested
506278,908,40,24,22,2024-12-17,2024-12-26,6,199.52,35,NetBanking,In-Store,Compeleted,0,Customer requested callback
500579,69,124,19,6,2026-02-03,2026-02-10,-3,289.92,15,Credit Card,Online,Compeleted,142.04,Gift wrap requested
505373,47,119,37,1,2025-07-29,2025-07-31,5,215.36,20,NetBanking,In-Store,Compeleted,0,
502928,950,2,19,17,2026-03-23,2026-03-18,7,2931.02,5,upi,Online,Compeleted,113.19,Corporate order
507643,761,73,34,8,2024-02-03,2024-02-04,2,1087.33,5,CASH,Online,Completed,74.86,Customer requested callback
507348,936,111,31,4,2024-11-30,2024-12-07,10,640.18,25,Upi,In-Store,Completed,0,Loyalty discount applied manually
508812,570,25,13,10,2025-04-02,2025-03-30,5,1422.33,30,CARD,In-Store,COMPLETED,0,
506711,923,17,5,9,2026-06-30,2026-07-07,6,4184.97,15,Net Banking,In-Store,Cancelled,0,
507177,230,81,1,8,2025-01-31,2025-02-01,1,1856.09,15,upi,In-Store,cancelled,0,
507725,756,116,11,23,2026-05-24,2026-05-30,0,196.71,5,CASH,In-Store,COMPLETED,0,Gift wrap requested
503172,159,110,6,19,2024-12-06,2024-12-13,8,248.29,15,CARD,In-Store,Compeleted,0,
506462,506,120,32,20,2025-01-31,2025-02-09,6,164.35,5,net banking,Online,returned,106.73,
504358,562,76,22,19,2024-10-10,2024-10-13,5,1708.02,15,net banking,In-Store,Compeleted,-44.76,Gift wrap requested
503513,483,108,6,14,2025-09-01,2025-09-04,3,169.85,20,U.P.I,Online,COMPLETED,126.59,
505254,856,93,32,7,2024-09-21,2024-09-26,6,398.25,15,net banking,Online,Completed,124.17,
504877,211,65,27,21,2025-07-23,2025-07-27,7,1541.07,0,Debit Card,In-Store,COMPLETED,0,Gift wrap requested
507773,160,23,33,8,2026-04-20,2026-04-27,8,2028.16,5,CASH,In-Store,completed,0,
504591,10,77,18,17,2024-01-03,2024-01-11,5,1478.82,25,NetBanking,Online,Completed,63.53,
507003,869,70,40,23,2025-04-04,2025-04-08,3,1909.12,25,CASH,Online,completed,67.65,Urgent delivery requested
506007,809,75,10,9,2024-11-30,2024-12-05,4,1186.29,20,cash,Online,COMPLETED,80.42,
504709,884,9,17,12,2026-01-13,2026-01-19,8,1143.72,10,upi,In-Store,completed,0,Corporate order
507215,937,62,7,11,2025-07-29,2025-07-31,1,886.15,15,upi,In-Store,returned,0,Urgent delivery requested
502937,70,20,26,12,2024-06-24,2024-06-25,4,2960.77,5,U.P.I,Online,completed,31.5,
502596,241,56,18,8,2026-04-03,,9,882.07,25,U.P.I,In-Store,CANCELLED ,0,Bulk order - verify stock
500209,140,42,29,9,2024-01-29,2024-02-07,2,81.51,30,NetBanking,In-Store,Pending,-39.68,
509320,960,112,13,17,2024-04-02,2024-04-11,6,549.39,10,Upi,In-Store,Canceled,0,
500174,752,29,29,19,2024-07-28,2024-07-29,1,3088.9,30,Credit Card,Online,completed,116.12,
502315,313,72,24,11,2024-08-13,2024-08-22,7,1289.96,10,CARD,In-Store,Compeleted,0,
503114,788,104,36,22,2025-09-02,2025-09-10,3,399.35,20,Cash,Online,Compeleted,116.48,
501552,53,70,10,14,2025-07-26,2025-08-03,9,1935.15,0,Cash,In-Store,Returned,0,
507276,416,27,38,8,2025-12-01,2025-12-09,1,3678.57,20,cash,In-Store,Compeleted,0,
500286,927,92,7,17,2026-05-21,2026-05-22,4,1820.47,5,Debit Card,In-Store,Completed,0,
501519,864,49,5,2,2024-08-12,2024-08-13,7,179.61,30,UPI,In-Store,completed,0,Urgent delivery requested
501282,823,35,32,13,2025-05-15,2025-05-21,7,186.01,20,upi,Online,PENDING,41.14,Customer requested callback
505294,662,4,30,18,2026-06-17,2026-06-22,5,4077.72,25,Card,In-Store,Compeleted,0,
509161,929,104,12,9,2025-12-23,2025-12-30,3,387.36,10,CARD,In-Store,COMPLETED,0,
508764,386,32,1,7,2026-01-27,2026-01-28,1,107.75,30,NetBanking,Online,COMPLETED,127.91,Gift wrap requested
508081,716,64,28,12,2025-07-30,2025-08-02,8,1319.12,20,NetBanking,In-Store,Completed,0,
504607,461,7,15,8,2025-11-08,2025-11-15,7,742.48,5,U.P.I,Online,Returned,79.58,
504290,832,34,2,16,2025-08-29,2025-09-04,9,157.02,25,Cash,Online,PENDING,89.82,Urgent delivery requested
502214,229,83,12,17,2025-08-15,2025-08-20,1,2477.38,20,CARD,In-Store,Compeleted,0,
508972,900,78,12,11,2026-04-03,2026-04-08,10,490.63,20,CASH,Online,completed,142.54,Corporate order
501108,991,49,16,4,2025-11-02,2025-11-04,1,175.74,5,CARD,Online,completed,139.08,Customer requested callback
506362,840,72,24,21,2024-06-03,2024-06-05,5,1325.32,20,net banking,In-Store,completed,0,Corporate order
501580,46,39,22,7,2026-06-05,2026-06-07,4,485.9,15,Credit Card,In-Store,completed,0,
502790,669,111,31,24,2024-11-26,2024-11-29,9,685.06,25,UPI,Online,cancelled,104.13,Customer requested callback
502677,730,30,18,13,2025-01-02,2025-01-08,8,2822.72,20,CARD,In-Store,Completed,0,Bulk order - verify stock
504383,723,42,15,8,2024-10-21,2024-10-30,2,80.92,15,Net Banking,In-Store,Completed,0,
506438,315,44,16,21,2025-05-31,2025-06-08,3,449.07,5,cash,In-Store,Compeleted,0,Loyalty discount applied manually
504640,719,76,19,18,2026-06-12,2026-06-19,4,1656.7,25,CARD,Online,COMPLETED,100.28,Gift wrap requested
506877,492,38,23,9,2024-10-20,2024-10-26,9,323.33,5,Card,In-Store,Compeleted,0,
504054,282,103,34,3,2025-07-05,2025-07-07,9,644.38,5,CARD,Online,completed,70.38,
504084,85,95,28,22,2024-10-03,2024-10-04,8,642.57,0,UPI,Online,Compeleted,108.99,
504324,500,101,24,11,2024-12-31,2025-01-04,1,2298.52,25,Credit Card,In-Store,Retuned,0,Corporate order
505432,174,52,11,21,2025-01-04,2025-01-11,2,367.01,30,net banking,In-Store,Completed,0,
503884,,101,11,22,2024-09-12,2024-09-17,5,2309.36,10,CASH,In-Store,completed,0,
507492,196,56,9,8,2024-01-01,2024-01-06,9,939.93,10,card,In-Store,returned,0,Gift wrap requested
501432,324,43,37,7,2026-01-01,2026-01-08,9,297.08,15,CASH,Online,Completed,139.99,
500387,176,80,32,12,2025-07-22,2025-07-26,10,1391.26,10,Net Banking,Online,pending,32.11,Customer requested callback
505037,347,104,14,19,2024-08-01,2024-08-07,2,396.75,25,card,In-Store,CANCELLED ,0,Bulk order - verify stock
505128,818,38,9,1,2024-11-05,2024-11-08,8,299.33,30,UPI,In-Store,Completed,0,Customer requested callback
505316,90,45,21,4,2024-08-05,2024-08-10,2,156.69,30,Upi,Online,COMPLETED,29.17,
503808,729,8,12,19,2024-12-05,2024-12-12,5,2814.61,20,Debit Card,In-Store,COMPLETED,0,Gift wrap requested
504303,729,113,31,9,2025-01-29,2025-02-06,5,226.24,10,CARD,Online,Completed,60.4,
502988,222,14,27,21,2024-12-23,2024-12-26,5,4778.31,5,NetBanking,Online,Compeleted,38.75,
507505,335,65,5,13,2025-02-26,2025-03-01,5,1543.65,25,Card,Online,Pending,65.43,
501399,871,71,5,19,2025-08-18,2025-08-22,7,595.2,5,upi,In-Store,completed,0,
506226,254,13,6,21,2026-04-14,2026-04-23,2,4273.49,0,Debit Card,In-Store,COMPLETED,0,Bulk order - verify stock
503208,790,26,29,2,2025-02-13,2025-02-16,3,3102.45,5,net banking,Online,COMPLETED,85.76,Corporate order
508403,983,92,4,24,2024-03-28,2024-04-06,7,1781.45,15,card,In-Store,COMPLETED,0,Corporate order
506306,358,118,17,18,2024-09-06,2024-09-11,1,451.28,15,Card,Online,returned,130.12,
505016,25,52,22,10,2025-05-29,2025-06-02,6,376.13,0,Net Banking,Online,Compeleted,48.05,Bulk order - verify stock
500650,853,91,13,5,2025-08-17,2025-08-21,4,489.02,30,Card,In-Store,PENDING,0,
507466,,60,12,6,2024-06-13,2024-06-16,6,1681.73,5,Cash,Online,Compeleted,72.8,Gift wrap requested
502282,998,14,34,9,2026-01-16,2026-01-18,2,4851.03,25,net banking,In-Store,PENDING,0,
500019,722,116,4,18,2024-08-05,2024-08-08,2,213.53,30,CASH,Online,PENDING,136.96,Urgent delivery requested
505109,75,79,40,21,2024-11-17,2024-11-25,5,1227.6,10,Credit Card,In-Store,Completed,0,
505224,560,9,28,19,2024-05-23,2024-05-30,3,1142.96,30,net banking,Online,completed,146.07,
507133,100,73,10,19,2024-09-12,2024-09-13,5,1050.7,5,Net Banking,In-Store,Completed,0,
506448,345,15,33,13,2024-04-17,2024-04-21,7,1910.24,0,Cash,Online,Pending,117.58,
503090,999026,43,9,9,2024-02-16,2024-02-17,7,311.69,20,net banking,Online,completed,88.69,
504330,600,73,31,9,2026-02-06,2026-02-09,6,1036.97,15,NEFT,In-Store,Completed,0,Corporate order
501939,572,10,24,10,2024-10-01,2024-10-04,8,725.4,15,cash,In-Store,Cancelled,0,
503363,309,32,17,21,2025-03-17,2025-03-20,9,100.82,30,NEFT,Online,completed,94.47,
504719,816,106,10,8,2025-09-25,2025-09-29,10,658.78,25,NetBanking,Online,Completed,76.03,
506554,884,100,34,9,2024-01-21,2024-01-26,2,487.9,20,Net Banking,In-Store,COMPLETED,0,
506844,533,40,25,23,2024-09-14,2024-09-22,8,205.21,30,net banking,In-Store,Pending,0,
506741,437,40,1,2,2025-02-17,2025-02-19,10,206.9,30,Cash,In-Store,completed,0,Gift wrap requested
502233,147,88,28,7,2026-03-14,2026-03-17,6,725.18,0,net banking,Online,Canceled,109.58,Loyalty discount applied manually
502591,446,97,30,6,2024-01-09,2024-01-13,8,1866.93,25,NEFT,In-Store,completed,0,Bulk order - verify stock
504377,835,85,37,8,2025-03-06,2025-03-14,7,902.2,20,cash,In-Store,Compeleted,0,Gift wrap requested
505814,850,67,3,18,2024-05-15,2024-05-24,1,1124.14,0,CARD,Online,Canceled,83.83,
504064,427,118,20,6,2026-06-23,2026-06-25,7,465.78,0,Cash,Online,CANCELLED ,31.25,Loyalty discount applied manually
506846,916,117,13,10,2026-05-30,2026-06-04,6,294.11,25,net banking,In-Store,Completed,0,
506365,931,109,11,9,2025-10-03,2025-10-04,2,508.6,25,Upi,Online,Completed,133.39,
506366,833,91,34,2,2024-01-09,2024-01-17,8,478.08,30,UPI,Online,cancelled,138.53,
500843,718,120,7,5,2024-01-04,2024-01-11,8,163.81,20,UPI,Online,returned,116.91,Gift wrap requested
506679,456,59,9,3,2026-06-11,2026-06-17,10,991.25,10,Cash,Online,completed,143.04,
504937,787,109,2,17,2026-05-28,2026-06-06,8,495.32,20,net banking,In-Store,Completed,0,Corporate order
509333,951,84,11,14,2024-12-26,2024-12-28,4,725.03,25,CARD,Online,completed,110.69,Gift wrap requested
508052,471,101,14,17,2025-11-03,2025-11-09,3,2270.1,10,Card,In-Store,COMPLETED,0,Loyalty discount applied manually
500659,473,117,21,10,2024-06-15,2024-06-17,8,281.26,25,cash,In-Store,COMPLETED,0,
500734,683,42,25,20,2026-03-22,2026-03-26,1,87.81,35,CASH,In-Store,Canceled,0,Loyalty discount applied manually
502235,903,120,21,6,2025-11-23,,7,156.64,5,upi,In-Store,COMPLETED,0,Loyalty discount applied manually
504803,28,42,4,19,2024-05-21,2024-05-29,2,87.55,20,Cash,Online,Compeleted,139.56,Corporate order
503853,564,85,4,9,2024-02-07,2024-02-14,5,904.76,5,Debit Card,Online,COMPLETED,45.62,
502513,891,38,3,5,2025-05-11,2025-05-18,2,323.74,25,Net Banking,In-Store,COMPLETED,0,Corporate order
503824,603,117,1,8,2024-07-16,2024-07-23,6,297.56,25,CARD,Online,completed,36.92,
503706,582,78,2,10,2026-05-13,2026-05-16,2,521.64,10,Cash,Online,Compeleted,48.32,Urgent delivery requested
502223,99,109,4,13,2024-11-09,2024-11-17,3,516.19,25,U.P.I,Online,COMPLETED,80.47,
509025,307,16,15,4,2026-05-12,2026-05-21,1,2167.61,30,CASH,In-Store,Completed,0,
501947,768,97,11,12,2024-12-22,2024-12-23,5,1757.75,15,Cash,Online,Compeleted,52.6,Gift wrap requested
505592,997,30,37,23,2025-08-17,2025-08-21,6,2731.75,15,Upi,In-Store,Compeleted,0,Bulk order - verify stock
501711,223,90,31,22,2024-02-24,2024-02-28,7,1535.19,10,NEFT,In-Store,Compeleted,0,Corporate order
505476,287,47,35,9,2025-11-29,2025-12-08,2,114.37,15,Upi,In-Store,completed,0,
502691,173,5,27,1,2026-03-09,2026-03-10,8,3344.48,15,Card,Online,returned,90.26,
508652,452,61,9,1,2025-09-27,2025-09-28,4,1099.03,0,Card,Online,Cancelled,133.05,Gift wrap requested
506706,423,16,22,5,2024-07-18,2024-07-23,5,2028.02,10,CASH,In-Store,Canceled,0,Corporate order
503914,939,120,32,18,2024-08-03,2024-08-04,2,159.88,15,net banking,Online,Completed,104.42,
503879,99,45,18,10,2024-02-13,2024-02-19,7,166.98,0,cash,In-Store,completed,0,
507790,940,82,8,21,2026-01-15,2026-01-23,4,531.97,30,NetBanking,In-Store,CANCELLED ,0,Bulk order - verify stock
502684,335,82,20,14,2025-09-22,2025-09-28,9,519.74,5,NEFT,Online,Compeleted,147.97,Gift wrap requested
506560,702,73,31,22,2024-10-10,2024-10-16,2,1040.38,20,Net Banking,Online,Compeleted,75.95,
506246,354,46,25,16,2024-11-15,2024-11-21,10,316.85,25,CARD,Online,Returned,41.1,
500282,575,41,2,1,2026-06-10,2026-06-15,10,243.74,15,Credit Card,Online,Retuned,79.75,Corporate order
506851,255,17,20,15,2026-02-06,2026-02-15,2,4140.12,15,upi,Online,completed,56.65,Corporate order
500163,886,85,10,20,2024-01-10,2024-01-13,8,864.31,20,U.P.I,In-Store,Completed,0,
500032,918,7,19,6,2026-01-22,2026-01-28,6,737.78,30,NetBanking,In-Store,Completed,0,
508441,617,84,6,21,2024-08-19,2024-08-16,2,749.18,35,Cash,Online,completed,97.53,
506035,799,112,9,10,2026-05-26,2026-06-01,9,540.03,20,Cash,In-Store,Pending,0,
508889,423,32,17,8,2025-10-02,2025-10-08,7,97.97,25,card,Online,completed,136.4,
502457,442,75,11,2,2024-10-10,2024-10-16,8,1236.1,5,Cash,In-Store,COMPLETED,0,Customer requested callback
506976,457,43,37,12,2026-04-12,2026-04-13,9,305.53,10,upi,Online,Completed,91.12,
503616,856,44,19,21,2025-06-11,2025-06-15,5,425.52,0,net banking,In-Store,returned,0,
506895,836,122,32,2,2024-03-19,2024-03-24,6,159.56,15,CASH,In-Store,completed,-59.62,
500231,802,22,3,18,2026-05-03,2026-05-07,1,1298.87,5,U.P.I,In-Store,COMPLETED,0,
503821,616,7,4,4,2026-05-17,2026-05-23,3,709.83,30,cash,In-Store,Compeleted,0,Gift wrap requested
501523,877,20,24,23,2025-07-09,2025-07-16,3,3055.19,25,card,In-Store,Compeleted,0,Corporate order
500237,203,3,18,17,2024-01-06,2024-01-12,4,4582.23,0,Upi,In-Store,Completed,0,
507363,74,35,27,6,2025-11-22,2025-11-30,9,183.01,30,CARD,Online,completed,145.68,
501674,460,110,13,2,2024-11-16,2024-11-22,10,236.88,25,Credit Card,In-Store,CANCELLED ,0,Customer requested callback
502071,999031,112,18,8,2026-04-21,2026-04-26,7,555.68,0,net banking,In-Store,Cancelled,0,Urgent delivery requested
509741,187,45,17,11,2024-01-13,2024-01-17,5,164.59,15,UPI,Online,Retuned,140.92,Customer requested callback
508043,391,100,37,6,2024-10-28,2024-11-04,5,509.03,5,CARD,In-Store,Completed,0,Bulk order - verify stock
500595,44,36,40,20,2024-02-02,2024-02-04,2,423.61,25,CARD,Online,Completed,97.24,Customer requested callback
500277,625,61,6,12,2026-03-18,2026-03-20,2,1123.01,30,cash,In-Store,Compeleted,0,
502454,823,85,1,16,2025-01-28,2025-02-04,5,917.7,0,Card,Online,Completed,128.13,
502651,812,119,17,11,2024-02-12,2024-02-20,7,229.54,30,CASH,Online,Retuned,61.89,Urgent delivery requested
500429,612,81,3,9,2025-11-07,2025-11-09,8,1755.42,10,Net Banking,Online,Completed,117.49,
506747,577,74,11,23,2026-03-05,2026-03-11,5,1387.82,5,cash,Online,pending,48.92,
506887,225,57,15,9,2025-10-25,2025-10-27,10,1322.85,15,U.P.I,Online,completed,32.2,
502523,219,73,24,4,2025-06-06,2025-06-07,9,1071.44,15,upi,In-Store,COMPLETED,0,Bulk order - verify stock
502303,25,34,18,15,2024-01-31,2024-02-05,1,150.81,10,NetBanking,Online,cancelled,142.8,Loyalty discount applied manually
501610,,28,15,16,2025-03-17,2025-03-24,7,3973.74,45,Net Banking,Online,Completed,95.45,
505191,222,5,33,3,2025-02-10,2025-02-15,4,3633.07,0,Debit Card,In-Store,Retuned,0,
500164,78,71,5,1,2026-01-10,2026-01-05,5,616.28,10,UPI,In-Store,Compeleted,0,
508782,108,94,37,5,2024-05-16,2024-05-23,5,1292.81,0,Cash,Online,COMPLETED,114.02,Customer requested callback
504373,20,68,18,14,2024-10-10,2024-10-13,2,380.18,30,Net Banking,In-Store,Completed,0,
507301,747,79,9,22,2025-01-07,2025-01-13,5,,5,Debit Card,Online,CANCELLED ,130.14,
503098,981,85,40,23,2024-04-30,2024-05-07,4,922.38,5,Net Banking,In-Store,completed,0,
504834,368,70,14,10,2025-09-20,2025-09-22,1,1841.32,20,NetBanking,In-Store,CANCELLED ,0,Corporate order
505922,628,13,6,19,2024-05-09,2024-05-15,1,4023.46,15,U.P.I,Online,completed,58.71,
509593,60,3,9,16,2024-04-14,2024-04-17,9,4381.69,10,CARD,In-Store,Compeleted,0,
507275,385,19,22,14,2025-08-17,2025-08-23,1,2799.71,20,Cash,Online,Completed,91.87,Urgent delivery requested
509035,527,55,25,14,2025-11-25,2025-11-30,7,1712.19,5,Cash,Online,Completed,33.01,
503766,616,13,10,11,2024-11-07,2024-11-14,7,4079.2,50,UPI,In-Store,completed,0,
507214,207,5,4,4,2025-08-02,2025-08-10,2,3345.9,5,Credit Card,In-Store,Compeleted,0,
509003,853,41,22,24,2024-05-16,2024-05-17,5,232.35,25,card,Online,completed,137.86,Customer requested callback
500356,750,91,13,10,2024-10-27,2024-10-28,1,480.73,5,U.P.I,In-Store,pending,0,Customer requested callback
501229,791,9,22,20,2024-02-27,2024-02-29,7,1209.52,0,net banking,Online,PENDING,120.55,Customer requested callback
503479,216,94,38,11,2024-11-29,2024-12-03,2,1311.95,10,CASH,Online,COMPLETED,108.08,Urgent delivery requested
508232,,10,9,4,2025-08-27,2025-08-29,8,750.87,30,cash,Online,COMPLETED,36.23,
504978,831,98,1,20,2026-05-23,2026-05-24,6,1906.87,10,upi,In-Store,COMPLETED,0,
503177,453,19,12,15,2024-08-05,2024-08-11,9,2729.93,30,upi,Online,Completed,82.95,
507812,37,88,32,11,2026-06-26,2026-07-03,8,715.73,45,cash,Online,completed,41.18,Bulk order - verify stock
509020,806,43,31,4,2025-10-17,2025-10-21,6,306.08,15,CARD,Online,Completed,40.4,
504865,583,30,38,12,2025-03-30,2025-04-03,10,2846.63,25,Debit Card,In-Store,COMPLETED,0,
500530,684,116,14,4,2024-10-20,2024-10-23,6,205.06,20,Upi,In-Store,completed,0,Urgent delivery requested
505308,703,19,7,13,2025-11-24,2025-11-30,5,2786.32,15,NEFT,In-Store,Compeleted,0,Urgent delivery requested
508970,617,31,29,11,2026-05-04,2026-05-09,5,162.44,0,Card,In-Store,Compeleted,0,
501067,888,4,12,24,2025-11-17,2025-11-20,5,4424.81,10,Upi,In-Store,COMPLETED,0,Customer requested callback
501019,127,121,4,17,2025-04-17,2025-04-23,5,531.66,30,card,Online,PENDING,51.3,
505325,74,98,11,18,2024-11-27,2024-12-05,6,1933.41,25,U.P.I,Online,COMPLETED,130.83,Gift wrap requested
507558,374,26,7,14,2024-05-12,2024-05-14,10,3206.42,15,card,Online,Completed,132.16,
500300,306,40,23,10,2025-04-07,2025-04-12,4,205,30,net banking,In-Store,Completed,0,
508311,76,75,37,18,2025-02-06,2025-02-11,4,1164.06,10,Cash,Online,COMPLETED,45.57,
507157,586,99,40,24,2024-12-17,2024-12-25,10,951.15,10,NEFT,In-Store,completed,0,
504660,402,120,35,15,2024-10-30,2024-11-06,1,158.17,15,Net Banking,Online,COMPLETED,39.38,Customer requested callback
503961,106,110,36,7,2025-09-30,2025-10-03,9,248.34,5,CASH,Online,Completed,34.67,
502205,540,85,9,12,2025-09-14,2025-09-16,5,933.59,10,NEFT,Online,cancelled,121.91,
509388,325,109,15,9,2024-05-07,2024-05-10,6,495.97,10,CASH,In-Store,Compeleted,0,
502833,180,46,31,1,2024-01-26,2024-02-01,8,320.43,10,Net Banking,In-Store,COMPLETED,0,
502633,303,97,5,17,2024-05-15,2024-05-16,10,1771.14,30,cash,Online,completed,37.92,
508239,403,102,17,14,2024-07-29,2024-08-07,6,982.39,25,NEFT,Online,pending,54.76,
507097,998,11,23,20,2024-07-03,2024-07-10,3,4677.23,25,CARD,In-Store,Compeleted,0,Customer requested callback
508078,572,104,14,9,2026-06-12,2026-06-15,4,400.26,5,Upi,In-Store,COMPLETED,0,
500110,652,50,26,11,2024-04-22,2024-04-28,7,276.02,0,upi,Online,Canceled,61.36,
506597,735,105,32,1,2024-07-09,2024-07-14,9,464.17,25,CASH,Online,cancelled,34.41,Corporate order
502824,395,97,24,5,2026-06-06,2026-06-07,5,1712.36,20,U.P.I,In-Store,Retuned,0,Bulk order - verify stock
508288,402,50,25,18,2026-05-28,2026-05-31,8,276.71,15,CASH,In-Store,Completed,0,
506168,319,48,19,14,2025-02-07,,1,128.03,0,Cash,In-Store,Completed,0,Customer requested callback
503647,984,3,9,23,2024-07-05,2024-07-08,8,4795.39,10,Net Banking,In-Store,completed,0,Urgent delivery requested
507076,795,26,36,11,2025-07-26,2025-08-03,8,3215.83,50,Credit Card,Online,Compeleted,55.11,
504696,481,64,2,19,2024-07-27,2024-08-05,3,1348.17,15,Cash,Online,Compeleted,139.84,
506812,845,36,22,18,2024-07-30,2024-08-03,5,419.54,20,CASH,In-Store,Completed,0,
501828,101,16,5,15,2024-01-18,2024-01-21,10,2002.43,15,Net Banking,In-Store,completed,0,
508993,179,93,16,18,2024-12-07,2024-12-14,9,401.93,0,net banking,Online,Cancelled,118.62,Bulk order - verify stock
507272,366,19,20,15,2025-06-01,2025-06-07,4,2556.23,25,cash,In-Store,Completed,0,
503351,197,116,40,23,2025-07-12,2025-07-20,8,202.71,20,CASH,In-Store,Compeleted,0,
506055,524,20,10,12,2026-03-18,2026-03-19,8,2924.54,30,Credit Card,In-Store,Completed,0,
503135,986,112,7,5,2024-09-21,2024-09-26,4,525.21,0,cash,Online,returned,127.02,
505662,216,46,35,23,2025-12-23,2026-01-01,4,329.79,30,cash,In-Store,completed,0,
500248,75,123,2,18,2026-03-06,2026-03-12,3,416.99,15,Cash,Online,Canceled,53.04,
500569,800,20,9,3,2026-03-19,2026-03-24,1,2922.2,20,CARD,In-Store,completed,0,
504209,152,53,24,15,2025-01-12,2025-01-15,6,278.08,10,Credit Card,In-Store,returned,0,
505455,152,99,38,9,2026-06-13,2026-06-16,9,1024.13,0,CARD,In-Store,Cancelled,0,Gift wrap requested
505380,74,31,17,8,2026-04-16,2026-04-20,4,162.23,10,Net Banking,In-Store,returned,0,
500733,738,49,17,12,2026-06-19,2026-06-25,5,178.93,50,UPI,In-Store,completed,0,
507241,35,63,34,6,2025-06-25,2025-07-02,1,1183.38,15,Debit Card,Online,Compeleted,132.45,Loyalty discount applied manually
500321,204,53,38,6,2024-10-20,2024-10-26,3,281.9,35,Upi,Online,cancelled,42.93,
508991,804,24,20,6,2024-01-26,2024-01-30,4,4566.82,0,UPI,Online,completed,127.44,
503970,238,64,19,16,2026-02-08,2026-02-14,4,1293.94,15,CARD,Online,completed,127.92,
505183,316,108,6,17,2024-12-10,2024-12-18,6,166.88,25,CASH,Online,Completed,100.32,
503313,825,88808,30,22,2024-04-19,2024-04-27,4,2499.53,30,U.P.I,In-Store,COMPLETED,0,
505134,335,33,24,13,2025-02-20,2025-02-23,2,408.59,0,Net Banking,Online,Completed,46.91,Loyalty discount applied manually
507590,223,115,6,19,2024-03-31,2024-04-01,9,327.87,10,card,Online,Completed,78.83,
506253,328,88,7,16,2025-09-22,2025-10-01,8,735.26,0,Net Banking,In-Store,Compeleted,0,
502578,360,10,9,21,2025-09-13,2025-09-14,8,756.56,20,Debit Card,In-Store,PENDING,0,Urgent delivery requested
509343,457,87,17,8,2024-01-13,2024-01-17,8,1264.55,5,card,Online,PENDING,142.31,Bulk order - verify stock
507714,131,11,18,12,2026-02-24,2026-02-26,4,4769.37,20,Cash,In-Store,CANCELLED ,0,
506532,310,51,22,10,2025-05-15,2025-05-21,8,389.5,5,U.P.I,Online,Compeleted,76.53,Urgent delivery requested
507178,884,97,2,12,2024-09-13,2024-09-19,6,1846.29,30,NetBanking,Online,completed,94.69,Customer requested callback
505024,933,88819,1,12,2025-07-15,2025-07-22,8,797.38,5,card,Online,Cancelled,84.47,
508829,597,65,13,6,2025-12-07,2025-12-12,1,1560.09,20,Cash,Online,cancelled,93.07,
501719,787,23,5,15,2026-02-03,2026-02-05,1,1954.87,20,NEFT,Online,Pending,113.85,
503883,109,124,33,5,2025-03-26,2025-03-31,1,296.73,5,Debit Card,Online,cancelled,138.69,
504537,134,26,1,24,2025-09-14,2025-09-18,2,3218.42,15,CASH,Online,completed,73.4,Urgent delivery requested
508073,667,55,25,6,2026-02-13,2026-02-16,7,1648.97,20,CASH,Online,completed,93.77,
501750,164,66,14,17,2024-09-11,2024-09-20,6,1905.91,25,Cash,In-Store,Canceled,0,
502431,910,6,4,9,2024-05-23,2024-05-26,10,1779.97,5,Credit Card,In-Store,COMPLETED,0,Gift wrap requested
505975,649,107,19,24,2025-05-15,2025-05-19,10,372.71,25,U.P.I,In-Store,Compeleted,0,
504073,478,80,22,15,2026-04-17,2026-04-24,6,1293.55,35,upi,Online,pending,49.09,
504401,566,50,19,17,2025-03-05,2025-03-08,1,277.71,0,Credit Card,Online,Compeleted,99.54,
508320,124,53,21,23,2024-11-21,2024-11-22,7,267.45,20,card,Online,completed,96.75,
505237,934,105,40,8,2025-10-26,2025-11-02,1,454.55,25,CASH,Online,Completed,117.28,Loyalty discount applied manually
504525,274,73,22,4,2026-01-07,2026-01-11,1,1062.93,0,Upi,In-Store,Completed,0,Gift wrap requested
501904,311,58,17,19,2025-11-26,2025-11-30,6,2048.15,25,upi,Online,COMPLETED,55.55,Loyalty discount applied manually
502797,146,10,6,11,2024-11-30,2024-12-09,8,750.38,20,Upi,Online,Retuned,60.68,
508647,744,124,5,10,2024-11-20,2024-11-22,6,287.31,30,Cash,Online,completed,57.25,Customer requested callback
503589,396,2,23,3,2025-03-11,2025-03-14,3,2879.26,15,Net Banking,Online,COMPLETED,76.06,
506268,242,93,22,3,2025-02-13,2025-02-11,2,388.81,10,CASH,Online,completed,93.95,
507796,668,95,4,5,2025-05-24,2025-05-31,9,638.58,10,net banking,Online,Canceled,53.43,Customer requested callback
501141,342,17,25,12,2025-06-25,2025-06-23,7,4235.27,20,UPI,In-Store,Compeleted,0,
508234,53,62,12,19,2025-02-27,2025-03-05,7,842.08,5,U.P.I,Online,Retuned,47.37,Corporate order
504107,836,56,17,12,2024-12-25,2024-12-26,3,915.42,20,card,Online,COMPLETED,84.18,
504187,755,45,36,14,2025-05-29,2025-05-30,8,164.75,10,NEFT,Online,Returned,119.15,
506585,637,45,23,14,2026-05-03,2026-05-10,6,169.1,5,Upi,Online,Compeleted,30.47,
505115,288,120,16,18,2026-01-19,2026-01-20,8,153.82,5,U.P.I,In-Store,Compeleted,0,
508313,305,54,33,10,2024-04-28,2024-05-07,3,334.56,30,NEFT,Online,COMPLETED,90.22,Urgent delivery requested
500831,13,76,25,7,2024-06-24,2024-06-26,4,1775.55,0,Card,Online,Pending,56.44,
507936,594,55,34,11,2026-06-10,2026-06-12,4,1752.97,25,card,Online,Completed,107.6,
509167,237,9,30,18,2025-07-30,2025-07-31,4,1225.84,30,net banking,Online,Returned,62.25,Urgent delivery requested
502976,680,88,6,6,2024-09-07,2024-09-11,3,740.91,0,NEFT,Online,COMPLETED,122,Loyalty discount applied manually
508940,232,15,10,2,2025-11-15,2025-11-24,4,1904.27,20,upi,In-Store,completed,0,
506490,909,34,36,8,2024-07-02,2024-07-06,3,148.61,5,CASH,Online,pending,122.54,
500161,494,116,8,12,2025-05-29,2025-06-02,6,201.61,0,CASH,In-Store,PENDING,0,
507678,817,98,23,3,2024-08-21,2024-08-22,4,2040.28,20,NetBanking,Online,completed,88.81,Corporate order
502950,877,27,10,19,2025-03-27,2025-03-31,5,3773.16,10,U.P.I,In-Store,Completed,0,
508508,171,79,20,17,2024-06-13,2024-06-20,10,1219.83,10,CARD,Online,COMPLETED,61.15,Corporate order
506957,775,77,20,10,2025-10-18,2025-10-23,5,1462.87,25,CASH,Online,COMPLETED,84.76,Corporate order
503319,97,34,26,11,2025-02-17,2025-02-21,2,151.91,45,upi,In-Store,COMPLETED,0,
504086,708,30,2,22,2025-12-27,2026-01-03,6,2804.41,30,Net Banking,In-Store,COMPLETED,0,
507910,598,54,9,22,2025-07-30,2025-08-08,9,321.88,35,NEFT,In-Store,completed,0,Urgent delivery requested
503823,894,11,13,21,2025-12-04,2025-12-05,2,4761.62,15,Cash,In-Store,COMPLETED,0,Gift wrap requested
508443,639,123,2,18,2024-07-14,2024-07-19,2,407.88,20,card,In-Store,Returned,0,
509608,456,21,3,3,2026-02-04,2026-02-13,5,639.13,40,CASH,In-Store,completed,0,
504432,870,62,2,22,2026-04-08,2026-04-13,5,876.48,5,upi,In-Store,completed,0,
505441,623,62,35,10,2025-12-28,2026-01-04,6,900.11,10,Cash,In-Store,completed,0,
506112,942,126,10,2,2025-04-07,2025-04-10,8,599.45,20,Debit Card,In-Store,completed,0,Urgent delivery requested
500941,116,23,2,22,2025-08-15,2025-08-23,4,2082.88,5,upi,Online,COMPLETED,110.2,Bulk order - verify stock
500618,422,11,34,22,2025-11-09,2025-11-18,9,4735.07,15,net banking,Online,returned,74.66,Corporate order
504555,22,94,37,23,2026-04-14,2026-04-21,6,1372.37,10,Credit Card,In-Store,COMPLETED,0,
502649,478,34,36,8,2025-07-31,2025-08-08,5,144.44,15,Cash,Online,completed,96.96,Gift wrap requested
504763,690,26,1,12,2025-08-27,2025-08-31,9,3081.68,20,upi,In-Store,COMPLETED,0,
503372,806,35,11,13,2024-07-25,2024-07-30,1,186.89,0,upi,In-Store,Cancelled,0,
504904,422,41,40,3,2025-12-05,2025-12-11,7,244.75,20,U.P.I,In-Store,completed,0,Gift wrap requested
507034,662,15,27,7,2024-02-09,2024-02-04,7,1906.18,20,cash,In-Store,COMPLETED,0,Gift wrap requested
500364,39,124,36,19,2024-03-26,2024-03-30,5,282.61,0,UPI,Online,Compeleted,109.31,
506451,114,76,17,12,2024-11-05,2024-11-14,5,1788.55,15,NEFT,In-Store,completed,0,
500804,642,56,13,6,2024-08-14,2024-08-19,8,896.91,0,NEFT,Online,completed,96.86,
501774,725,117,9,10,2025-09-25,2025-09-26,8,280.54,5,UPI,Online,completed,88.65,Loyalty discount applied manually
506658,260,41,20,10,2026-03-13,2026-03-19,5,251.77,30,Upi,Online,cancelled,97.94,
503670,432,96,21,3,2024-04-07,2024-04-13,8,1906.97,15,cash,In-Store,completed,0,
505947,65,85,36,9,2026-06-22,2026-06-23,4,890,0,NetBanking,In-Store,CANCELLED ,0,
503950,287,6,28,20,2024-08-08,2024-08-09,6,1632.2,10,U.P.I,Online,Compeleted,104.81,
503148,514,63,11,11,2025-02-22,2025-02-26,5,1198.35,20,Debit Card,In-Store,Completed,0,Urgent delivery requested
504986,586,66,5,20,2024-11-30,2024-12-02,8,1766.52,10,Card,Online,COMPLETED,67.94,Urgent delivery requested
505678,656,45,16,7,2026-02-05,2026-02-08,3,157.33,15,Cash,In-Store,Completed,0,Customer requested callback
501638,202,93,31,10,2024-03-11,2024-03-13,8,384.6,0,CASH,In-Store,completed,0,
501603,182,118,3,24,2024-04-18,2024-04-25,5,464.07,20,Cash,In-Store,Canceled,0,Loyalty discount applied manually
500186,503,38,37,1,2024-03-07,2024-03-13,4,317.62,25,NetBanking,In-Store,completed,0,
509565,51,46,24,1,2024-04-10,2024-04-18,1,324.2,10,card,Online,CANCELLED ,56.47,Gift wrap requested
500586,805,86,5,13,2026-05-12,2026-05-13,5,463.96,30,NEFT,Online,completed,39.73,
505265,885,73,21,3,2025-08-23,2025-08-31,8,1052.36,25,Card,Online,COMPLETED,58.37,Customer requested callback
502943,862,126,8,10,2026-01-17,2026-01-20,6,578.9,25,net banking,In-Store,Compeleted,0,Bulk order - verify stock
505292,530,95,28,18,2026-04-01,2026-04-04,7,670.01,15,Upi,Online,completed,100.78,Gift wrap requested
504857,135,78,27,3,2025-08-24,2025-08-27,9,490.33,10,card,Online,pending,93.08,
501087,254,37,17,9,2025-08-31,2025-09-06,8,206.89,10,Net Banking,Online,completed,108.9,Loyalty discount applied manually
501260,542,73,26,10,2024-05-05,2024-05-06,3,1135.6,10,cash,Online,completed,123.1,
508811,370,50,13,22,2024-01-03,2024-01-08,1,276.46,30,net banking,In-Store,CANCELLED ,0,
507317,569,88,8,5,2025-07-11,2025-07-17,2,731.2,15,cash,Online,Completed,70.12,
509849,393,37,40,13,2025-06-04,2025-06-05,5,208.92,20,U.P.I,In-Store,Compeleted,0,
500331,137,31,36,21,2024-08-20,2024-08-23,8,167.89,15,NEFT,Online,completed,136.75,
506221,820,25,39,23,2024-04-26,2024-05-02,2,1515.89,5,UPI,Online,completed,115.69,
505185,172,28,33,8,2025-09-17,2025-09-20,4,3816.5,50,cash,Online,completed,43.42,Loyalty discount applied manually
508259,63,1,15,5,2024-06-03,2024-06-05,3,2762.78,25,UPI,Online,COMPLETED,132.14,
507455,805,113,37,2,2024-02-27,2024-03-03,6,242.03,30,CASH,Online,Completed,70.95,
507776,941,65,17,24,2024-10-14,2024-10-18,9,1517.52,30,Cash,In-Store,Compeleted,0,
502647,136,54,31,15,2024-10-12,,6,309.21,25,cash,In-Store,COMPLETED,0,Bulk order - verify stock
502748,488,102,36,12,2024-03-08,2024-03-09,2,1048.29,5,CARD,Online,COMPLETED,111.45,Customer requested callback
501060,438,43,37,5,2024-08-14,2024-08-18,5,293.4,25,CASH,In-Store,cancelled,0,
508470,634,73,17,1,2025-03-01,2025-03-03,3,,20,Cash,In-Store,Returned,0,
502639,343,65,39,22,2026-02-17,2026-02-21,7,1554.62,15,Cash,In-Store,Retuned,0,
503236,749,89,37,24,2025-09-13,2025-09-21,6,1842.81,30,net banking,Online,Cancelled,122.79,
504671,604,26,5,7,2024-05-03,2024-05-07,7,3165.19,10,Net Banking,In-Store,Compeleted,0,
500112,,5,40,19,2025-11-24,,3,3465.4,5,Upi,Online,completed,133.05,
500691,929,33,25,15,2025-02-08,2025-02-15,2,394.91,15,NEFT,Online,Cancelled,132.81,
500799,993,34,29,15,2024-08-18,2024-08-23,2,152.78,25,net banking,In-Store,completed,0,
508492,321,16,21,15,2024-04-20,2024-04-24,8,2150.23,0,Debit Card,Online,Completed,109.52,
507230,283,37,26,21,2026-06-04,2026-06-10,4,205.88,15,Debit Card,In-Store,returned,0,
501539,561,72,18,16,2024-08-26,2024-08-30,5,1312.86,5,Cash,Online,Completed,72.47,
502368,471,48,18,10,2024-01-05,2024-01-10,2,129.8,10,CASH,Online,Completed,115.35,
506045,499,28,37,14,2026-02-01,2026-02-02,3,3848.35,15,Net Banking,Online,cancelled,31.44,
509535,550,59,11,19,2025-08-11,2025-08-14,1,1074.13,30,cash,In-Store,completed,0,
505718,358,19,2,22,2025-02-10,2025-02-12,9,2736.97,0,net banking,Online,COMPLETED,129.33,
505456,495,59,23,12,2025-12-20,2025-12-22,2,1045.48,20,NetBanking,Online,Completed,121.05,
501112,999033,90,13,1,2024-01-07,2024-01-11,2,1526.07,20,U.P.I,In-Store,Completed,0,
507826,233,30,4,9,2024-04-28,2024-05-03,4,2811.39,5,Credit Card,Online,pending,139.41,Gift wrap requested
509431,915,10,10,3,2024-02-12,2024-02-18,9,708.19,5,Credit Card,In-Store,Completed,0,
508248,344,39,30,20,2026-03-28,2026-04-06,-1,518.33,20,Card,Online,Compeleted,83.65,Gift wrap requested
501376,228,113,5,24,2026-02-23,2026-02-25,3,233.95,25,Net Banking,Online,completed,133.9,
503873,345,119,29,5,2025-04-15,,10,215.29,0,U.P.I,Online,COMPLETED,70.87,Gift wrap requested
504153,401,2,30,5,2024-05-20,2024-05-26,9,3012.19,20,Cash,Online,Retuned,87.27,
506870,43,32,39,19,2025-04-24,2025-04-26,7,102.73,45,Cash,Online,Canceled,124.2,
509213,883,50,12,4,2024-09-23,2024-09-30,7,279.27,30,Net Banking,In-Store,Compeleted,0,Corporate order
506086,680,7,27,1,2024-03-19,2024-03-21,5,700.16,10,cash,Online,completed,121.91,
504014,173,43,10,8,2024-01-16,2024-01-18,1,,0,CASH,Online,COMPLETED,81.93,Urgent delivery requested
500330,564,15,9,20,2025-09-21,2025-09-22,9,1788.66,5,Debit Card,In-Store,returned,0,
502108,534,116,21,24,2025-09-27,2025-09-28,10,215.24,25,card,In-Store,Retuned,0,
500501,368,106,27,1,2025-08-24,2025-08-27,8,722.78,25,UPI,Online,Retuned,129.98,
500832,951,77,7,14,2024-03-02,2024-03-05,9,1401.95,30,cash,Online,Compeleted,144.56,Corporate order
504269,119,101,21,5,2026-05-23,2026-05-26,10,2250.02,15,Upi,In-Store,Retuned,0,Bulk order - verify stock
500247,602,75,19,3,2025-06-23,2025-07-02,4,1209.72,5,Card,In-Store,Completed,0,
508444,600,83,30,19,2026-03-03,2026-03-06,5,2387.9,10,Credit Card,In-Store,COMPLETED,0,
505743,567,67,8,24,2025-10-01,2025-10-03,10,1121.1,10,cash,Online,Retuned,129.2,
504172,763,8,18,22,2024-01-06,2024-01-13,7,2733.25,5,Upi,In-Store,Compeleted,0,Bulk order - verify stock
500859,872,80,5,17,2024-11-25,2024-12-01,6,1349.96,25,Credit Card,In-Store,Pending,0,Loyalty discount applied manually
506920,569,73,18,22,2025-07-27,2025-07-29,8,1082.71,5,UPI,In-Store,completed,0,Corporate order
502873,928,107,3,10,2025-02-01,2025-02-10,9,387.29,5,upi,In-Store,Compeleted,0,Customer requested callback
509559,249,126,7,7,2025-06-12,2025-06-14,9,595.77,25,Card,Online,COMPLETED,93.96,
509051,199,16,32,15,2025-04-17,2025-04-22,8,2139.88,25,NEFT,Online,Returned,-81.78,Corporate order
504942,196,16,29,3,2025-05-08,2025-05-14,8,1991.23,0,Debit Card,Online,Completed,109.6,Customer requested callback
506029,429,79,13,3,2025-05-26,2025-05-30,8,1241.2,20,Card,In-Store,COMPLETED,0,Loyalty discount applied manually
503942,956,75,1,16,2024-07-11,2024-07-13,6,1233.37,20,UPI,In-Store,completed,0,Bulk order - verify stock
501369,309,52,36,11,2025-09-09,2025-09-11,3,395.33,45,Upi,In-Store,Completed,0,
506503,754,37,3,17,2025-08-22,2025-08-27,7,208.64,10,cash,Online,Retuned,104.3,
508452,847,14,31,7,2025-08-26,2025-08-29,2,5033.91,30,net banking,Online,Completed,72.86,
506917,204,108,19,21,2024-11-02,2024-11-03,8,177.24,40,Cash,In-Store,CANCELLED ,0,Loyalty discount applied manually
508139,282,111,23,2,2024-08-27,2024-08-28,8,631.62,25,Card,Online,COMPLETED,55.03,
503711,896,4,21,17,2026-03-27,2026-03-31,8,4367.23,10,Card,In-Store,Compeleted,0,
506795,382,13,15,13,2025-05-14,2025-05-17,6,4022.63,10,card,Online,COMPLETED,148.77,Corporate order
500010,388,33,13,17,2024-06-22,2024-06-28,1,397.59,20,Card,In-Store,completed,0,Corporate order
500963,433,56,35,1,2024-05-06,2024-05-12,2,884.93,20,cash,Online,Compeleted,89.65,Corporate order
507811,,29,30,8,2026-04-28,2026-05-02,1,2861.84,5,Card,Online,Pending,87.78,Corporate order
507263,159,90,17,6,2024-10-03,2024-10-11,6,1523.06,0,upi,Online,COMPLETED,73.45,
501773,234,12,27,2,2024-01-07,2024-01-14,9,477.61,25,Net Banking,In-Store,COMPLETED,0,
501562,334,13,9,8,2025-12-18,2025-12-25,7,4195.6,15,UPI,Online,PENDING,121.3,
509663,692,6,21,24,2024-06-22,2024-07-01,10,1791.88,30,NEFT,In-Store,Pending,0,
502172,476,116,22,24,2026-01-29,2026-02-03,6,206.33,15,Credit Card,In-Store,Compeleted,0,Loyalty discount applied manually
500671,,110,33,15,2024-08-19,2024-08-27,6,249.4,0,Upi,Online,COMPLETED,130.27,
504976,553,92,26,14,2024-12-27,2024-12-28,3,1788.46,20,Credit Card,Online,completed,116.17,
509244,691,48,5,19,2025-04-07,2025-04-09,3,126.78,0,CARD,Online,COMPLETED,101.15,
509261,816,52,30,8,2026-04-01,2026-04-04,9,383.26,10,CASH,Online,completed,90.62,
506210,322,47,25,10,2025-08-01,2025-08-08,4,119.99,10,U.P.I,In-Store,completed,0,Loyalty discount applied manually
502729,230,2,28,20,2025-08-15,2025-08-24,9,2752.37,20,Credit Card,Online,PENDING,76.13,Loyalty discount applied manually
505081,774,46,15,24,2024-01-16,2024-01-25,5,309.77,0,Upi,Online,Returned,80.12,Gift wrap requested
507608,353,48,26,16,2025-10-14,2025-10-23,6,128.81,25,NetBanking,Online,pending,108.11,
504256,898,25,39,7,2024-05-16,2024-05-22,7,1434.73,5,Credit Card,Online,COMPLETED,111.37,
507855,326,39,6,9,2025-01-14,2025-01-19,9,483.62,15,Credit Card,Online,Completed,66.26,
507092,324,7,6,20,2026-03-12,2026-03-18,7,757.13,10,Credit Card,In-Store,Compeleted,0,Urgent delivery requested
501546,612,22,14,6,2024-03-05,2024-03-13,10,1270.95,10,NEFT,In-Store,cancelled,0,
500529,984,64,5,13,2025-10-07,2025-10-10,10,1322.88,0,Cash,Online,Canceled,123.81,Loyalty discount applied manually
502017,107,105,37,19,2026-02-24,2026-02-27,4,492.91,30,Credit Card,Online,Completed,45.91,
500691,929,33,25,15,2025-02-08,2025-02-15,2,394.91,15,NEFT,Online,Cancelled,132.81,
508552,800,40,20,23,2024-09-05,2024-09-10,1,205.63,5,CASH,In-Store,completed,0,Bulk order - verify stock
505857,510,66,19,22,2024-09-17,2024-09-24,6,1775.68,25,Card,In-Store,PENDING,0,
506032,455,12,20,23,2024-05-07,2024-05-12,8,454.15,5,Cash,In-Store,Completed,0,Gift wrap requested
509476,969,85,7,20,2025-02-21,2025-02-28,5,863.19,10,cash,Online,cancelled,90.14,
508401,52,88,22,12,2024-09-09,2024-09-14,2,749.89,30,UPI,In-Store,completed,0,Corporate order
505435,654,5,15,13,2025-02-09,2025-02-10,4,3408.92,15,CASH,Online,cancelled,47.46,
504092,927,94,18,12,2025-12-26,2025-12-27,2,1309.54,25,cash,Online,COMPLETED,127.73,
501921,629,66,20,16,2025-09-24,2025-10-02,1,1857.06,10,CARD,In-Store,returned,0,
504934,601,125,26,13,2025-02-08,2025-02-14,6,404.11,15,Card,In-Store,COMPLETED,0,
504076,144,121,7,3,2025-01-10,2025-01-11,4,499.39,5,cash,In-Store,CANCELLED ,0,
501701,351,83,19,3,2024-12-11,2024-12-12,10,2438.25,5,Cash,In-Store,completed,0,
501754,32,18,4,20,2025-07-24,2025-07-30,4,899.67,5,Debit Card,Online,Completed,137.21,Gift wrap requested
502407,179,78,21,13,2025-11-21,2025-11-30,10,,10,Cash,In-Store,completed,0,
507581,584,126,6,1,2024-10-20,2024-10-24,2,589.98,5,U.P.I,In-Store,Completed,0,Loyalty discount applied manually
500259,694,16,12,13,2024-07-16,2024-07-22,4,2132.99,15,Cash,Online,completed,32.54,
501415,816,9,3,18,2024-08-09,2024-08-15,7,1248.55,20,Net Banking,Online,Retuned,125.4,Loyalty discount applied manually
501524,944,98,21,23,2024-06-20,2024-06-28,9,1945.2,5,net banking,In-Store,Compeleted,0,
504800,442,85,40,22,2024-04-09,2024-04-14,10,919.37,5,Upi,Online,Completed,88.48,Bulk order - verify stock
502065,898,43,1,19,2026-01-20,2026-01-23,1,303.57,15,card,In-Store,Compeleted,0,
503270,95,1,23,17,2026-05-02,2026-05-03,6,2803.24,10,upi,In-Store,PENDING,0,
505403,781,74,11,15,2024-04-23,2024-05-01,2,1345.03,0,CASH,Online,Compeleted,82.73,
502461,714,71,6,8,2024-08-13,2024-08-19,9,624.04,15,net banking,In-Store,returned,0,
503912,758,110,24,6,2024-02-03,2024-02-05,9,254.44,25,Card,Online,Compeleted,43.26,
503508,151,64,10,15,2024-09-04,2024-09-11,5,1392,15,NEFT,Online,Cancelled,111.58,
505719,554,84,14,21,2024-05-10,2024-05-06,8,726.67,25,UPI,In-Store,completed,0,
503748,154,83,30,14,2026-03-13,2026-03-19,8,2323.24,25,Cash,Online,COMPLETED,144.77,Corporate order
508694,603,12,40,22,2025-02-05,2025-02-14,10,485.09,15,NEFT,Online,Compeleted,116.02,
504761,873,16,3,7,2025-06-15,2025-06-22,2,2178.3,30,net banking,Online,Compeleted,113.81,
500686,890,2,9,16,2025-08-28,2025-08-31,-3,2826.04,15,Upi,In-Store,Compeleted,-42.97,Loyalty discount applied manually
500432,463,37,14,23,2025-11-13,2025-11-14,4,195.97,10,U.P.I,Online,Completed,128.23,
509363,125,42,18,5,2026-03-03,2026-03-07,2,83.23,50,Upi,In-Store,COMPLETED,0,Urgent delivery requested
503534,466,6,32,17,2025-06-30,2025-07-02,4,1665.18,5,NetBanking,In-Store,completed,0,Gift wrap requested
506539,812,92,30,16,2025-10-24,2025-10-29,7,1788.75,20,cash,In-Store,COMPLETED,0,
505268,98,53,23,14,2026-06-06,2026-06-10,10,291.94,20,Card,In-Store,Completed,0,
509324,366,107,34,3,2025-10-23,2025-10-29,7,369.37,20,U.P.I,In-Store,Returned,0,
508566,468,65,38,13,2026-04-01,2026-04-03,8,1598.83,25,card,Online,Completed,51.55,
507879,719,66,18,2,2024-09-25,2024-09-26,3,1785.94,25,CARD,Online,Canceled,102.32,
504175,697,84,35,9,2025-01-21,2025-01-23,3,763.32,20,UPI,In-Store,Retuned,0,
509640,971,25,2,7,2025-03-01,2025-03-08,8,1411.14,10,CARD,In-Store,Compeleted,0,
509138,906,125,24,14,2026-04-27,2026-05-03,5,416.91,5,NEFT,Online,completed,81.08,
502563,955,61,20,11,2025-07-27,2025-08-04,3,1052.81,25,card,Online,Compeleted,123.05,
505002,351,98,18,21,2025-06-14,2025-06-15,2,1921.11,15,cash,Online,pending,86.86,
505622,813,64,14,4,2025-07-21,2025-07-30,4,1359.68,10,CASH,Online,Completed,146.2,
506341,985,41,9,1,2026-03-31,2026-04-05,7,244.78,20,cash,Online,cancelled,146.39,
504601,347,32,18,9,2024-11-21,2024-11-23,2,98.87,5,UPI,In-Store,COMPLETED,0,
506276,531,63,24,8,2025-11-02,2025-11-08,3,1154.25,0,CASH,In-Store,Compeleted,0,Gift wrap requested
505258,895,9,23,10,2025-07-13,2025-07-19,7,1227.27,5,upi,Online,COMPLETED,117.7,
505906,629,102,36,24,2025-09-27,2025-09-30,1,1059.83,5,Upi,In-Store,Compeleted,0,Urgent delivery requested
508875,787,18,30,23,2024-06-09,2024-06-15,2,863.99,0,Credit Card,In-Store,completed,0,
503635,286,13,25,18,2025-05-31,2025-06-08,6,4345.35,15,CASH,In-Store,PENDING,0,
501119,853,88816,8,17,2024-09-25,2024-10-01,6,2559.16,30,net banking,Online,Completed,78.48,
503618,166,74,26,5,2024-06-17,2024-06-20,3,1351.71,30,Net Banking,In-Store,returned,0,
506550,64,106,28,5,2024-03-02,2024-03-03,7,678.32,30,Credit Card,In-Store,Completed,0,
509187,262,70,30,14,2024-10-25,2024-10-26,8,1893.04,5,UPI,Online,Compeleted,71.43,Urgent delivery requested
504275,867,83,14,21,2024-02-04,,7,2334.72,0,UPI,In-Store,Completed,0,
505202,363,83,9,24,2026-02-07,2026-02-15,8,2423.67,25,cash,Online,Completed,82.94,
500602,745,87,24,4,2024-12-18,2024-12-24,8,1277.42,25,card,In-Store,completed,0,
501815,248,116,12,14,2024-11-20,2024-11-27,8,201.83,25,Upi,In-Store,returned,0,
502602,841,55,25,2,2025-05-16,2025-05-18,4,1625.06,30,Debit Card,In-Store,Pending,0,Bulk order - verify stock
509342,602,106,35,12,2024-04-20,2024-04-25,8,,10,upi,Online,Completed,79.71,Customer requested callback
509282,694,42,34,9,2026-01-21,2026-01-23,8,83.75,25,Cash,In-Store,Pending,0,Gift wrap requested
509501,153,110,4,23,2025-11-30,2025-12-09,1,236.32,15,cash,Online,COMPLETED,39.23,Gift wrap requested
505190,798,25,24,2,2024-11-11,2024-11-19,1,1442.51,25,Card,In-Store,Canceled,0,
501061,110,8,37,11,2024-03-21,,3,2662.85,10,Debit Card,In-Store,Pending,0,Bulk order - verify stock
503370,286,54,37,10,2026-05-09,2026-05-17,9,308.25,10,Credit Card,Online,completed,111.47,
508965,,3,20,10,2024-11-11,2024-11-19,3,4551.38,0,Net Banking,Online,Completed,-63.07,
505888,440,104,32,2,2025-06-02,2025-06-10,5,404.24,5,NetBanking,Online,Completed,101.56,Corporate order
504610,7,53,12,18,2024-04-09,2024-04-17,9,271.22,30,Net Banking,Online,COMPLETED,148.04,
502697,127,21,7,12,2024-02-15,2024-02-19,8,657.44,30,CASH,In-Store,PENDING,0,Corporate order
506495,441,113,28,7,2024-10-24,2024-10-26,6,236.7,10,NetBanking,Online,Compeleted,125.15,
507550,640,83,11,12,2024-11-10,2024-11-12,7,2455.13,5,Card,Online,Completed,76.15,Loyalty discount applied manually
506971,384,24,26,9,2024-07-17,2024-07-21,7,4739.48,15,UPI,Online,Canceled,102.43,Gift wrap requested
503045,7,63,15,24,2026-03-10,2026-03-12,1,1207.11,15,cash,In-Store,Cancelled,0,Gift wrap requested
505767,455,15,11,11,2024-04-23,2024-04-26,3,1900.2,10,Credit Card,In-Store,Compeleted,0,
502375,,58,34,8,2024-06-06,2024-06-11,6,1944.75,20,U.P.I,Online,completed,42.35,
502898,490,121,31,17,2024-07-28,2024-08-04,8,535.98,15,NEFT,In-Store,COMPLETED,-87.01,
504263,670,37,26,24,2024-06-03,2024-06-10,5,206.62,10,net banking,In-Store,COMPLETED,0,Loyalty discount applied manually
506117,661,12,1,14,2024-02-15,2024-02-18,1,468.1,25,Cash,Online,COMPLETED,86.65,
501118,500,33,13,15,2026-03-04,2026-03-10,2,407.83,10,upi,Online,COMPLETED,63.85,
503107,836,90,4,2,2025-04-30,2025-05-08,10,1574.58,20,NEFT,Online,returned,79.76,
508358,770,110,40,20,2024-11-02,2024-11-08,8,243.6,20,Credit Card,In-Store,cancelled,0,
502689,861,106,13,1,2025-05-09,2025-05-11,7,661.34,30,card,In-Store,Completed,0,Corporate order
508042,394,43,26,14,2025-07-30,2025-08-03,2,291.35,10,Cash,Online,COMPLETED,42.86,Corporate order
501182,170,59,37,6,2024-12-03,2024-12-11,3,994.48,25,upi,In-Store,completed,0,Gift wrap requested
508921,342,31,8,23,2026-05-03,2026-05-12,1,156.09,10,U.P.I,Online,completed,112.2,
500287,749,56,35,23,2024-08-12,2024-08-18,9,905.35,25,card,In-Store,Returned,0,
509319,121,59,7,2,2024-01-19,2024-01-21,2,1041.82,10,Card,Online,COMPLETED,93.63,Urgent delivery requested
507913,971,80,34,23,2025-02-17,,8,1381.2,5,Upi,In-Store,Completed,0,Loyalty discount applied manually
500748,982,54,9,17,2026-05-07,2026-05-08,5,320.68,40,U.P.I,Online,Completed,85.01,
508446,820,80,27,13,2024-02-05,2024-02-03,5,1423.99,15,card,In-Store,returned,0,Bulk order - verify stock
504274,55,106,26,5,2026-06-16,2026-06-17,6,664.77,0,net banking,In-Store,returned,0,Gift wrap requested
505871,444,70,16,17,2024-01-04,2023-12-31,4,1930.01,15,Net Banking,Online,returned,140.67,
508220,31,19,28,1,2024-08-05,2024-08-07,2,2757.85,10,Cash,In-Store,COMPLETED,0,
502051,329,73,5,10,2025-05-09,2025-05-18,7,1039.23,30,U.P.I,In-Store,Returned,0,
504925,609,83,29,23,2024-07-27,2024-07-30,6,2366.7,15,Credit Card,In-Store,COMPLETED,0,
503320,747,17,17,2,2025-03-26,2025-03-27,7,4161.86,15,NEFT,In-Store,Cancelled,0,Loyalty discount applied manually
502648,698,4,25,15,2025-05-29,2025-06-06,9,4183.64,10,CASH,Online,COMPLETED,130.51,
504380,135,65,34,1,2026-06-03,2026-06-11,2,1520.91,20,CASH,In-Store,Cancelled,0,Customer requested callback
503422,733,8,11,22,2024-05-09,2024-05-14,2,2684.89,0,Card,In-Store,Completed,0,Corporate order
508794,32,107,19,16,2024-04-03,2024-04-09,9,385.71,45,cash,In-Store,completed,0,Gift wrap requested
509291,412,46,1,15,2026-03-02,2026-03-11,9,312.45,5,Credit Card,Online,Cancelled,105.01,Bulk order - verify stock
504353,609,38,32,24,2025-11-20,2025-11-28,9,311.35,15,NEFT,In-Store,COMPLETED,0,Loyalty discount applied manually
501001,651,71,5,18,2024-09-30,2024-10-06,1,576.75,10,CASH,Online,Completed,128.82,Customer requested callback
506412,206,90,2,15,2025-08-06,2025-08-11,4,1489.11,5,Cash,In-Store,returned,0,Gift wrap requested
501806,804,53,12,19,2024-06-12,2024-06-20,7,285.01,5,U.P.I,In-Store,completed,0,Bulk order - verify stock
508519,76,98,8,21,2025-11-29,2025-12-04,3,2034.99,0,Net Banking,In-Store,COMPLETED,0,Customer requested callback
501742,769,98,1,14,2025-01-03,2025-01-05,8,1971.98,5,Debit Card,Online,returned,110.69,Corporate order
502419,690,38,6,22,2025-06-27,2025-07-01,7,315.66,5,card,Online,COMPLETED,49.62,
506407,886,68,10,21,2025-06-25,2025-07-04,3,350.82,25,card,Online,Completed,120.61,
500917,748,51,22,22,2026-05-31,2026-06-07,5,377.67,5,Cash,Online,COMPLETED,29.3,Customer requested callback
504620,309,109,32,10,2026-04-29,2026-05-06,2,508.31,15,NetBanking,Online,Compeleted,105.76,Loyalty discount applied manually
508690,640,8,10,5,2025-03-28,2025-04-01,2,2659.03,5,Upi,Online,COMPLETED,82.64,Bulk order - verify stock
509463,973,28,3,5,2025-07-11,2025-07-14,5,4093.69,25,Cash,Online,Completed,140.93,Gift wrap requested
508154,767,53,28,1,2025-07-26,2025-07-31,5,269.81,30,Cash,Online,Compeleted,61.4,Corporate order
505863,789,102,28,1,2025-12-11,2025-12-14,3,1013.45,10,Cash,In-Store,COMPLETED,0,Gift wrap requested
501861,797,72,8,1,2024-11-29,2024-11-30,9,1225.2,30,Cash,In-Store,COMPLETED,0,
502483,152,1,40,11,2024-01-28,2024-02-03,1,2813.12,25,net banking,Online,Completed,123.39,
501667,494,2,7,4,2025-02-21,2025-02-25,8,2805.02,0,cash,Online,Completed,36.13,Customer requested callback
505957,562,13,6,5,2024-12-17,2024-12-22,8,4385.46,30,Upi,In-Store,Compeleted,0,
507186,13,99,7,4,2024-03-12,2024-03-15,8,993.41,5,net banking,In-Store,COMPLETED,0,Corporate order
509179,690,107,32,21,2026-06-06,,9,357.26,20,Card,In-Store,COMPLETED,0,
506381,915,26,40,22,2024-09-09,2024-09-17,4,3016.57,0,NEFT,Online,completed,69.95,
505881,953,107,3,9,2026-02-03,2026-02-07,9,366.91,5,NEFT,In-Store,completed,0,
501262,754,32,36,23,2024-10-16,2024-10-22,8,106.8,30,Net Banking,Online,Completed,139.35,
502045,394,49,4,10,2024-12-02,2024-12-06,10,181.24,25,Cash,In-Store,COMPLETED,0,
503035,993,14,7,1,2024-08-05,2024-08-08,2,4755.17,10,Cash,In-Store,Compeleted,0,Urgent delivery requested
500645,393,28,23,23,2025-11-06,2025-11-14,5,,45,NEFT,In-Store,Completed,0,Gift wrap requested
509465,575,113,10,13,2024-04-10,2024-04-19,4,235.25,10,Debit Card,Online,cancelled,38.76,Gift wrap requested
505691,206,68,27,19,2025-03-04,2025-03-03,2,375.53,10,CASH,Online,pending,67.62,
506593,997,105,2,21,2024-12-24,2024-12-30,1,,15,Cash,In-Store,Pending,0,
500441,757,59,27,2,2026-05-28,2026-06-02,10,1033.53,10,CASH,In-Store,Pending,0,Loyalty discount applied manually
502913,74,69,12,6,2024-11-06,2024-11-13,8,1031.36,5,NEFT,Online,Pending,119.47,Bulk order - verify stock
509790,271,125,24,2,2026-02-10,2026-02-12,10,380.94,10,upi,In-Store,Completed,0,Urgent delivery requested
503560,520,112,15,14,2025-08-04,2025-08-10,5,579.16,30,Cash,Online,COMPLETED,46.3,Urgent delivery requested
508909,232,63,16,19,2026-06-22,2026-06-23,3,1217.26,10,card,In-Store,Compeleted,0,Bulk order - verify stock
504955,885,61,2,13,2025-09-15,2025-09-17,4,1150.29,0,CARD,In-Store,COMPLETED,0,
509253,139,94,7,20,2026-03-11,2026-03-12,10,1371.88,25,net banking,Online,Completed,104.89,Customer requested callback
507968,345,51,15,15,2025-11-13,2025-11-21,9,390.17,0,Debit Card,Online,Completed,136.66,
507237,847,50,26,4,2024-07-30,2024-08-08,6,287.93,25,Debit Card,Online,Returned,70.57,
507216,142,108,1,2,2026-04-10,2026-04-17,4,167.73,25,upi,Online,completed,78.16,Customer requested callback
508471,2,8,12,4,2025-07-25,2025-08-02,4,2635.05,10,card,Online,Retuned,78.12,Gift wrap requested
505717,697,12,13,23,2026-04-27,2026-04-29,2,472.65,5,net banking,Online,completed,63.39,
504384,99,19,36,10,2025-03-12,2025-03-19,5,2761.74,15,Debit Card,In-Store,returned,0,
502135,786,126,7,12,2026-02-11,2026-02-13,4,608.46,25,CASH,In-Store,Completed,0,
504674,109,27,16,22,2025-09-27,2025-10-04,3,3510.65,30,Debit Card,In-Store,CANCELLED ,0,Gift wrap requested
501301,,125,14,22,2024-04-25,2024-05-02,3,384.75,15,CASH,In-Store,Compeleted,0,Bulk order - verify stock
506783,314,99,29,6,2024-04-26,,6,1002.92,15,Card,In-Store,pending,0,Urgent delivery requested
505103,546,79,25,15,2024-08-30,2024-08-31,9,1143.53,25,Net Banking,Online,Canceled,97.3,Loyalty discount applied manually
509096,1,11,37,15,2025-01-26,,3,4673.62,25,Debit Card,In-Store,COMPLETED,0,Urgent delivery requested
500191,499,36,12,5,2024-01-06,2024-01-13,2,439.86,25,upi,In-Store,COMPLETED,0,
509059,898,47,30,7,2025-02-02,2025-02-03,4,,5,upi,In-Store,completed,0,
505330,35,46,37,16,2025-01-09,2025-01-16,10,315.3,30,Credit Card,In-Store,completed,0,
500381,780,87,27,1,2024-05-12,2024-05-16,10,,0,NetBanking,In-Store,COMPLETED,0,
507990,554,78,29,3,2025-04-05,2025-04-11,2,530.08,15,UPI,In-Store,Completed,0,
500213,287,6,18,22,2026-06-15,2026-06-23,3,1669.29,5,Card,Online,completed,127.65,
508469,344,17,4,8,2024-10-02,2024-10-05,1,4262.76,30,Net Banking,In-Store,completed,0,Bulk order - verify stock
509567,164,102,34,19,2024-08-24,2024-08-31,3,999.85,15,Net Banking,In-Store,Cancelled,0,Urgent delivery requested
506605,507,123,14,16,2025-10-04,2025-10-13,2,428.86,30,CARD,Online,Completed,47.01,Bulk order - verify stock
500131,55,75,9,12,2024-04-19,2024-04-21,8,1219.34,10,cash,In-Store,Completed,0,
502712,1000,88,17,22,2025-07-20,2025-07-24,3,738.67,15,CASH,Online,Completed,120.73,
504171,587,34,23,13,2025-05-10,2025-05-11,5,158.47,20,cash,Online,Compeleted,91.51,
505680,557,21,29,24,2025-09-20,2025-09-25,2,677.22,30,NEFT,Online,Compeleted,131.42,
506568,799,51,5,12,2024-07-30,2024-08-03,3,375.48,25,U.P.I,Online,Completed,52.45,
500982,365,91,21,2,2024-08-20,2024-08-26,3,475.85,30,Credit Card,In-Store,COMPLETED,0,Loyalty discount applied manually
507522,907,27,36,19,2025-07-01,2025-07-10,5,3580.93,0,Upi,Online,cancelled,40.04,
507425,603,109,24,24,2025-04-29,2025-05-02,9,484.29,25,NEFT,In-Store,completed,0,
504770,298,119,9,10,2025-03-05,2025-03-10,1,228.56,20,CASH,In-Store,Pending,0,
507657,450,30,29,13,2024-10-03,2024-10-12,6,2866.82,5,CARD,Online,Compeleted,148.63,
503510,81,12,31,17,2025-04-04,2025-04-12,5,478.68,0,NEFT,In-Store,Compeleted,0,
502230,154,61,1,22,2026-05-25,2026-05-26,10,1138.42,30,cash,In-Store,Completed,0,
500041,940,119,28,12,2026-06-17,2026-06-23,7,222.94,25,UPI,Online,Retuned,51.99,
505029,875,120,31,14,2025-09-26,2025-09-30,5,161.68,10,net banking,Online,returned,66.32,
506627,837,60,34,18,2025-02-17,2025-02-22,4,1565.24,0,Credit Card,Online,Canceled,115.99,
502499,466,6,33,22,2025-02-06,2025-02-03,1,1762.82,15,Cash,In-Store,Completed,0,Customer requested callback
508291,756,44,17,6,2024-04-07,2024-04-11,1,452.58,0,U.P.I,In-Store,completed,0,Customer requested callback
506678,482,11,16,22,2025-11-09,2025-11-17,2,4761.9,25,U.P.I,In-Store,Compeleted,0,Corporate order
507152,810,100,27,23,2026-01-29,2026-02-07,4,514.6,40,card,In-Store,Retuned,0,
503309,916,87,5,4,2026-04-20,2026-04-29,6,1334.87,35,CARD,In-Store,returned,0,Customer requested callback
503140,390,46,33,15,2025-05-24,2025-05-30,1,307.67,30,Cash,Online,cancelled,122.89,
506320,68,21,36,13,2025-08-23,2025-08-28,7,636.23,15,NetBanking,Online,returned,68.95,
509490,365,85,27,3,2025-07-29,2025-07-30,7,922.37,10,CASH,In-Store,returned,0,
500957,429,114,16,9,2024-08-11,2024-08-16,6,200.05,0,CASH,Online,completed,118.5,
509600,121,47,12,6,2026-03-09,2026-03-11,10,116.99,10,Upi,In-Store,Completed,0,Bulk order - verify stock
508272,773,42,9,17,2024-07-20,2024-07-27,2,86.67,30,Card,In-Store,completed,0,
501845,132,44,25,23,2025-12-04,2025-12-09,9,455.81,0,CASH,Online,Retuned,94.37,
506146,498,91,28,21,2024-05-24,2024-05-29,10,501.73,10,Upi,Online,completed,64.41,
507175,960,73,1,5,2025-06-13,2025-06-16,7,1068.07,15,CASH,Online,Compeleted,132.39,Customer requested callback
503916,619,122,15,5,2025-11-29,2025-11-30,8,157.62,20,Upi,Online,COMPLETED,78.13,Gift wrap requested
508562,372,4,33,9,2025-06-17,2025-06-20,2,4259.24,20,cash,Online,Completed,112.43,
501258,525,5,40,13,2026-04-28,2026-05-07,4,3349.43,15,NetBanking,In-Store,Pending,0,
503028,890,44,21,21,2025-08-03,2025-08-04,8,437.14,10,net banking,Online,completed,148.74,
500867,257,2,10,23,2024-08-14,2024-08-20,1,2791.12,25,upi,In-Store,completed,0,
500989,274,65,17,3,2024-03-11,2024-03-14,4,1535.52,10,CASH,In-Store,Returned,0,
509176,785,103,6,16,2024-06-07,2024-06-11,6,626.91,5,Net Banking,Online,PENDING,133.58,
508807,629,65,19,1,2024-04-24,2024-05-03,5,1547.18,10,UPI,In-Store,Completed,0,
502944,227,109,20,16,2025-01-27,2025-01-29,2,497.08,20,NetBanking,Online,completed,98.67,
500106,263,79,24,13,2024-09-27,2024-10-02,3,1209.21,35,CARD,Online,Compeleted,47.1,
500427,12,48,7,19,2024-06-09,2024-06-11,5,137.77,5,CASH,Online,PENDING,141.38,
500412,634,45,16,9,2024-04-07,2024-04-15,3,169.96,30,NetBanking,In-Store,completed,0,
503639,791,108,2,10,2025-10-16,2025-10-14,2,175.81,25,CASH,In-Store,Completed,0,Gift wrap requested
500243,,76,9,14,2024-07-11,2024-07-08,1,1691.36,15,NEFT,Online,Retuned,80.66,
503272,354,45,39,23,2024-04-16,2024-04-24,5,168.72,25,card,Online,COMPLETED,51.61,
501203,472,65,33,22,2025-04-20,2025-04-23,-2,1586.52,20,Credit Card,Online,Compeleted,-61.11,Gift wrap requested
505850,59,32,30,12,2025-05-12,2025-05-16,7,107.06,0,cash,Online,Completed,44.55,
501079,969,49,10,3,2026-01-15,2026-01-16,1,182.1,0,Upi,In-Store,completed,0,
505067,806,18,40,22,2026-05-13,2026-05-17,6,878.45,10,cash,Online,completed,52.45,
501462,513,47,25,6,2024-06-29,2024-07-07,10,116.75,25,net banking,Online,COMPLETED,117.51,Bulk order - verify stock
505809,257,86,17,21,2025-06-30,,1,454.1,5,NetBanking,In-Store,completed,0,Bulk order - verify stock
501553,631,43,37,16,2024-12-30,2025-01-08,10,306.11,15,UPI,Online,completed,123.73,
504204,540,123,37,9,2026-03-18,2026-03-22,8,413.75,0,NEFT,In-Store,cancelled,0,
501051,919,47,26,1,2026-05-10,2026-05-18,6,116.85,15,Debit Card,In-Store,Compeleted,0,
500217,424,79,17,3,2026-03-14,2026-03-23,7,1166.1,0,U.P.I,Online,returned,46.61,
503877,215,104,40,10,2025-06-14,2025-06-19,4,393.63,20,Card,Online,Completed,77.39,Corporate order
504995,995,106,7,14,2025-06-01,2025-06-10,9,664.52,30,NetBanking,Online,CANCELLED ,58.5,
500319,729,124,22,3,2024-08-28,2024-08-31,8,297.12,0,CASH,Online,returned,137.74,
506768,757,104,4,19,2025-01-06,2025-01-10,2,408.51,25,upi,Online,Completed,128.45,Corporate order
502174,,93,36,14,2025-10-23,2025-11-01,1,384.97,0,upi,Online,COMPLETED,43.59,Urgent delivery requested
506312,135,75,19,6,2026-06-26,2026-07-04,7,1230.4,15,cash,Online,Returned,105.68,Customer requested callback
503407,552,95,39,12,2025-06-23,2025-06-27,3,686.06,20,UPI,Online,PENDING,87.32,
502682,443,54,10,18,2026-02-14,2026-02-21,6,328.58,5,UPI,In-Store,Compeleted,0,
505765,197,115,25,10,2024-11-24,2024-12-02,6,331.08,15,Debit Card,Online,COMPLETED,144.6,
500849,91,25,19,14,2026-06-23,2026-06-30,4,,20,U.P.I,Online,cancelled,63.11,
502362,92,12,29,10,2026-01-02,2026-01-10,4,464.07,25,Card,Online,Retuned,73,
504395,32,99,29,23,2024-06-21,2024-06-18,7,954.43,30,net banking,In-Store,completed,0,
501038,611,36,33,4,2025-06-02,2025-06-10,1,441.1,0,NEFT,In-Store,returned,0,
502970,525,64,18,13,2025-09-20,2025-09-23,2,1354.62,30,Debit Card,In-Store,Completed,0,Loyalty discount applied manually
509560,224,91,30,5,2024-10-22,2024-10-24,7,467.56,10,net banking,Online,Completed,109.38,Urgent delivery requested
500869,553,108,39,18,2025-06-25,2025-06-30,1,163.7,20,Upi,Online,completed,123.71,Corporate order
500203,587,85,8,22,2024-08-21,2024-08-26,10,868.98,10,cash,In-Store,Completed,0,
509307,440,55,29,19,2025-12-12,2025-12-14,2,1687.4,30,NetBanking,Online,Compeleted,105.03,Urgent delivery requested
502934,744,69,11,11,2025-02-16,2025-02-19,9,1049.7,30,Cash,Online,PENDING,148.28,
504722,411,19,30,20,2024-09-08,2024-09-11,1,2677.18,20,U.P.I,Online,COMPLETED,118.04,
507713,750,107,35,7,2025-08-13,2025-08-19,8,361.56,45,cash,In-Store,Compeleted,0,
506122,482,77,19,4,2025-01-07,2025-01-09,9,1455.35,30,U.P.I,Online,Compeleted,32.8,Urgent delivery requested
505770,866,110,6,14,2024-12-29,2025-01-06,3,252.84,10,cash,Online,COMPLETED,106.32,
500291,439,4,1,5,2025-01-09,2025-01-14,4,4286.11,25,Debit Card,Online,Retuned,103.94,
507383,595,15,3,7,2026-03-24,2026-03-22,9,1742.33,20,CASH,In-Store,COMPLETED,0,
507561,775,90,14,2,2026-02-10,2026-02-11,4,1520.09,30,CARD,Online,Canceled,77.85,Customer requested callback
503887,,24,25,7,2024-09-09,2024-09-13,8,4643.16,25,UPI,Online,Completed,104.81,
507780,981,109,6,6,2025-06-30,2025-07-05,9,482.93,10,CASH,In-Store,PENDING,0,Loyalty discount applied manually
505927,513,112,2,12,2025-10-30,2025-11-01,8,574.64,20,card,Online,COMPLETED,76.68,Corporate order
505168,706,50,13,4,2026-03-10,2026-03-11,9,292.51,5,NetBanking,In-Store,Completed,0,
502730,709,75,25,1,2024-01-08,2024-01-13,7,1179.36,20,card,Online,COMPLETED,68.13,Urgent delivery requested
509429,7,50,26,21,2025-03-26,2025-03-29,9,281.22,20,upi,Online,Completed,143.77,Gift wrap requested
500539,495,33,7,9,2024-12-24,2024-12-28,6,370.51,10,cash,Online,Retuned,137.65,
505647,176,18,28,1,2024-07-29,2024-07-30,2,862.31,25,Debit Card,In-Store,Retuned,0,Customer requested callback
504046,340,37,36,12,2024-08-12,2024-08-13,7,201.39,30,UPI,In-Store,returned,0,Customer requested callback
500275,748,42,36,3,2024-05-03,2024-05-11,3,84.86,20,Net Banking,Online,Compeleted,94.15,
506987,259,53,40,9,2025-02-01,2025-02-05,7,288.9,20,Upi,In-Store,COMPLETED,0,
502706,517,48,14,8,2024-03-07,2024-03-13,1,128.25,30,Credit Card,In-Store,completed,0,
506090,635,38,2,3,2025-02-02,2025-02-09,5,314.08,25,NetBanking,Online,Compeleted,116.68,
502488,699,20,5,19,2025-11-03,2025-11-07,2,3025.49,30,Cash,Online,Completed,125.65,Loyalty discount applied manually
509467,722,75,10,17,2024-06-05,2024-06-13,4,1180.44,5,Upi,Online,Compeleted,54.68,
504715,883,63,16,24,2026-06-05,2026-06-09,1,1157.72,30,NetBanking,In-Store,Completed,0,Bulk order - verify stock
506335,152,69,4,19,2025-10-20,2025-10-21,4,1031.7,30,U.P.I,Online,completed,33.52,
506695,212,80,12,23,2025-04-11,2025-04-13,4,1327.37,0,Upi,In-Store,COMPLETED,0,
503434,432,28,21,11,2024-05-27,2024-06-02,6,3790.8,10,Debit Card,In-Store,completed,0,Urgent delivery requested
501194,202,27,14,17,2024-10-18,2024-10-26,6,3506.19,5,Card,Online,Retuned,31.56,Bulk order - verify stock
506896,232,114,31,9,2024-04-17,2024-04-22,7,194.55,30,Credit Card,In-Store,returned,0,Corporate order
507248,678,125,14,6,2024-02-28,2024-02-29,4,410.47,5,net banking,Online,COMPLETED,105.02,
500861,449,27,9,19,2025-05-09,,5,3544.23,0,CASH,In-Store,COMPLETED,0,Loyalty discount applied manually
500374,497,9,2,14,2025-12-03,2025-12-06,5,1251.69,30,NEFT,In-Store,Compeleted,0,
506280,118,50,11,2,2024-11-12,,3,298.2,5,upi,In-Store,COMPLETED,0,
505880,234,63,39,9,2024-10-24,2024-11-01,3,1230.67,20,NEFT,Online,CANCELLED ,104.33,
507268,311,43,4,2,2025-09-30,2025-10-07,1,290.2,15,net banking,Online,Completed,102.03,Customer requested callback
500446,248,6,36,5,2025-09-02,2025-09-04,1,1662.17,15,net banking,In-Store,Canceled,0,
505896,296,20,27,8,2025-11-01,2025-10-30,4,2965.78,5,Cash,In-Store,Cancelled,0,
507584,104,20,33,15,2026-06-29,2026-07-03,6,3055.18,30,Debit Card,Online,COMPLETED,64.4,
500002,343,54,34,22,2025-04-06,2025-04-07,5,328.45,10,U.P.I,In-Store,Completed,0,
503849,943,68,13,5,2025-09-21,2025-09-24,2,356.16,5,CASH,In-Store,Retuned,0,Loyalty discount applied manually
507283,289,35,37,18,2025-09-16,2025-09-20,5,189.16,5,Card,In-Store,COMPLETED,0,
507095,420,113,10,22,2026-06-08,2026-06-13,3,225.68,30,Cash,In-Store,Pending,0,Gift wrap requested
508044,698,30,40,14,2024-06-21,2024-06-24,9,2741.16,0,CASH,In-Store,Compeleted,0,Bulk order - verify stock
506106,247,87,2,20,2024-09-04,2024-09-06,8,1298.98,30,CASH,In-Store,Completed,0,
508376,948,125,18,24,2025-07-16,2025-07-11,5,403.33,15,NEFT,Online,completed,145.95,Customer requested callback
503179,716,60,12,2,2024-04-14,2024-04-18,8,1643.57,15,Upi,In-Store,completed,0,
509786,467,79,24,22,2025-01-22,2025-01-29,8,1241.66,25,Cash,Online,completed,116.05,
503094,235,13,36,15,2025-02-18,2025-02-23,8,4121.05,15,NEFT,In-Store,Returned,0,Urgent delivery requested
500360,648,123,9,10,2024-10-21,2024-10-25,8,426.4,10,NEFT,Online,Completed,32.96,Customer requested callback
507971,948,92,13,6,2025-05-24,2025-05-29,2,1742.2,40,cash,Online,Compeleted,56.82,Bulk order - verify stock
501537,899,9,2,15,2024-08-23,2024-08-26,5,1179.11,40,NEFT,Online,completed,146.92,Urgent delivery requested
506287,858,111,28,24,2024-07-01,2024-07-04,3,639.38,0,CASH,Online,Retuned,70.96,
508512,611,109,24,7,2024-05-27,2024-06-02,9,489.01,5,Card,Online,COMPLETED,45.09,
508859,74,119,28,22,2025-06-19,2025-06-24,2,224.99,30,Credit Card,In-Store,pending,0,
502778,301,103,3,24,2024-09-19,2024-09-22,5,637.77,25,upi,In-Store,COMPLETED,0,
503008,254,64,6,18,2025-02-18,2025-02-27,5,1404.88,0,upi,In-Store,completed,0,
509268,23,65,2,11,2024-04-08,2024-04-14,8,1471.62,20,UPI,Online,completed,122.68,
505288,999034,45,13,21,2025-01-03,2025-01-07,7,158.48,20,upi,Online,Completed,80.51,
508230,327,76,39,9,2025-10-14,2025-10-22,8,1723.43,30,UPI,In-Store,Compeleted,0,
509271,506,48,35,1,2024-05-27,2024-06-03,10,128.07,25,Cash,Online,cancelled,102.21,
506669,447,69,40,7,2026-04-13,2026-04-21,4,1095.62,10,upi,Online,COMPLETED,85.17,Loyalty discount applied manually
508020,455,62,22,1,2024-11-22,2024-11-28,4,837.1,10,U.P.I,Online,COMPLETED,127.71,
508378,668,87,9,9,2025-01-02,2025-01-03,6,1333.78,20,U.P.I,Online,pending,140.27,Bulk order - verify stock
500456,125,111,16,3,2025-11-08,2025-11-13,3,648.31,20,Credit Card,Online,COMPLETED,130.23,Bulk order - verify stock
509330,256,54,26,17,2024-07-09,2024-07-15,5,328.45,10,net banking,Online,Completed,77.62,
505605,611,46,17,14,2024-10-05,2024-10-09,10,319.65,10,Upi,In-Store,PENDING,0,Customer requested callback
506948,808,62,24,5,2025-10-18,2025-10-19,5,858,0,Debit Card,Online,Compeleted,53.26,
505248,790,98,25,15,2024-10-09,2024-10-15,8,2078.39,10,NEFT,Online,Retuned,103.06,Urgent delivery requested
507249,706,23,25,16,2024-07-18,2024-07-27,3,1978.93,40,CARD,In-Store,Retuned,0,Corporate order
500368,887,19,12,24,2025-06-29,2025-07-04,6,2642.6,30,CASH,Online,Returned,81.91,Bulk order - verify stock
500613,521,72,5,21,2025-08-19,2025-08-25,3,1240.68,10,Upi,In-Store,Returned,0,Urgent delivery requested
502662,470,62,30,16,2025-08-18,2025-08-22,5,878.2,10,Cash,In-Store,CANCELLED ,0,
504675,240,4,34,16,2026-04-14,2026-04-16,9,4427.49,25,Upi,In-Store,Pending,0,
507753,843,33,23,13,2026-04-18,2026-04-20,4,388.64,10,net banking,Online,Compeleted,110.81,
508268,53,126,15,5,2024-04-19,2024-04-24,9,559.04,10,NEFT,Online,Compeleted,133.85,
505235,692,49,11,10,2025-09-27,2025-10-03,7,186.62,15,Net Banking,In-Store,Returned,0,Customer requested callback
505851,,30,20,8,2024-06-10,2024-06-18,3,2705.11,30,Net Banking,In-Store,completed,0,Customer requested callback
501954,987,37,14,11,2026-02-28,2026-03-06,8,190.5,0,U.P.I,Online,Compeleted,121.81,
503523,739,101,15,4,2025-05-24,2025-05-26,5,2226.82,0,upi,Online,COMPLETED,60.55,Customer requested callback
507520,322,105,7,12,2024-05-25,2024-06-01,10,473.47,20,UPI,Online,PENDING,115.88,Loyalty discount applied manually
508817,998,69,40,14,2026-05-25,2026-05-22,6,1073.9,25,cash,In-Store,completed,0,
505674,999,126,21,5,2024-11-11,2024-11-17,10,590.19,15,Card,Online,cancelled,104.49,Bulk order - verify stock
501827,199,6,3,17,2025-08-15,2025-08-23,4,1751.88,0,Cash,Online,Completed,119.71,
504658,868,69,25,3,2024-08-17,2024-08-20,9,1074.33,25,card,In-Store,Compeleted,0,
504920,928,17,5,22,2025-01-01,2025-01-03,7,4347.77,25,NEFT,Online,Cancelled,147.04,Bulk order - verify stock
505459,665,117,36,1,2025-10-04,2025-10-07,4,284.53,20,Card,Online,COMPLETED,98.95,
504435,608,34,9,19,2026-06-01,2026-06-07,6,155.77,10,net banking,Online,Compeleted,123.72,Urgent delivery requested
502415,979,124,23,19,2026-01-20,2026-01-16,8,288.49,5,Cash,Online,pending,82.09,
505291,454,49,21,19,2025-03-28,2025-04-04,4,173.37,0,upi,Online,completed,79.73,
500018,476,84,20,7,2026-01-05,2026-01-07,7,776.48,10,UPI,In-Store,Compeleted,0,Corporate order
502122,415,13,27,21,2025-07-25,2025-07-31,9,4368.71,25,net banking,In-Store,COMPLETED,0,
501389,639,85,33,2,2026-05-06,2026-05-10,1,927.69,5,NEFT,Online,COMPLETED,71.76,
501269,766,3,19,17,2024-06-07,2024-06-10,6,4605.71,15,NEFT,Online,completed,142.79,
508975,626,69,6,3,2026-03-15,2026-03-16,9,1093.28,20,cash,Online,Completed,114.1,
502404,366,81,20,10,2024-04-11,2024-04-19,5,1831.39,20,card,In-Store,Completed,0,Urgent delivery requested
505304,41,19,39,18,2024-06-16,2024-06-17,2,2566.28,10,upi,In-Store,cancelled,0,
507547,819,87,3,15,2024-04-26,2024-05-03,8,1359.66,10,CASH,Online,Canceled,44.18,Urgent delivery requested
500466,352,2,32,16,2025-01-05,2025-01-06,2,2875.01,0,Net Banking,In-Store,Compeleted,0,
508271,23,52,10,11,2024-08-06,2024-08-14,5,380.72,25,UPI,Online,Compeleted,78.53,Loyalty discount applied manually
505302,611,32,35,23,2025-07-11,2025-07-12,5,98.82,5,Debit Card,Online,Retuned,122.97,
509083,776,101,3,8,2025-10-07,2025-10-08,8,2251.35,5,CARD,Online,Compeleted,41.42,Gift wrap requested
503640,416,126,18,22,2025-05-22,2025-05-23,10,580.86,15,Debit Card,In-Store,completed,0,Customer requested callback
501457,661,62,24,4,2026-04-24,2026-04-19,6,,5,CASH,In-Store,completed,0,
500751,180,7,13,20,2025-10-17,2025-10-22,5,731.08,15,Card,Online,COMPLETED,96.5,Loyalty discount applied manually
507685,367,120,12,11,2024-10-08,2024-10-13,1,159.85,15,card,In-Store,completed,0,Customer requested callback
506969,761,120,29,15,2024-05-23,2024-05-24,5,157.16,0,NEFT,In-Store,Completed,0,
507959,246,48,37,20,2026-06-28,2026-07-01,10,136.17,5,UPI,In-Store,completed,0,
501876,31,88818,26,14,2025-07-08,2025-07-17,6,310.64,0,CASH,In-Store,Compeleted,0,Urgent delivery requested
508854,690,89,28,12,2025-01-15,2025-01-22,7,1815.55,10,Debit Card,Online,Completed,129.55,
504951,722,58,21,16,2025-10-13,2025-10-14,2,1979.83,20,Net Banking,Online,completed,41.33,
505369,7,33,2,23,2025-05-29,2025-06-04,3,404.09,0,Card,In-Store,COMPLETED,0,Bulk order - verify stock
502356,,124,18,17,2025-05-03,2025-05-07,8,288.17,10,NetBanking,In-Store,COMPLETED,0,
506097,,66,2,9,2024-11-26,2024-11-27,9,1858.7,25,NetBanking,In-Store,Returned,0,Loyalty discount applied manually
502500,562,86,20,16,2026-05-29,2026-06-02,2,464.26,25,cash,In-Store,Compeleted,0,Customer requested callback
508934,957,59,29,12,2024-02-14,2024-02-22,5,1034.32,0,Upi,Online,Completed,104.68,
504117,148,49,3,3,2024-12-20,2024-12-28,2,174.39,0,CASH,In-Store,completed,0,
503356,66,107,38,9,2024-07-30,2024-08-01,5,381.2,20,Upi,In-Store,Pending,0,Gift wrap requested
501347,839,18,15,19,2026-05-11,2026-05-19,10,919.28,30,net banking,Online,cancelled,68.24,
500592,737,64,33,7,2024-09-09,2024-09-13,4,1403.75,45,Cash,In-Store,PENDING,0,
500045,957,31,7,5,2024-02-16,2024-02-20,3,163.78,10,cash,In-Store,Completed,0,
503053,571,42,16,2,2026-04-29,2026-04-30,7,82.58,20,Upi,Online,Completed,31.6,
505559,465,113,2,14,2026-06-27,2026-06-29,9,237.85,20,CASH,In-Store,Completed,0,Urgent delivery requested
502444,776,40,16,13,2025-08-01,2025-08-10,5,200.18,15,Cash,Online,Cancelled,59.87,Urgent delivery requested
506733,615,90,8,8,2025-01-01,2025-01-04,3,1554.8,30,NetBanking,Online,Completed,37.52,Bulk order - verify stock
503594,866,46,20,15,2025-08-05,2025-08-09,2,316.14,15,card,Online,COMPLETED,139.28,
501149,256,109,32,21,2025-07-23,2025-07-28,3,513.65,15,Card,Online,PENDING,100.34,Gift wrap requested
500096,348,112,27,16,2025-10-30,2025-11-07,6,528.42,5,Credit Card,Online,COMPLETED,64.54,Bulk order - verify stock
503649,292,24,5,20,2025-08-04,2025-08-09,8,4916.97,5,CARD,In-Store,COMPLETED,0,
501357,447,21,14,21,2025-10-01,2025-10-07,6,673.57,30,NEFT,Online,Completed,104.34,
507453,750,94,17,9,2024-05-19,,5,1281.79,20,Upi,In-Store,Canceled,0,Bulk order - verify stock
507660,61,71,26,2,2026-03-10,2026-03-18,2,601.67,45,U.P.I,In-Store,completed,0,
505401,289,114,26,10,2025-10-05,2025-10-11,4,201.71,30,Card,Online,Compeleted,86.37,
504853,,116,39,18,2024-01-14,2024-01-09,10,203.26,20,Card,Online,completed,137.89,Gift wrap requested
507759,480,27,25,10,2025-07-02,2025-07-03,9,3694.58,30,cash,In-Store,completed,0,Urgent delivery requested
501922,254,33,14,5,2024-06-16,2024-06-19,1,389.37,25,Net Banking,In-Store,Completed,0,Bulk order - verify stock
505410,196,52,18,7,2024-12-31,2024-12-28,3,391.65,15,U.P.I,Online,Compeleted,129.56,
506674,398,6,25,5,2026-02-08,2026-02-10,3,1750.79,45,Upi,In-Store,Completed,-57.83,Corporate order
502109,677,43,16,16,2025-01-22,2025-01-23,3,289.24,20,NEFT,In-Store,completed,0,Urgent delivery requested
502628,30,13,4,13,2026-03-27,2026-04-02,5,4133.35,20,CASH,In-Store,Cancelled,0,Bulk order - verify stock
502791,972,103,17,12,2024-11-13,,5,589.7,25,Credit Card,In-Store,COMPLETED,0,
500820,832,98,30,24,2025-09-29,2025-10-08,4,1937.52,5,upi,Online,completed,107.33,
504508,631,97,12,16,2024-08-29,2024-09-01,9,1849.89,0,Credit Card,In-Store,Compeleted,0,
505874,789,22,26,3,2024-04-22,2024-05-01,10,1333.55,0,net banking,In-Store,Returned,0,Urgent delivery requested
502620,4,71,1,19,2024-12-04,2024-12-08,0,587.75,30,cash,Online,Retuned,84.06,Urgent delivery requested
504188,953,26,13,20,2024-02-19,2024-02-23,3,3261.52,25,U.P.I,In-Store,completed,0,
506242,191,93,17,5,2026-01-20,2026-01-28,9,406.27,30,upi,Online,pending,55.21,Corporate order
503080,9,61,6,10,2024-01-12,2024-01-21,5,1095.88,5,UPI,In-Store,pending,0,Customer requested callback
502411,460,124,34,2,2026-03-12,2026-03-13,2,291.92,5,NetBanking,Online,Compeleted,141.17,Urgent delivery requested
504174,25,23,10,8,2026-01-02,2026-01-07,9,2039.01,25,Upi,In-Store,Completed,0,
507052,440,31,26,22,2024-12-18,2024-12-25,9,,25,upi,Online,Returned,89.06,
501655,365,115,9,6,2024-07-02,2024-07-06,9,346.14,10,card,Online,Compeleted,136.91,
503988,292,15,26,15,2026-02-25,2026-02-28,3,1878.56,20,U.P.I,In-Store,Completed,0,Loyalty discount applied manually
503549,811,35,1,8,2025-06-02,2025-06-08,7,188.98,0,CARD,In-Store,Completed,0,
507679,744,109,16,19,2026-06-26,2026-07-04,8,491.92,25,CASH,Online,Retuned,126.57,Urgent delivery requested
500622,481,112,2,23,2024-11-17,2024-11-25,10,530.98,30,cash,Online,completed,93.29,Corporate order
504216,859,32,6,6,2025-01-13,2025-01-16,6,106.42,25,Upi,In-Store,completed,0,
504595,243,48,26,21,2025-07-03,2025-07-09,1,129.55,5,Cash,Online,COMPLETED,126.89,
504953,633,47,1,3,2024-04-03,2024-04-06,5,117.03,5,Credit Card,In-Store,Completed,0,
508266,834,92,33,14,2025-09-17,2025-09-25,1,1736.93,20,net banking,In-Store,Completed,0,
506137,665,28,27,23,2026-04-28,2026-05-06,4,3781.55,5,NetBanking,In-Store,completed,0,
505178,765,120,34,7,2025-03-22,2025-03-31,6,160.62,5,CARD,Online,Compeleted,144.55,
506993,98,64,19,2,2025-05-21,2025-05-28,4,1365,5,CASH,In-Store,Completed,0,Loyalty discount applied manually
504676,879,17,13,22,2026-06-13,2026-06-17,9,4081.61,30,upi,In-Store,Completed,0,
509728,612,80,24,19,2025-03-31,2025-04-01,6,1405.33,30,UPI,In-Store,Compeleted,0,Gift wrap requested
501228,549,101,12,9,2025-12-31,2026-01-08,7,2256.61,5,CARD,Online,COMPLETED,33,
501041,598,29,14,7,2026-04-02,2026-04-07,9,3033.4,20,cash,Online,Completed,49.3,
508442,356,23,24,7,2024-12-10,2024-12-12,6,1955.06,5,Credit Card,In-Store,Retuned,0,
500445,171,17,37,17,2024-07-11,2024-07-19,4,4107.48,30,NetBanking,In-Store,Returned,0,
505431,670,104,30,1,2026-03-21,2026-03-25,2,398.83,30,CASH,In-Store,COMPLETED,0,Loyalty discount applied manually
505404,382,108,31,5,2026-01-05,2026-01-03,8,173.8,15,NEFT,In-Store,Retuned,0,
502484,891,78,39,15,2024-11-20,2024-11-17,5,540.63,30,cash,Online,Pending,131.37,
503507,293,28,5,13,2024-08-19,2024-08-15,6,3761.09,30,UPI,Online,Compeleted,49.17,Urgent delivery requested
509433,831,79,26,16,2025-02-28,2025-03-01,4,1196.38,5,CASH,In-Store,COMPLETED,0,
505828,218,100,39,7,2025-10-24,2025-11-01,5,504.94,5,NEFT,Online,completed,54.87,
508806,551,105,8,8,2026-02-07,2026-02-12,5,469.74,30,cash,Online,cancelled,113.1,
502343,783,49,28,8,2024-07-14,2024-07-22,1,170.72,20,Net Banking,In-Store,Completed,0,
509298,707,5,22,11,2026-03-14,2026-03-23,2,3435.75,0,net banking,In-Store,Compeleted,0,Corporate order
500852,62,16,17,19,2026-01-01,2026-01-06,7,2111.26,25,card,Online,completed,32.13,Customer requested callback
506203,215,59,4,13,2026-02-09,2026-02-15,8,1009.39,15,Net Banking,In-Store,Completed,0,
509512,428,69,25,7,2025-06-06,2025-06-14,9,1033.33,15,CARD,In-Store,Retuned,0,Urgent delivery requested
507739,761,45,8,6,2026-05-20,2026-05-21,3,164.85,20,UPI,In-Store,completed,0,Loyalty discount applied manually
507195,445,64,7,14,2025-08-08,2025-08-17,3,1293.84,5,net banking,Online,CANCELLED ,119.59,Customer requested callback
503701,487,52,26,18,2025-02-25,2025-02-27,6,360.84,20,CARD,Online,completed,94.86,
503665,953,95,3,1,2026-04-27,2026-04-29,1,695.01,20,Net Banking,In-Store,Completed,0,Urgent delivery requested
508830,342,48,40,8,2024-05-13,2024-05-19,8,126.12,20,card,Online,completed,75.44,Gift wrap requested
503612,659,123,1,12,2025-07-12,2025-07-20,6,412.87,0,NetBanking,In-Store,completed,0,
504982,469,36,34,10,2024-12-31,2025-01-03,1,440.46,10,CARD,In-Store,completed,0,Bulk order - verify stock
504778,431,51,22,17,2026-02-11,2026-02-16,5,371.07,10,Cash,In-Store,PENDING,0,
509184,929,111,33,4,2026-06-29,2026-07-08,4,646.75,5,NEFT,In-Store,COMPLETED,0,
502209,495,111,9,11,2026-03-08,2026-03-06,3,631.19,20,net banking,Online,Compeleted,67.5,
501589,813,75,15,23,2026-05-30,2026-06-03,9,1211.2,5,UPI,In-Store,Retuned,0,Bulk order - verify stock
500696,986,107,24,8,2024-09-30,2024-10-05,9,371.87,25,Debit Card,Online,COMPLETED,104.92,Loyalty discount applied manually
505576,803,52,32,11,2025-03-11,2025-03-13,5,393.51,30,Cash,Online,completed,76.64,Gift wrap requested
503868,43,124,17,6,2025-08-24,2025-09-01,3,283,10,Net Banking,In-Store,Retuned,0,
503044,74,108,19,5,2025-01-05,2025-01-12,8,165.29,10,UPI,Online,Compeleted,87.25,Customer requested callback
507585,389,94,38,20,2026-06-11,2026-06-16,6,1283.93,30,Credit Card,Online,COMPLETED,117.14,Customer requested callback
502990,971,10,34,19,2024-07-17,2024-07-22,8,760.79,25,card,In-Store,Completed,0,
502577,343,65,11,20,2025-02-28,2025-03-09,8,1507.26,15,card,Online,Compeleted,35.85,Customer requested callback
505359,973,111,33,14,2026-03-18,2026-03-19,8,645.65,10,Cash,Online,Compeleted,142.19,
505084,553,102,4,13,2025-12-03,2025-12-09,8,983.01,5,Debit Card,Online,COMPLETED,74.09,Loyalty discount applied manually
501800,875,3,35,19,2025-08-25,2025-09-02,7,4685.46,5,upi,Online,CANCELLED ,59.17,
508162,999016,2,23,1,2025-03-29,2025-03-30,9,2737.48,5,NetBanking,In-Store,returned,0,
508464,999005,53,15,21,2024-06-17,2024-06-24,10,266.97,20,cash,Online,Compeleted,148.62,Corporate order
507300,610,95,25,14,2026-03-18,2026-03-23,4,679.32,0,UPI,Online,Completed,75.68,
502733,828,80,25,19,2026-01-03,2026-01-04,7,1394.03,30,card,Online,Completed,34.79,
507394,928,53,40,7,2024-01-31,2024-02-02,2,267.01,15,net banking,In-Store,COMPLETED,0,
507843,337,101,11,17,2026-02-06,2026-02-13,4,2326.21,5,Debit Card,In-Store,completed,0,
501304,932,120,16,20,2025-08-24,2025-08-31,10,161.8,30,CARD,Online,COMPLETED,33.32,
500741,11,70,30,24,2024-01-13,2024-01-22,10,1887.64,20,NetBanking,Online,completed,56.66,
507038,843,67,7,24,2024-10-03,2024-10-11,3,1088.74,20,UPI,In-Store,Completed,0,Customer requested callback
507842,512,14,21,21,2024-02-05,2024-02-12,10,5035.63,5,Upi,In-Store,Returned,0,Corporate order
502896,506,84,15,14,2025-06-16,2025-06-23,2,757.96,50,CASH,Online,Completed,95.63,
508665,795,70,3,19,2025-05-21,2025-05-24,6,1941.78,25,Net Banking,Online,Completed,110.87,
506027,934,74,35,8,2024-04-15,2024-04-22,3,1341.43,5,UPI,Online,completed,118.33,
500357,43,44,9,9,2024-05-25,2024-05-28,1,440.52,10,cash,Online,Compeleted,129.23,Urgent delivery requested
508982,74,125,11,11,2025-07-31,2025-08-06,5,414.16,5,CASH,Online,Completed,144.12,
503850,713,60,1,9,2025-09-21,2025-09-29,4,1629.12,15,CASH,Online,Retuned,-95.91,
501495,74,13,12,12,2024-11-25,2024-12-02,4,4365.98,30,Net Banking,In-Store,COMPLETED,0,
504636,904,51,36,22,2026-02-22,2026-02-25,5,374.49,0,UPI,In-Store,Returned,0,Gift wrap requested
501043,438,22,11,18,2025-06-14,2025-06-21,9,1367.18,25,Upi,In-Store,Completed,0,Corporate order
501942,556,80,18,5,2024-05-10,2024-05-11,1,1401.4,0,card,Online,Completed,123.03,Urgent delivery requested
503795,385,63,31,17,2024-07-02,2024-07-06,5,1224.99,0,Upi,In-Store,Compeleted,0,
508710,47,37,34,19,2025-06-12,2025-06-19,2,207.91,10,CASH,Online,completed,132.79,Customer requested callback
503286,496,91,23,6,2024-07-30,,9,495.66,20,Cash,In-Store,pending,0,Gift wrap requested
501816,,25,32,13,2024-02-04,2024-02-07,3,1387.75,10,Cash,In-Store,completed,0,Loyalty discount applied manually
505527,294,48,3,11,2024-11-13,2024-11-22,4,130.89,25,CASH,Online,Completed,139.44,
509830,530,24,10,23,2024-02-15,2024-02-22,6,4598.59,20,UPI,In-Store,COMPLETED,0,Corporate order
508535,371,61,29,16,2025-05-20,2025-05-26,9,1065.83,5,upi,Online,COMPLETED,82.1,
504055,177,12,12,21,2024-09-29,2024-10-08,7,472.73,15,UPI,Online,Compeleted,77.67,Bulk order - verify stock
508293,259,116,17,1,2024-11-10,2024-11-16,9,214.44,25,NetBanking,In-Store,COMPLETED,0,
504998,55,81,36,12,2025-04-03,2025-04-02,6,1806.42,25,Debit Card,Online,Returned,143.61,Corporate order
500963,433,56,35,1,2024-05-06,2024-05-12,2,884.93,20,cash,Online,Compeleted,89.65,Corporate order
506793,480,34,38,15,2024-08-29,2024-09-03,6,,15,Card,In-Store,COMPLETED,0,Loyalty discount applied manually
507671,558,81,35,1,2026-04-11,2026-04-19,3,1726.03,15,upi,In-Store,Retuned,0,Loyalty discount applied manually
501656,567,83,13,8,2026-05-07,2026-05-12,2,2371.49,5,NEFT,Online,Completed,78.82,
507891,413,2,18,20,2024-07-23,2024-07-31,4,3003.3,5,Cash,Online,COMPLETED,104,Loyalty discount applied manually
509414,840,49,33,19,2025-04-29,2025-05-05,6,180.14,0,Debit Card,In-Store,completed,0,Bulk order - verify stock
507904,904,61,11,20,2024-01-11,,8,1048.27,10,NEFT,In-Store,completed,0,
505409,10,91,6,16,2025-07-16,2025-07-19,5,478.87,15,UPI,Online,cancelled,85.72,
505407,897,56,40,6,2024-06-24,2024-07-02,3,874.73,10,Credit Card,In-Store,Completed,0,
506892,73,58,22,15,2025-01-19,2025-01-22,2,1944.1,15,Cash,In-Store,Completed,0,Bulk order - verify stock
502064,962,10,33,19,2024-11-07,2024-11-16,2,714.29,40,CARD,In-Store,Compeleted,0,Corporate order
500851,950,103,19,1,2024-10-30,2024-11-05,9,593.93,0,CASH,Online,Completed,127.77,
502196,930,11,5,14,2025-10-31,2025-11-08,8,4750.05,20,Cash,Online,CANCELLED ,80.1,
504049,875,1,34,1,2024-07-07,2024-07-11,6,2921.4,5,NEFT,In-Store,completed,0,Corporate order
503311,783,29,24,2,2026-06-28,2026-06-30,7,2944.61,10,Net Banking,In-Store,Completed,0,
503865,882,23,15,15,2025-05-21,2025-05-28,10,2011.99,20,Cash,In-Store,Compeleted,0,
500302,687,93,25,4,2026-01-23,2026-01-29,8,374.46,25,net banking,Online,Completed,126.6,Loyalty discount applied manually
507622,213,88,23,8,2024-08-29,2024-08-31,6,702.48,0,Card,In-Store,COMPLETED,0,
503765,336,58,24,12,2025-03-13,2025-03-19,7,2021.03,0,CASH,Online,PENDING,103.26,
501997,104,93,35,13,2025-11-24,2025-11-26,8,390.54,10,NEFT,Online,Compeleted,126.14,
507938,550,88,21,23,2026-02-21,2026-02-26,2,742.31,30,Credit Card,In-Store,COMPLETED,0,
508815,737,43,7,17,2025-02-03,2025-02-05,9,299.39,15,UPI,In-Store,Completed,0,Bulk order - verify stock
509283,650,13,16,18,2025-08-15,2025-08-23,1,4167.61,0,UPI,Online,COMPLETED,104.95,Bulk order - verify stock
504198,458,99,33,7,2024-11-12,,5,944.42,10,CASH,Online,COMPLETED,134.59,Bulk order - verify stock
509105,97,100,3,8,2026-05-03,2026-05-10,9,533.24,25,Card,Online,completed,98.11,
509124,7,39,2,17,2025-03-03,2025-03-11,2,503.21,0,Cash,Online,returned,103.51,Customer requested callback
500517,826,72,15,9,2024-08-28,2024-09-02,5,1300.02,25,NetBanking,In-Store,Canceled,0,
507368,777,99,28,10,2024-02-16,2024-02-23,1,1016.53,35,UPI,Online,completed,135.76,Gift wrap requested
504223,623,7,19,11,2026-04-01,2026-04-02,5,699.1,10,NetBanking,In-Store,Completed,0,Urgent delivery requested
506418,861,44,17,7,2026-02-03,2026-02-09,10,433.39,20,NEFT,Online,Compeleted,111.9,
509417,,89,3,8,2024-01-03,2024-01-07,9,1777.6,0,UPI,Online,Retuned,68.57,
507056,352,75,39,3,2024-02-21,2024-02-22,7,1250.41,25,Cash,In-Store,completed,0,Customer requested callback
502773,917,113,20,22,2024-10-25,2024-10-30,9,227.57,15,Cash,In-Store,Completed,0,
508942,130,30,18,8,2025-08-11,2025-08-19,8,2631.45,25,Debit Card,Online,Compeleted,97.98,
500178,778,71,17,4,2024-02-01,2024-01-30,8,592.45,20,UPI,In-Store,CANCELLED ,0,
507869,266,21,31,15,2025-04-18,2025-04-25,1,630.79,30,CASH,In-Store,Compeleted,0,Loyalty discount applied manually
504572,628,84,30,17,2026-01-10,2026-01-19,9,736.11,5,net banking,In-Store,COMPLETED,0,
506222,877,84,10,17,2025-06-17,,4,712.15,20,Credit Card,Online,Completed,31.61,
502557,614,85,10,13,2025-09-01,2025-09-02,4,911.25,30,NEFT,Online,COMPLETED,80.93,Customer requested callback
509673,230,88808,21,8,2024-12-04,2024-12-10,1,764.85,25,net banking,Online,Completed,104.51,Urgent delivery requested
507835,779,95,5,4,2024-12-16,2024-12-23,6,679.64,15,Cash,Online,Compeleted,56.45,
501642,63,108,5,5,2024-09-29,2024-10-04,8,166.51,15,U.P.I,In-Store,Compeleted,0,
501799,164,23,19,22,2024-02-21,2024-02-27,5,2048.77,10,upi,In-Store,completed,0,Urgent delivery requested
504581,132,105,34,5,2024-11-09,2024-11-18,9,465.68,0,CASH,Online,COMPLETED,67.03,
501627,863,110,3,7,2026-04-10,2026-04-16,6,246.77,10,net banking,Online,CANCELLED ,95.66,Urgent delivery requested
507081,45,37,2,1,2025-08-22,2025-08-30,8,205.07,15,U.P.I,In-Store,cancelled,0,Loyalty discount applied manually
504051,63,16,39,21,2025-10-27,2025-10-30,3,2054.44,5,Cash,In-Store,pending,0,Customer requested callback
502811,794,116,34,3,2024-04-16,2024-04-18,3,201.67,15,Net Banking,Online,completed,105.42,Gift wrap requested
500370,,87,26,24,2024-10-09,2024-10-10,9,1319.53,20,NEFT,In-Store,completed,0,Bulk order - verify stock
503013,866,7,5,14,2026-01-29,2026-02-04,2,749.2,25,net banking,Online,Completed,78.02,Bulk order - verify stock
505644,892,66,23,21,2025-06-20,2025-06-28,8,1777.53,30,Cash,In-Store,Completed,0,Customer requested callback
501080,994,91,13,11,2025-11-16,2025-11-21,5,507.86,20,CARD,In-Store,completed,0,
509265,871,125,23,7,2024-08-04,2024-08-11,7,400.03,30,Cash,Online,Retuned,46.66,
504147,442,26,4,7,2025-11-26,2025-12-01,1,3112.95,5,Debit Card,Online,completed,67,Corporate order
500779,979,79,17,11,2025-09-29,2025-10-07,7,1135.15,0,CASH,Online,PENDING,71,Urgent delivery requested
509701,172,124,39,17,2026-04-29,2026-04-30,7,283.63,10,NetBanking,In-Store,completed,0,
503379,886,35,4,4,2025-02-28,2025-03-09,4,185.45,15,Upi,Online,Completed,104.41,
508080,970,19,39,17,2024-08-20,2024-08-23,5,2560.72,15,UPI,In-Store,completed,0,
508803,834,81,35,18,2025-11-04,2025-11-10,6,1860.08,10,Cash,Online,PENDING,29.8,
504097,292,59,27,5,2026-03-05,2026-03-10,4,,0,CASH,In-Store,completed,0,
508118,675,68,36,3,2026-04-19,2026-04-24,10,352.77,0,NetBanking,In-Store,returned,0,Bulk order - verify stock
508840,602,4,5,4,2025-05-21,2025-05-30,1,4332.25,5,Card,Online,Cancelled,52.9,
507670,32,58,35,16,2025-10-20,2025-10-27,8,1930.37,40,CASH,In-Store,COMPLETED,0,
502603,539,100,35,9,2025-05-16,2025-05-23,9,524.39,25,Debit Card,In-Store,Completed,0,
509274,738,95,5,15,2026-05-31,2026-06-06,10,655.88,25,card,Online,returned,111.23,
508167,325,15,23,21,2026-01-08,2026-01-14,10,1864.22,25,NEFT,Online,Completed,134.3,
502180,502,10,18,22,2024-11-02,2024-11-06,4,724.35,10,cash,Online,Compeleted,72.17,Urgent delivery requested
508423,219,70,9,22,2026-06-07,2026-06-10,9,1957.4,5,CASH,Online,COMPLETED,-50.85,
501571,809,123,24,5,2025-07-01,2025-07-10,6,392.74,30,NEFT,In-Store,Retuned,0,
503969,858,79,15,13,2025-05-16,2025-05-20,10,1247.31,10,upi,In-Store,Compeleted,0,Corporate order
500033,678,46,15,6,2024-11-25,2024-11-28,10,333.8,30,CASH,In-Store,COMPLETED,0,Bulk order - verify stock
504608,540,99,39,11,2025-04-26,2025-04-27,6,995.54,10,Net Banking,In-Store,completed,0,
503622,796,12,2,14,2026-06-07,2026-06-11,1,492.31,20,cash,Online,PENDING,128.52,
502056,21,122,38,16,2024-06-03,2024-06-07,2,168.47,10,U.P.I,Online,Completed,102.53,
507440,306,98,25,3,2025-09-07,2025-09-10,6,2026.9,5,Net Banking,Online,returned,104.9,
502919,954,49,18,23,2024-11-08,2024-11-14,4,175.53,30,NEFT,In-Store,returned,0,
505163,374,4,11,4,2024-07-17,2024-07-19,1,4396.75,25,Upi,Online,Compeleted,32.48,Customer requested callback
501161,598,41,37,8,2025-12-01,2025-12-08,6,237.47,25,U.P.I,Online,Compeleted,134.78,Customer requested callback
508451,15,21,11,2,2026-01-11,2026-01-14,1,636.29,0,U.P.I,Online,Completed,44.83,
504182,970,60,33,12,2024-06-13,2024-06-19,7,1686.96,20,CARD,Online,Compeleted,45.84,
509834,533,49,38,19,2025-06-21,2025-06-25,8,182.79,15,net banking,Online,Compeleted,52.87,
506342,378,49,31,17,2026-06-14,2026-06-22,4,174.99,30,UPI,In-Store,COMPLETED,0,
507371,804,54,37,14,2025-12-12,2025-12-17,3,331.52,30,UPI,In-Store,completed,0,
505570,679,100,11,7,2026-05-02,2026-05-11,6,525.94,15,cash,Online,Completed,110.07,Urgent delivery requested
507544,930,96,38,19,2024-11-14,2024-11-22,7,1853.53,15,Debit Card,Online,Completed,98.71,Loyalty discount applied manually
506488,837,96,11,16,2025-08-31,2025-09-05,1,1966.34,20,net banking,In-Store,Completed,0,
505702,687,117,38,19,2024-01-05,2024-01-08,10,272.48,15,Net Banking,Online,Completed,42.71,Urgent delivery requested
503220,605,106,38,3,2025-06-03,2025-06-06,3,680.94,0,Cash,In-Store,Compeleted,0,Urgent delivery requested
501039,616,86,16,12,2024-06-04,2024-06-11,2,439.29,20,Card,Online,COMPLETED,111.96,
507334,881,75,11,23,2025-08-15,2025-08-23,4,1163.82,30,NEFT,In-Store,Cancelled,0,Urgent delivery requested
506843,165,102,17,13,2025-10-24,2025-10-30,9,1055.66,15,Cash,In-Store,pending,0,
506802,41,5,25,18,2025-01-19,2025-01-27,3,3580.23,5,cash,In-Store,Compeleted,0,Corporate order
504521,219,65,19,22,2025-09-13,2025-09-18,2,1557.13,10,U.P.I,In-Store,Compeleted,0,
506604,553,43,15,16,2026-02-07,2026-02-16,8,310.78,25,cash,In-Store,Compeleted,0,
501889,13,90,15,22,2024-09-11,2024-09-12,7,1530.99,0,U.P.I,Online,COMPLETED,111.43,Bulk order - verify stock
508329,49,74,21,13,2026-02-16,2026-02-19,6,1389.63,20,CARD,In-Store,returned,0,Urgent delivery requested
501209,200,80,34,19,2025-12-07,2025-12-10,2,1383.02,5,Debit Card,Online,COMPLETED,62.45,
504249,701,4,4,21,2026-06-19,2026-06-28,6,4046.88,10,Credit Card,In-Store,Canceled,0,
505796,4,60,39,8,2026-05-05,2026-05-12,6,1642.05,0,Net Banking,Online,Pending,72.13,
501378,972,92,18,5,2024-08-18,2024-08-20,1,1755.3,0,NEFT,Online,Compeleted,122.69,
506513,985,115,15,8,2024-03-11,2024-03-13,4,342.65,15,net banking,Online,completed,44.49,Customer requested callback
503971,891,115,19,9,2025-02-16,2025-02-25,5,328.63,0,net banking,In-Store,completed,0,
508095,194,114,25,9,2024-07-10,2024-07-11,10,204.45,0,U.P.I,In-Store,CANCELLED ,0,Corporate order
503070,288,54,1,2,2024-10-25,2024-10-31,7,321.71,30,card,In-Store,COMPLETED,0,
509232,244,36,18,22,2025-12-15,2025-12-22,2,411.74,0,Upi,Online,COMPLETED,96.12,Bulk order - verify stock
504027,123,90,37,15,2025-08-24,2025-08-21,9,1467.23,20,Credit Card,Online,completed,53.54,
500777,226,100,12,8,2026-03-18,2026-03-27,9,491.23,15,Net Banking,In-Store,COMPLETED,0,
504914,637,89,16,8,2025-01-05,2025-01-10,4,1748.81,25,Credit Card,Online,returned,36.71,
504989,636,24,35,17,2024-11-15,2024-11-23,0,4949.78,15,Upi,Online,COMPLETED,61.87,Corporate order
503043,832,55,19,17,2025-03-30,,6,1646.9,0,Cash,Online,COMPLETED,135.08,
507155,389,44,18,11,2025-06-07,2025-06-10,8,441.21,10,Card,In-Store,returned,0,
503057,96,97,12,4,2024-08-22,2024-08-29,9,1710.14,30,CARD,In-Store,pending,0,Loyalty discount applied manually
506427,958,71,13,9,2026-04-07,2026-04-10,8,590.17,5,Upi,Online,Retuned,132.94,
508753,975,8,12,23,2024-05-02,2024-05-11,8,2653.41,5,NetBanking,In-Store,COMPLETED,0,Corporate order
503091,983,35,35,6,2026-06-25,2026-06-27,9,179.59,25,Cash,Online,Retuned,57.82,Loyalty discount applied manually
508458,371,9,37,23,2025-11-20,2025-11-21,2,1160.77,25,Upi,Online,Completed,30.44,
507761,294,65,2,23,2026-01-27,2026-01-28,2,1560.75,30,CASH,In-Store,PENDING,0,
500640,157,50,21,4,2025-02-26,2025-03-06,6,290.14,20,UPI,Online,completed,37.38,Corporate order
509792,332,28,19,17,2024-08-22,2024-08-29,5,4080.32,30,Upi,In-Store,Retuned,0,Corporate order
504977,439,97,35,22,2025-09-07,2025-09-16,4,1788.93,10,cash,Online,COMPLETED,34.59,
502259,,76,2,19,2025-11-04,2025-11-06,2,1731.78,0,cash,In-Store,Compeleted,0,Gift wrap requested
508208,381,50,8,23,2024-11-04,2024-11-09,9,282.31,15,Cash,In-Store,Compeleted,0,
506725,900,37,10,20,2025-01-18,2025-01-22,9,194.46,30,Upi,Online,Pending,42.5,
507377,372,1,1,7,2024-01-19,2024-01-26,9,2822.63,25,Cash,In-Store,pending,0,Bulk order - verify stock
504868,550,81,6,20,2024-11-29,2024-11-30,9,1728,20,cash,In-Store,Returned,0,Urgent delivery requested
500848,946,41,40,17,2024-12-17,2024-12-22,1,231.41,15,Cash,In-Store,returned,0,
501613,130,26,28,20,2025-08-22,2025-08-29,4,3194.25,20,net banking,In-Store,Returned,0,Urgent delivery requested
503105,559,120,10,8,2025-02-24,2025-02-25,10,160.58,15,NEFT,In-Store,completed,0,
508321,540,5,37,7,2026-04-23,2026-04-30,5,3652.2,30,Net Banking,Online,CANCELLED ,129.85,
500271,687,67,38,11,2026-05-09,2026-05-15,4,1060.45,30,Credit Card,Online,Completed,148.6,
508287,948,87,35,13,2025-02-15,2025-02-17,5,1310.54,20,U.P.I,In-Store,returned,0,Urgent delivery requested
508863,750,47,17,20,2026-05-23,2026-05-31,2,115.9,25,NEFT,Online,completed,141.11,
509657,438,66,24,8,2025-02-23,2025-02-24,3,1774.01,0,Credit Card,In-Store,Completed,0,
509810,94,68,33,15,2024-03-24,2024-03-26,5,384.79,20,U.P.I,Online,Completed,100.52,Bulk order - verify stock
507553,855,45,28,20,2024-04-17,2024-04-26,3,162.12,5,U.P.I,Online,Retuned,82.87,Customer requested callback
506715,154,78,16,18,2024-01-31,2024-02-04,5,492.63,15,Cash,In-Store,completed,0,Bulk order - verify stock
502864,626,61,38,2,2025-01-29,2025-02-07,10,1137.08,25,net banking,In-Store,Compeleted,0,
502947,,19,21,16,2024-11-08,2024-11-09,5,2730.01,20,UPI,In-Store,Completed,0,
509196,144,18,32,8,2026-03-15,2026-03-17,6,907.96,15,Upi,Online,Compeleted,34.8,
509193,611,12,21,13,2024-09-03,2024-09-07,2,458.16,15,net banking,Online,Returned,109.9,
501634,475,51,26,17,2026-05-10,2026-05-14,6,368.34,30,Upi,In-Store,Compeleted,0,
506972,267,91,12,15,2025-03-31,2025-04-04,7,485.75,15,CARD,Online,Compeleted,57.85,Customer requested callback
507956,861,83,10,4,2024-04-09,2024-04-10,5,2412.42,15,cash,Online,Completed,39.68,
507955,305,103,18,3,2025-06-09,2025-06-18,7,597.53,10,Net Banking,In-Store,returned,-95.21,
501575,999042,39,4,5,2025-02-01,2025-02-08,1,497.25,20,CASH,Online,COMPLETED,81.21,
503092,342,122,4,1,2024-09-26,2024-09-27,6,164.91,15,net banking,In-Store,Completed,0,
506224,662,73,9,3,2026-04-30,2026-05-06,1,1088.52,20,Upi,Online,Compeleted,135.14,Bulk order - verify stock
503023,744,105,31,6,2026-06-14,2026-06-22,6,468.34,20,Cash,Online,PENDING,112.86,Bulk order - verify stock
504698,234,28,23,20,2024-07-01,2024-07-08,1,3993.33,30,NetBanking,Online,cancelled,132.71,Bulk order - verify stock
500329,815,99,29,14,2024-06-10,2024-06-17,4,1025.45,30,UPI,In-Store,Completed,0,Urgent delivery requested
505629,269,3,6,9,2026-02-02,2026-02-09,8,4383.74,10,Debit Card,In-Store,Returned,0,
500384,28,44,36,12,2026-05-22,2026-05-31,1,418.69,5,net banking,Online,PENDING,67.48,Gift wrap requested
504859,864,12,30,21,2025-04-09,2025-04-13,9,457.02,5,Debit Card,In-Store,COMPLETED,0,
507071,,78,37,16,2025-06-22,2025-06-21,4,507.47,20,U.P.I,Online,Retuned,38.85,Customer requested callback
505016,25,52,22,10,2025-05-29,2025-06-02,6,376.13,0,Net Banking,Online,Compeleted,48.05,Bulk order - verify stock
503394,627,124,9,9,2026-05-03,2026-05-04,3,276.39,30,Net Banking,In-Store,COMPLETED,0,
505630,77,93,31,19,2026-01-02,2026-01-05,7,372.71,5,Credit Card,In-Store,Compeleted,0,
505307,325,63,26,20,2026-02-17,2026-02-25,4,1248.62,15,Net Banking,Online,Returned,89.53,
502168,617,107,17,17,2025-06-02,2025-06-10,6,363.37,30,NEFT,Online,pending,48.19,Customer requested callback
503672,898,54,16,16,2026-05-04,2026-05-08,8,331.84,30,CARD,Online,Canceled,140.56,
507878,183,76,8,12,2025-06-28,2025-06-30,1,1779.03,5,U.P.I,In-Store,COMPLETED,0,
508969,850,51,34,20,2024-08-07,2024-08-08,4,384.94,15,Debit Card,In-Store,Completed,0,
508203,264,120,40,14,2024-10-12,2024-10-21,6,152.36,5,Card,In-Store,Compeleted,0,Bulk order - verify stock
508804,373,25,39,1,2025-10-30,2025-11-06,3,1443.23,0,Cash,In-Store,Cancelled,0,
501029,785,40,11,23,2024-09-13,2024-09-20,9,207.67,20,Card,In-Store,COMPLETED,0,
506831,512,98,29,18,2024-12-05,2024-12-14,5,2054.38,25,Net Banking,Online,completed,79.81,Loyalty discount applied manually
502266,564,18,35,15,2025-07-18,2025-07-19,7,879.46,10,NEFT,In-Store,PENDING,0,
501497,825,74,9,11,2025-11-09,2025-11-13,1,1379.13,25,Cash,Online,COMPLETED,84.83,
500995,802,40,25,24,2025-06-11,2025-06-20,5,203.53,0,Cash,In-Store,Compeleted,0,
501041,598,29,14,7,2026-04-02,2026-04-07,9,3033.4,20,cash,Online,Completed,49.3,
508128,15,37,11,17,2025-10-23,2025-10-25,4,203.33,20,Debit Card,Online,COMPLETED,71.62,Bulk order - verify stock
507923,447,103,27,4,2025-08-17,2025-08-22,1,618.9,5,Credit Card,In-Store,COMPLETED,0,Urgent delivery requested
502927,409,101,13,12,2026-02-28,2026-03-09,3,2294.45,15,card,In-Store,completed,0,Gift wrap requested
502991,530,29,1,5,2025-02-01,2025-02-03,5,2865.43,40,net banking,In-Store,Compeleted,0,Urgent delivery requested
500243,,76,9,14,2024-07-11,2024-07-08,1,1691.36,15,NEFT,Online,Retuned,80.66,
508338,999003,25,39,9,2024-08-28,2024-09-03,6,1405.75,30,cash,Online,Completed,107.3,Customer requested callback
507130,864,84,23,19,2025-05-11,2025-05-17,8,712.94,30,CARD,Online,Pending,73.43,
503006,789,126,6,6,2025-01-26,2025-02-03,7,580.51,25,Debit Card,Online,Compeleted,37.81,Corporate order
504294,622,103,39,17,2025-02-12,2025-02-15,2,607.14,30,Debit Card,In-Store,completed,0,Customer requested callback
503878,866,119,15,12,2024-09-20,2024-09-28,3,222.82,20,CASH,In-Store,Compeleted,0,
502745,94,36,2,6,2025-02-15,2025-02-21,1,,5,NetBanking,In-Store,completed,0,
508094,180,76,40,22,2024-01-13,2024-01-22,3,1731.28,25,Debit Card,Online,COMPLETED,50.11,Bulk order - verify stock
505203,167,11,2,12,2025-12-16,2025-12-24,2,4553.11,25,NetBanking,In-Store,pending,0,Gift wrap requested
502036,300,25,6,5,2024-12-28,2025-01-05,2,1461.84,20,cash,Online,Completed,37.77,
505019,227,96,14,2,2025-12-17,2025-12-22,4,1855,5,net banking,Online,COMPLETED,134.99,Gift wrap requested
502838,184,23,12,23,2025-08-09,2025-08-12,9,2060.76,30,card,In-Store,Compeleted,0,
500699,855,47,18,13,2024-02-14,2024-02-18,8,117.11,30,CASH,In-Store,completed,0,Bulk order - verify stock
504895,66,88,3,8,2025-01-07,2025-01-12,3,764.7,10,Debit Card,In-Store,Completed,0,Corporate order
500784,782,79,3,15,2024-03-04,,5,1172.2,25,U.P.I,Online,completed,39.14,
508778,698,42,23,2,2024-12-19,2024-12-24,2,88.63,15,Net Banking,In-Store,Completed,0,Bulk order - verify stock
509257,456,7,30,8,2025-10-17,2025-10-25,3,741.03,0,Credit Card,In-Store,Returned,0,Gift wrap requested
506321,455,11,10,7,2024-01-31,2024-02-02,7,4749.71,50,card,Online,Completed,85.67,Loyalty discount applied manually
507860,494,57,20,21,2025-02-03,2025-02-08,4,1334.89,15,Debit Card,In-Store,Returned,0,
509371,446,48,5,1,2024-10-13,2024-10-15,8,135.4,30,UPI,In-Store,cancelled,0,Gift wrap requested
502043,678,109,15,10,2026-06-28,2026-06-29,10,507.4,20,CARD,Online,Cancelled,34.85,
506519,568,50,34,8,2025-03-30,2025-04-04,8,300.32,15,cash,In-Store,Compeleted,0,Corporate order
500461,832,21,11,4,2025-10-18,2025-10-19,2,621.99,15,Upi,Online,Completed,136.32,Gift wrap requested
502354,919,92,27,18,2025-10-10,2025-10-18,9,1891.94,5,Cash,Online,Compeleted,137.39,
508414,748,61,4,21,2024-03-09,,5,1057.62,5,NetBanking,In-Store,COMPLETED,0,
501935,200,19,27,10,2026-02-04,2026-02-12,6,2664.57,30,CASH,In-Store,Retuned,0,Urgent delivery requested
500202,688,21,2,3,2025-11-23,2025-11-29,4,617.02,30,Debit Card,Online,Completed,66.22,Customer requested callback
504580,213,96,8,24,2026-03-25,2026-03-30,6,1874.85,10,Cash,Online,Compeleted,115.83,Customer requested callback
507007,629,71,26,16,2025-06-05,2025-06-06,4,593.17,10,CASH,Online,cancelled,75.32,Gift wrap requested
501204,954,72,24,5,2024-08-21,2024-08-29,10,,25,UPI,Online,completed,146.73,
501966,88,59,12,24,2025-10-10,2025-10-12,8,1017.8,25,NEFT,Online,Retuned,55.21,
508599,274,88,22,18,2025-09-23,,1,726.26,30,Card,Online,Compeleted,40.03,
505786,100,51,5,16,2025-04-02,2025-04-07,3,364.02,0,Credit Card,In-Store,COMPLETED,0,
507690,538,39,35,11,2025-04-25,2025-05-04,7,485.5,5,U.P.I,In-Store,completed,0,
504522,7,125,2,19,2026-03-31,2026-04-04,8,402.18,5,UPI,Online,completed,118.84,Urgent delivery requested
501776,795,118,40,10,2024-01-09,2024-01-12,6,441.67,0,Card,In-Store,Compeleted,0,
506823,29,125,10,12,2024-07-23,2024-07-24,4,402.68,0,cash,Online,completed,99.65,Urgent delivery requested
506859,839,18,22,4,2026-01-02,2026-01-10,8,921.06,15,Cash,In-Store,Compeleted,0,
507521,617,37,2,11,2026-01-04,2026-01-08,9,199.68,30,Upi,Online,Compeleted,129.87,
507838,732,80,19,15,2026-06-27,2026-06-28,1,1333.15,5,CASH,Online,cancelled,79.72,Gift wrap requested
506173,260,89,3,3,2025-08-01,2025-08-05,6,1734.73,20,Upi,In-Store,Completed,0,Loyalty discount applied manually
503991,998,43,17,5,2024-07-24,2024-07-25,2,300.45,25,UPI,In-Store,Completed,0,Urgent delivery requested
503438,516,121,28,22,2024-09-18,2024-09-24,2,509.54,10,upi,In-Store,Completed,0,
509704,815,29,3,3,2024-04-27,2024-05-04,3,2882.8,10,CARD,Online,Pending,124.93,
509720,60,115,19,24,2025-11-21,2025-11-25,2,322.86,5,Cash,Online,Compeleted,135.61,Customer requested callback
502861,159,20,9,16,2024-01-30,2024-02-04,1,3057.02,30,Credit Card,Online,PENDING,67.86,Customer requested callback
507933,707,46,4,1,2025-08-15,2025-08-17,3,326.39,5,U.P.I,Online,Compeleted,38.37,
500743,841,6,14,3,2024-12-27,2025-01-02,6,1769.85,30,Card,In-Store,completed,0,
504437,879,28,31,22,2024-11-17,2024-11-26,6,3728.77,5,Card,Online,COMPLETED,87.02,
505346,625,104,7,23,2026-03-26,2026-04-03,6,381.94,20,CASH,In-Store,completed,0,
505826,970,47,6,17,2025-04-24,2025-04-30,9,116.26,10,Debit Card,In-Store,Completed,0,
507471,478,47,3,4,2024-11-04,2024-11-10,8,115.13,5,U.P.I,Online,COMPLETED,146.24,
505799,132,94,1,3,2026-01-28,2026-01-29,1,1303.36,20,card,Online,pending,111.14,Gift wrap requested
509495,360,65,32,16,2024-05-13,2024-05-15,7,1594.89,15,Cash,In-Store,completed,0,
502130,217,87,32,11,2025-10-28,2025-10-30,4,1366.26,5,Credit Card,Online,returned,110.23,Corporate order
505271,957,57,20,16,2024-02-13,2024-02-19,1,1308.65,20,upi,Online,COMPLETED,133.12,
506575,788,26,12,7,2026-05-17,2026-05-22,3,3292.78,5,net banking,Online,completed,76.51,Loyalty discount applied manually
506167,,76,40,15,2025-06-19,2025-06-21,5,1652.28,30,Cash,In-Store,completed,0,
503531,328,59,7,5,2024-10-13,2024-10-19,6,1000.75,30,cash,In-Store,cancelled,0,
509703,171,85,25,10,2026-02-09,2026-02-18,10,917.72,20,Net Banking,Online,pending,56.22,
509761,369,5,24,8,2026-02-18,2026-02-22,7,3352.48,10,NEFT,In-Store,COMPLETED,0,Loyalty discount applied manually
505917,771,112,2,14,2025-07-13,2025-07-14,7,573.33,25,NetBanking,Online,Returned,88.7,Gift wrap requested
503050,428,121,29,4,2024-12-18,2024-12-20,5,520.88,20,cash,In-Store,Cancelled,0,
501698,818,14,5,17,2025-10-16,2025-10-24,9,4845.58,25,CASH,In-Store,Compeleted,0,
508716,402,73,6,7,2026-03-25,2026-04-02,1,1090.58,10,Upi,In-Store,COMPLETED,0,
504632,747,90,36,9,2025-07-04,2025-07-07,6,1523.72,10,card,In-Store,Compeleted,0,Customer requested callback
505627,187,49,22,15,2025-04-25,2025-05-01,1,185.89,10,CARD,Online,Completed,47.15,
505945,502,101,19,1,2024-08-20,2024-08-27,10,2298.62,30,cash,In-Store,Compeleted,0,
505361,537,119,11,3,2024-08-31,2024-09-03,2,221.33,10,card,In-Store,Completed,0,
508887,548,36,31,11,2024-06-01,2024-06-09,5,408.07,10,Debit Card,In-Store,COMPLETED,0,
502329,405,7,40,1,2024-11-22,2024-11-27,6,720.41,20,Cash,In-Store,completed,0,
503715,668,57,29,7,2024-10-31,2024-11-09,7,1319.51,15,Debit Card,In-Store,completed,0,Corporate order
500334,597,60,35,23,2026-06-19,2026-06-20,5,1564.13,5,CASH,Online,cancelled,141.43,
507018,519,13,18,17,2024-07-18,2024-07-22,2,4102.54,25,Debit Card,Online,completed,53.3,
503695,222,83,9,9,2025-02-21,2025-03-01,1,2450.26,20,CASH,In-Store,COMPLETED,0,
503638,927,4,24,17,2024-04-05,2024-04-09,5,4162.18,30,cash,In-Store,Pending,0,Corporate order
507236,804,62,31,20,2024-10-28,2024-11-02,8,885.3,10,cash,In-Store,COMPLETED,0,Customer requested callback
501986,29,97,16,2,2026-01-22,2026-01-31,10,1750.96,20,upi,Online,Compeleted,69.64,
505703,422,88,3,16,2026-06-05,2026-06-06,10,747.32,5,NEFT,In-Store,Completed,0,Urgent delivery requested
509222,734,23,40,18,2025-04-26,2025-05-05,4,2104.28,0,Upi,Online,Compeleted,130.76,
501789,513,64,16,4,2026-06-11,2026-06-19,4,1333.7,20,upi,Online,returned,144.45,Corporate order
509402,352,52,22,7,2026-06-30,2026-07-07,5,362.11,15,UPI,Online,COMPLETED,114.09,Loyalty discount applied manually
503283,636,15,17,2,2026-02-28,2026-03-06,4,1791.66,20,U.P.I,In-Store,Completed,0,Bulk order - verify stock
505831,293,110,38,7,2024-08-20,2024-08-23,10,239.21,10,upi,In-Store,Completed,0,Customer requested callback
500871,,59,25,24,2026-02-09,2026-02-10,4,1043.22,30,Net Banking,Online,Compeleted,71.94,
505642,284,72,6,14,2025-12-25,2026-01-01,1,,5,Upi,In-Store,completed,0,
508659,719,43,11,9,2024-06-17,2024-06-25,4,309.67,20,Card,In-Store,completed,0,
506966,35,79,3,3,2024-06-16,2024-06-25,10,1220.33,10,CASH,In-Store,Completed,0,Gift wrap requested
501760,999005,108,12,23,2026-06-07,2026-06-12,2,167.33,5,upi,In-Store,Completed,0,Urgent delivery requested
508228,,51,26,12,2025-02-27,2025-03-07,1,396.36,30,CARD,In-Store,Compeleted,0,Urgent delivery requested
509713,568,105,22,14,2025-07-14,2025-07-16,3,451.88,0,CARD,In-Store,Compeleted,0,Customer requested callback
500047,441,74,5,23,2026-02-09,2026-02-16,9,1347.87,30,Upi,Online,completed,92.76,Customer requested callback
507689,136,85,13,9,2025-01-31,2025-02-09,5,939.5,30,Debit Card,Online,Compeleted,41.14,
502366,941,89,14,4,2024-05-26,2024-05-28,2,1753.88,10,Net Banking,Online,Compeleted,112.51,Urgent delivery requested
504941,124,126,14,16,2024-11-09,2024-11-10,7,564.4,20,U.P.I,In-Store,CANCELLED ,0,
506533,176,32,35,8,2024-08-11,2024-08-14,10,100.25,10,UPI,Online,Compeleted,127.56,
505894,578,15,16,21,2026-03-23,2026-03-22,2,1739.62,0,CASH,In-Store,PENDING,0,
505314,501,45,23,6,2025-05-14,,2,154.47,25,Upi,In-Store,Returned,0,
502736,808,45,6,2,2024-11-04,2024-11-05,6,164.68,20,CARD,Online,Compeleted,129.76,Urgent delivery requested
504702,479,116,12,2,2024-09-25,2024-09-29,4,209.01,10,CASH,In-Store,Pending,0,Loyalty discount applied manually
500757,604,38,36,17,2025-06-02,2025-06-08,2,298.74,15,upi,Online,Completed,99.79,
503266,256,7,23,10,2026-04-15,2026-04-20,5,725.59,15,UPI,In-Store,Retuned,0,Gift wrap requested
503927,365,26,11,22,2025-03-20,2025-03-24,6,3046.04,5,CASH,Online,Canceled,113.4,Corporate order
504455,963,106,4,17,2024-04-12,2024-04-21,4,717.74,15,Cash,Online,Returned,133.53,
503395,96,46,4,7,2024-04-08,2024-04-11,1,324.5,30,upi,In-Store,Completed,0,Gift wrap requested
508649,684,39,34,7,2025-01-07,2025-01-06,4,474.05,20,Cash,Online,Completed,52.86,Customer requested callback
500436,719,95,4,10,2026-01-20,2026-01-29,2,700.6,30,CASH,Online,Retuned,129.03,Customer requested callback
509418,795,99,37,16,2024-08-27,2024-09-05,6,1033.19,10,card,Online,completed,133.37,
501331,699,10,17,1,2025-01-07,2025-01-15,9,734.56,15,Net Banking,Online,Retuned,103.42,Loyalty discount applied manually
506011,817,76,5,21,2025-02-12,2025-02-18,1,1687.38,5,CASH,In-Store,CANCELLED ,0,Corporate order
502759,274,109,25,10,2025-04-09,2025-04-12,9,506.9,15,CASH,In-Store,returned,0,Bulk order - verify stock
507600,220,94,28,15,2025-05-24,2025-05-25,7,1322.44,20,NetBanking,In-Store,Compeleted,0,Loyalty discount applied manually
506043,580,4,5,2,2026-06-09,2026-06-18,7,4215.07,25,cash,In-Store,Completed,0,
508437,974,41,5,24,2024-08-20,2024-08-21,9,228.99,30,Cash,Online,Completed,64.99,
503542,727,4,32,15,2024-08-11,2024-08-15,8,4285.58,0,NEFT,In-Store,Completed,0,
503341,741,55,38,8,2025-03-10,2025-03-19,7,1651.22,15,Credit Card,Online,completed,95.86,
507655,791,95,34,6,2024-04-23,2024-04-26,3,691.99,0,UPI,In-Store,completed,0,Loyalty discount applied manually
507858,348,120,37,7,2025-04-12,2025-04-19,4,150.84,0,Card,In-Store,Compeleted,0,Customer requested callback
503437,518,122,16,16,2026-01-13,2026-01-22,2,167.34,20,cash,Online,Pending,56.45,Corporate order
506670,838,62,27,19,2025-07-18,2025-07-22,6,880.06,15,NEFT,In-Store,COMPLETED,0,Customer requested callback
508540,368,32,13,23,2025-03-14,2025-03-11,6,101.83,5,CASH,In-Store,PENDING,0,
500299,589,61,8,9,2025-08-09,2025-08-18,2,1137.31,15,CASH,Online,COMPLETED,67.99,Urgent delivery requested
506414,204,89,5,14,2026-04-15,2026-04-23,10,1764.33,0,cash,Online,Retuned,41.24,
508639,982,3,23,8,2024-03-18,2024-03-26,6,4746.98,20,Net Banking,Online,Completed,54.99,Urgent delivery requested
505941,152,34,30,16,2024-03-18,2024-03-24,3,153.18,10,CASH,In-Store,COMPLETED,0,Gift wrap requested
505347,472,59,20,4,2025-12-10,2025-12-19,4,993.81,5,U.P.I,In-Store,Compeleted,0,Customer requested callback
502860,983,44,19,2,2025-03-12,2025-03-14,4,424.44,5,Debit Card,In-Store,Compeleted,0,Gift wrap requested
509315,419,29,8,6,2025-11-23,2025-11-30,7,3059.41,20,Cash,In-Store,COMPLETED,0,
500870,390,122,12,7,2024-02-24,2024-02-28,2,,25,Credit Card,In-Store,Cancelled,0,Gift wrap requested
509316,723,58,24,21,2025-02-17,2025-02-24,9,1939.2,15,Net Banking,In-Store,pending,0,
502566,258,43,19,10,2025-01-23,2025-01-29,6,314.75,50,Card,In-Store,Compeleted,0,
507863,484,32,18,17,2025-05-02,2025-05-05,6,100.49,15,cash,In-Store,Compeleted,0,
503994,752,28,16,9,2025-04-21,2025-04-29,7,4051.31,25,net banking,Online,completed,148.86,
502590,440,33,29,4,2024-06-07,2024-06-15,5,408.22,15,U.P.I,Online,COMPLETED,56.51,
500401,583,18,13,2,2024-08-02,2024-08-03,7,867.48,5,net banking,Online,Pending,83.94,Customer requested callback
507287,803,63,3,7,2024-02-17,2024-02-22,5,1157.62,25,upi,Online,Canceled,145.22,
508447,92,31,12,13,2025-09-15,2025-09-17,10,157.79,5,NetBanking,In-Store,Compeleted,0,Loyalty discount applied manually
501359,722,109,11,17,2024-06-15,2024-06-21,10,511.68,5,NetBanking,In-Store,COMPLETED,0,Gift wrap requested
508319,224,98,26,12,2025-08-15,2025-08-16,9,2022.11,0,net banking,In-Store,Compeleted,0,Customer requested callback
502206,839,123,5,17,2025-05-03,2025-05-11,2,422.3,5,CASH,Online,Canceled,146.59,
504867,725,75,13,12,2025-07-16,2025-07-17,1,1167.68,20,NEFT,In-Store,Compeleted,0,
503786,52,58,15,11,2024-07-11,2024-07-15,5,1935.63,20,NEFT,Online,Completed,79.97,
500682,227,52,24,10,2024-04-05,2024-04-14,2,397.02,15,CARD,Online,Compeleted,29.98,
506486,761,65,26,19,2026-03-27,2026-04-05,3,1478.89,5,NEFT,In-Store,Completed,0,
508805,591,20,31,12,2025-06-17,2025-06-18,4,2992.14,25,Debit Card,In-Store,CANCELLED ,0,
507646,275,101,4,10,2026-01-10,2026-01-15,9,2288.84,10,net banking,Online,Compeleted,72.25,
505712,794,35,13,10,2024-04-09,2024-04-18,4,177.89,10,upi,Online,completed,85.43,Gift wrap requested
506752,243,64,27,2,2024-02-12,,1,1274.45,25,card,Online,Completed,31.02,
500646,329,28,16,19,2025-03-15,2025-03-17,3,3913.95,20,CASH,In-Store,Canceled,0,Corporate order
508792,659,75,38,19,2025-05-23,2025-05-27,6,1265.93,25,card,In-Store,cancelled,0,
507877,19,94,26,18,2025-07-09,2025-07-12,7,1346.51,15,Card,In-Store,COMPLETED,0,Customer requested callback
504593,386,19,13,7,2025-10-02,2025-10-03,7,2764.37,30,UPI,Online,COMPLETED,31.81,
506912,532,71,21,2,2024-12-29,2025-01-06,2,580.78,30,CARD,In-Store,Completed,0,
508209,117,62,35,22,2026-06-14,2026-06-16,10,858.76,5,Credit Card,In-Store,Compeleted,0,Gift wrap requested
509055,221,61,30,6,2024-05-28,2024-05-26,9,1147.09,25,Net Banking,In-Store,Completed,0,Gift wrap requested
504726,935,112,18,18,2025-01-08,2025-01-10,6,540.58,15,upi,Online,Canceled,34.03,Customer requested callback
508929,353,22,3,5,2025-11-27,2025-12-03,8,1359.82,20,Credit Card,In-Store,Completed,0,Gift wrap requested
500327,81,60,27,17,2026-03-11,2026-03-12,5,1566.83,10,upi,Online,Completed,89.15,
505663,415,29,30,23,2026-05-21,2026-05-25,2,2950.3,30,upi,Online,completed,54.23,
501963,64,89,32,6,2026-06-03,2026-06-07,5,1802.04,0,Net Banking,Online,completed,38.34,Corporate order
504882,866,101,28,24,2024-12-09,2024-12-16,2,2284.53,20,net banking,In-Store,pending,0,
507775,511,15,32,4,2024-05-05,2024-05-10,7,1809.01,25,Net Banking,Online,Retuned,125.17,
500639,92,10,39,7,2024-03-06,2024-03-01,6,740.03,20,NetBanking,In-Store,Returned,0,Loyalty discount applied manually
500504,36,88,24,7,2025-01-12,2025-01-19,6,750.72,15,Credit Card,In-Store,completed,0,
502061,83,107,9,15,2025-01-31,2025-02-01,8,392.73,25,net banking,In-Store,cancelled,0,
506155,654,15,20,8,2024-06-09,2024-06-18,8,1792.96,5,Card,In-Store,COMPLETED,0,
508342,124,116,20,10,2024-10-18,2024-10-27,9,215.71,20,card,In-Store,completed,0,Corporate order
508555,180,121,40,16,2025-03-27,2025-04-01,1,523.75,10,NetBanking,In-Store,Canceled,0,Corporate order
506610,725,121,11,12,2024-06-27,2024-06-28,7,510.1,15,Credit Card,Online,completed,49.07,
503578,864,65,5,13,2026-04-24,2026-04-26,1,1468.01,15,cash,Online,Completed,120.38,Gift wrap requested
506523,231,39,11,23,2025-06-26,2025-06-30,2,498.43,5,Credit Card,Online,PENDING,94.69,
500280,602,114,31,23,2025-01-26,2025-01-27,7,188.73,25,upi,Online,completed,66.48,
502985,470,98,35,2,2025-06-29,2025-07-03,10,2051.37,30,card,In-Store,completed,0,
501976,294,34,5,12,2026-04-26,2026-04-29,6,155.26,30,net banking,Online,Returned,57.37,
507357,124,74,2,18,2026-04-01,2026-04-04,4,1280.51,0,net banking,In-Store,Completed,0,Corporate order
507604,367,80,1,10,2026-03-05,2026-03-12,1,1363.96,25,Credit Card,In-Store,Returned,0,
504841,930,19,40,13,2025-01-27,2025-01-31,4,2797.7,10,Upi,Online,Compeleted,96.57,
501929,43,115,7,7,2025-10-24,2025-10-29,1,342.32,30,Upi,Online,returned,108.25,
507265,416,91,9,18,2024-02-03,2024-02-10,4,489.38,25,Credit Card,Online,Returned,143.49,Bulk order - verify stock
502346,756,105,28,3,2024-08-13,2024-08-22,8,492.25,15,UPI,Online,Compeleted,96.96,Bulk order - verify stock
503825,697,31,21,1,2026-03-15,2026-03-16,8,154.1,50,CASH,Online,Compeleted,100.45,Urgent delivery requested
501225,136,64,1,1,2025-07-31,2025-08-08,1,1384.13,25,upi,In-Store,Completed,0,
501350,623,19,26,11,2025-09-20,2025-09-29,7,2586.3,15,net banking,In-Store,completed,0,
503581,434,76,17,7,2024-10-20,2024-10-25,5,1717.39,30,Net Banking,In-Store,Completed,0,
505059,341,58,26,9,2026-03-18,2026-03-27,2,2048.98,15,net banking,In-Store,Returned,0,Gift wrap requested
500590,354,88,29,17,2024-04-04,2024-04-08,1,759.54,5,NEFT,Online,COMPLETED,95.97,
507051,644,21,10,15,2025-07-01,2025-07-06,1,680.53,15,Credit Card,Online,completed,142.71,
502010,974,51,22,1,2025-10-29,2025-11-02,9,380.88,25,net banking,Online,completed,132.83,Urgent delivery requested
507160,261,61,8,18,2025-05-25,2025-06-03,9,1077.65,10,Cash,In-Store,PENDING,0,
507315,245,29,39,1,2024-09-27,2024-09-30,9,2877.64,25,U.P.I,In-Store,Completed,0,Loyalty discount applied manually
505174,157,126,38,20,2024-09-16,2024-09-23,10,591.08,0,net banking,In-Store,cancelled,-70.79,
508557,850,79,35,20,2025-06-23,,1,1204.4,15,Debit Card,In-Store,Retuned,0,Urgent delivery requested
509136,191,5,22,6,2024-11-26,2024-12-05,7,3518.01,15,Credit Card,Online,Cancelled,87.29,Corporate order
501989,985,114,1,1,2026-01-09,2026-01-17,7,194.5,25,Upi,In-Store,Completed,0,Customer requested callback
504110,713,7,16,21,2025-10-29,2025-11-01,8,736.5,25,UPI,Online,completed,121.77,
509365,596,7,10,15,2026-03-22,2026-03-31,5,763.19,20,Cash,Online,completed,92.93,
504588,547,109,16,1,2025-06-01,2025-06-07,8,509.84,0,CASH,Online,Compeleted,82.51,Loyalty discount applied manually
504405,670,109,7,21,2024-12-06,2024-12-08,3,503.88,25,NEFT,In-Store,CANCELLED ,0,
503421,401,9,32,19,2024-06-06,2024-06-11,7,1148.91,25,U.P.I,Online,COMPLETED,145.39,
503412,659,18,39,8,2026-05-17,2026-05-26,6,948.21,5,NetBanking,In-Store,Completed,0,
502619,793,6,6,1,2026-01-12,2026-01-19,6,1733.59,30,cash,In-Store,Completed,0,
508997,632,115,39,13,2025-01-31,2025-02-04,2,337.11,5,CARD,In-Store,COMPLETED,0,
504105,269,122,18,2,2025-02-25,2025-03-04,6,169.29,40,CARD,In-Store,Retuned,0,Corporate order
506308,153,90,35,1,2026-04-15,2026-04-13,6,1577.19,40,NEFT,Online,PENDING,44.62,
509155,995,76,1,15,2024-12-05,2024-12-10,4,1810.24,15,CARD,In-Store,Compeleted,0,Customer requested callback
506398,469,49,20,2,2026-03-13,2026-03-16,3,175.07,5,U.P.I,In-Store,Compeleted,0,
508913,200,43,19,23,2025-03-09,2025-03-17,6,311.12,25,card,Online,COMPLETED,83.61,
507350,959,85,2,7,2024-06-28,2024-06-30,9,943.88,30,upi,Online,Compeleted,124.42,Gift wrap requested
507717,82,88815,30,7,2026-01-19,2026-01-20,2,708.9,15,Cash,Online,Pending,133.23,
506347,616,106,18,20,2025-04-12,2025-04-20,5,716.92,5,NEFT,In-Store,Returned,0,
506410,825,116,3,16,2024-09-13,2024-09-18,3,199.74,20,CASH,Online,pending,90.23,
509656,443,85,13,11,2025-06-05,2025-06-06,7,896.94,15,net banking,In-Store,completed,0,Bulk order - verify stock
508062,426,61,12,14,2025-10-13,2025-10-15,3,1147.15,5,NetBanking,Online,completed,94.44,Gift wrap requested
501158,795,38,5,5,2025-02-05,2025-02-07,9,316,25,U.P.I,Online,COMPLETED,139.68,
506536,990,71,26,22,2024-08-12,2024-08-13,8,,0,card,In-Store,returned,0,
504369,975,124,10,4,2025-07-16,2025-07-22,9,278.23,10,upi,In-Store,Compeleted,0,
504404,902,77,5,20,2025-05-12,2025-05-20,2,1506.49,0,net banking,Online,Completed,43.4,
507909,624,93,17,16,2025-09-16,2025-09-18,8,396.69,10,Net Banking,In-Store,returned,0,Corporate order
506064,418,54,8,5,2025-02-07,2025-02-16,5,309.64,30,Cash,In-Store,Compeleted,0,Corporate order
502299,391,91,16,10,2025-03-28,2025-04-06,4,469.85,30,Cash,Online,Completed,69.34,
506724,326,34,3,20,2024-02-01,2024-02-02,6,150.47,20,cash,Online,Completed,97.48,
502798,900,49,5,17,2024-03-15,2024-03-21,8,178.88,15,Debit Card,Online,cancelled,105.83,
506126,224,77,3,14,2024-03-16,2024-03-25,4,1389.33,5,cash,In-Store,completed,0,Gift wrap requested
502420,184,26,20,22,2026-06-09,2026-06-07,5,3123.91,5,NEFT,Online,cancelled,114.16,
505424,568,1,36,19,2025-01-11,2025-01-18,4,2708.97,15,CASH,Online,Cancelled,46.61,Loyalty discount applied manually
503530,641,123,32,3,2024-02-03,2024-02-08,10,404.27,25,NEFT,In-Store,completed,0,Urgent delivery requested
503938,396,79,32,3,2026-04-20,2026-04-26,3,1218.15,20,Net Banking,Online,Cancelled,147.1,Urgent delivery requested
502621,183,26,33,4,2024-02-01,2024-02-07,10,3237.81,30,NEFT,In-Store,Completed,0,
505830,206,20,19,9,2025-09-22,2025-09-29,5,2943.99,5,UPI,In-Store,Completed,0,
506499,169,82,6,23,2026-05-12,2026-05-20,5,540.19,0,card,Online,Compeleted,138.94,
503905,611,80,18,15,2025-07-12,2025-07-19,4,1392.74,25,Cash,In-Store,Compeleted,0,
509747,394,29,20,9,2024-01-28,2024-01-29,5,2962.44,15,CASH,Online,Pending,145.94,Bulk order - verify stock
507819,620,30,17,4,2024-12-23,2024-12-25,2,2729.97,45,CARD,Online,completed,105.41,Customer requested callback
503943,765,44,32,19,2025-01-27,2025-01-30,10,452.83,10,NEFT,Online,Compeleted,35.52,
507468,448,55,22,17,2024-01-10,2024-01-14,9,1624.12,30,card,Online,COMPLETED,148.38,
504485,985,38,34,2,2025-03-18,2025-03-24,3,310.18,5,NEFT,In-Store,Completed,0,
501522,592,87,29,19,2024-08-11,,5,1380.01,15,upi,In-Store,Compeleted,0,Gift wrap requested
507720,911,93,35,1,2024-01-09,2024-01-16,6,395.6,15,upi,Online,Compeleted,99.44,
505651,151,50,9,3,2024-07-24,2024-07-29,6,301.78,15,Upi,Online,completed,40.67,
506830,334,15,13,19,2025-03-02,2025-03-11,5,1784.93,5,card,In-Store,Completed,0,Urgent delivery requested
503657,,35,1,13,2024-05-24,2024-05-29,1,191.91,0,Credit Card,Online,Pending,50.4,
507932,837,61,15,12,2025-03-12,2025-03-17,1,1096.71,30,card,Online,Compeleted,145.35,Gift wrap requested
502260,134,44,17,16,2025-01-14,2025-01-21,2,428.88,0,Cash,Online,COMPLETED,82.1,
509016,787,63,18,9,2024-07-26,2024-07-29,3,1156.8,30,Upi,In-Store,cancelled,0,
509026,476,64,28,9,2026-01-17,2026-01-21,1,1361.96,40,upi,Online,COMPLETED,132.6,
506003,728,85,19,10,2025-12-15,2025-12-21,9,915.23,25,U.P.I,Online,returned,36.06,
501452,828,43,28,21,2025-12-29,2026-01-03,8,296.77,25,card,Online,Cancelled,140.51,
505477,517,16,28,4,2024-10-02,2024-10-10,-3,2056.92,0,Cash,Online,completed,103.77,
508506,266,34,37,19,2025-03-29,2025-03-30,3,149.21,10,U.P.I,Online,completed,84.75,
503325,601,43,21,16,2024-10-23,2024-10-31,7,297.41,40,cash,Online,Completed,137.92,Loyalty discount applied manually
507180,907,15,39,2,2024-05-24,2024-05-26,2,1831.34,0,NEFT,In-Store,Canceled,0,Gift wrap requested
505645,478,78,36,24,2025-03-08,2025-03-06,5,516.68,5,Net Banking,Online,Cancelled,120.19,
501678,60,98,20,3,2026-01-27,2026-01-29,10,1965.15,10,Upi,Online,PENDING,146.46,Customer requested callback
504771,909,103,13,3,2025-09-22,2025-09-23,3,634.42,10,NEFT,Online,completed,123.55,Corporate order
501129,230,125,20,6,2025-06-19,2025-06-25,8,388.33,20,CASH,In-Store,Compeleted,0,
505493,871,80,30,3,2024-11-24,2024-11-25,10,1336.85,30,Upi,In-Store,Retuned,0,
500970,510,9,7,1,2024-01-31,2024-02-08,1,1222.58,25,Credit Card,Online,completed,94.92,
504946,607,36,15,12,2024-12-15,2024-12-21,3,440.23,20,upi,In-Store,pending,0,Loyalty discount applied manually
506841,371,46,32,9,2024-02-23,2024-03-01,2,,15,U.P.I,Online,completed,76.85,Bulk order - verify stock
500801,320,82,4,21,2026-06-08,2026-06-11,9,519.23,25,card,Online,Canceled,124.74,
506689,320,27,36,3,2024-10-31,2024-11-09,7,3842.25,5,Cash,In-Store,Returned,0,
506984,742,23,38,24,2025-01-28,2025-02-01,5,1952.72,30,cash,Online,Returned,98.65,Urgent delivery requested
503020,294,69,5,24,2025-10-27,2025-11-03,5,1072.06,10,CASH,In-Store,Completed,0,
501456,987,100,36,23,2026-03-23,2026-03-29,10,485.9,25,Card,Online,returned,61.61,
507711,574,113,36,5,2026-04-18,2026-04-25,7,242.3,0,CASH,Online,completed,32.37,
502544,529,78,1,16,2025-03-03,2025-03-07,4,515.6,30,net banking,In-Store,pending,0,
505461,251,60,3,2,2024-09-29,2024-10-04,9,1541.28,30,Credit Card,Online,Cancelled,64.8,Corporate order
508261,873,72,6,15,2026-06-25,2026-07-02,3,1331.68,5,CASH,In-Store,Completed,0,
501946,137,96,39,11,2025-06-21,2025-06-24,8,1881.07,30,card,Online,PENDING,48.38,Customer requested callback
507508,707,11,29,7,2024-03-17,2024-03-20,2,4448.09,5,card,Online,completed,-59.43,
501879,764,79,24,7,2025-01-30,2025-02-02,1,1242.08,5,net banking,In-Store,completed,0,
508762,952,86,10,1,2026-02-19,2026-02-25,3,480.05,0,card,In-Store,Returned,0,Customer requested callback
505264,149,60,4,4,2025-11-24,2025-12-01,7,1593.73,25,NetBanking,Online,Pending,136.76,
506858,129,40,39,5,2024-10-21,2024-10-25,7,204.37,20,CASH,In-Store,completed,0,
506753,524,40,38,1,2025-10-31,2025-11-04,1,195.91,25,Credit Card,Online,Cancelled,29.68,
508729,212,111,35,20,2026-04-05,2026-04-14,6,650.12,20,UPI,In-Store,completed,0,
503244,380,64,6,18,2026-03-13,2026-03-14,3,1375.55,10,NEFT,In-Store,Canceled,0,Gift wrap requested
507296,207,89,7,11,2024-06-07,2024-06-11,7,1836.62,20,cash,Online,Pending,54.89,Urgent delivery requested
502709,101,13,1,6,2024-03-30,2024-04-06,10,4351.37,25,NEFT,Online,COMPLETED,67.67,Bulk order - verify stock
500089,297,75,11,4,2024-02-28,2024-03-08,1,1237.34,20,U.P.I,Online,Compeleted,61.27,
507246,310,49,17,19,2026-05-04,2026-05-12,6,175.38,25,U.P.I,In-Store,Returned,0,
505619,23,70,3,2,2025-12-29,2025-12-31,3,1840.92,25,card,In-Store,Completed,0,
507209,925,60,36,21,2024-08-15,2024-08-21,6,1595.24,5,upi,Online,Completed,63.41,
505086,42,126,23,17,2026-06-18,2026-06-24,9,592.32,20,U.P.I,In-Store,COMPLETED,0,Urgent delivery requested
509440,763,62,1,2,2024-09-21,2024-09-23,9,844.62,10,card,In-Store,Completed,0,Corporate order
503613,237,24,5,3,2026-04-02,2026-04-09,6,4820.37,10,Debit Card,In-Store,Completed,0,
500720,394,49,27,3,2024-12-30,2024-12-31,5,172.77,15,Cash,Online,COMPLETED,75.07,Loyalty discount applied manually
501364,537,39,35,7,2024-03-23,2024-03-25,3,492.46,10,NetBanking,In-Store,Completed,0,
504782,627,62,13,1,2025-07-28,2025-08-04,2,895.95,5,Debit Card,Online,Returned,121.49,
506022,372,35,4,21,2025-07-12,2025-07-13,5,182.07,5,UPI,In-Store,Compeleted,0,
508110,402,68,20,3,2024-07-10,2024-07-14,2,361.75,15,UPI,Online,Compeleted,46.15,Loyalty discount applied manually
502837,502,7,16,22,2025-05-20,2025-05-29,9,724.67,5,cash,In-Store,Compeleted,0,Gift wrap requested
500909,85,27,15,3,2024-10-29,2024-10-31,4,3773.13,15,Debit Card,In-Store,COMPLETED,0,
501569,626,60,40,21,2024-11-14,2024-11-20,10,1584.94,25,UPI,Online,COMPLETED,51.51,
502969,613,1,14,23,2026-03-31,2026-04-02,5,2850.47,20,net banking,In-Store,Completed,0,Gift wrap requested
500611,767,8,3,7,2024-03-30,2024-04-06,5,2598.76,20,net banking,Online,Completed,146.84,
505967,233,104,14,21,2025-03-13,2025-03-20,5,387.07,20,CARD,Online,Pending,134.27,
500390,740,32,16,8,2024-05-07,2024-05-14,-3,98.25,20,UPI,Online,PENDING,70.08,
508902,403,102,35,5,2025-03-29,2025-03-31,1,985.42,5,card,Online,COMPLETED,135.68,Loyalty discount applied manually
509426,933,88808,8,23,2024-01-19,2024-01-23,10,244.18,5,Cash,Online,Compeleted,65.07,Corporate order
504359,105,30,6,6,2024-11-29,2024-12-07,7,2641.14,0,Cash,In-Store,Completed,0,
506516,835,3,38,4,2024-08-05,2024-08-06,3,4471.53,30,Debit Card,Online,Compeleted,60.64,
502666,446,32,28,15,2025-12-15,2025-12-21,5,105.49,0,Cash,Online,Completed,113.9,Loyalty discount applied manually
505116,360,78,6,23,2024-01-07,2024-01-13,6,522.68,10,upi,In-Store,Returned,0,
507588,337,14,10,8,2024-07-08,2024-07-14,6,4738.01,30,Debit Card,In-Store,returned,-97.19,
503084,756,77,6,7,2026-05-14,2026-05-21,10,1386.69,15,Card,Online,Compeleted,139.4,
500676,937,8,38,15,2025-06-07,2025-06-08,6,2711.31,5,Card,Online,completed,103.7,Customer requested callback
508316,619,121,11,15,2024-07-06,2024-07-09,4,528.99,25,Cash,In-Store,CANCELLED ,0,
506979,999019,120,39,22,2024-11-23,2024-11-30,3,155.95,5,Cash,Online,completed,141.57,Customer requested callback
500981,207,98,14,8,2024-04-18,2024-04-25,3,1922.21,25,Net Banking,In-Store,Completed,0,Urgent delivery requested
506393,563,123,36,23,2024-09-22,2024-09-18,7,419.08,0,Card,In-Store,Compeleted,0,Urgent delivery requested
508483,978,87,32,7,2024-03-23,2024-03-28,10,1365.59,10,CARD,Online,Compeleted,54.88,
506286,564,33,36,24,2024-11-07,2024-11-15,3,378.32,10,Credit Card,In-Store,Completed,0,
507519,271,106,36,23,2024-07-01,2024-07-02,9,698.41,0,UPI,In-Store,Retuned,0,Bulk order - verify stock
501064,101,6,34,5,2025-05-20,2025-05-21,4,1631.91,5,NetBanking,Online,Compeleted,31.46,Loyalty discount applied manually
509209,43,21,12,2,2025-06-19,2025-06-20,6,663.34,10,Cash,Online,Compeleted,126.91,Bulk order - verify stock
506922,,67,20,1,2024-12-03,2024-12-12,10,1121.47,0,UPI,Online,Completed,37.59,
505464,360,36,30,24,2026-01-08,2026-01-12,9,404.92,20,CASH,Online,COMPLETED,64.07,Bulk order - verify stock
504245,43,53,5,22,2025-12-09,2025-12-06,8,265.6,10,Card,Online,COMPLETED,119.51,Bulk order - verify stock
502446,154,89,32,2,2025-01-06,2025-01-02,9,1737.56,50,card,Online,Completed,45.03,
506347,616,106,18,20,2025-04-12,2025-04-20,5,716.92,5,NEFT,In-Store,Returned,0,
503082,995,55,27,11,2024-04-18,2024-04-19,7,1688.28,15,upi,Online,COMPLETED,111.58,
501136,407,48,37,5,2025-10-24,2025-10-29,3,133.82,5,net banking,Online,Completed,115.17,
500444,376,91,1,11,2024-04-18,2024-04-25,9,465.47,5,card,Online,PENDING,88.43,Corporate order
502940,130,104,24,4,2026-02-23,2026-02-28,3,391.84,0,Debit Card,Online,Compeleted,36.64,
505893,906,18,24,20,2024-09-03,2024-09-08,9,934.84,0,Cash,In-Store,COMPLETED,0,Corporate order
500793,590,40,16,21,2025-08-28,2025-09-06,8,207.56,20,NEFT,In-Store,completed,0,
502985,470,98,35,2,2025-06-29,2025-07-03,10,2051.37,30,card,In-Store,completed,0,
505915,474,60,19,4,2025-07-25,2025-08-02,3,1600.52,10,card,Online,completed,104.33,
508387,956,91,21,8,2024-02-15,2024-02-17,5,465.49,10,NEFT,Online,Compeleted,127.18,
509722,17,77,26,4,2024-04-10,2024-04-18,4,1474.31,25,Cash,In-Store,completed,0,
503247,843,3,9,20,2024-04-16,2024-04-25,9,4780.18,10,Upi,Online,completed,30.32,
502397,844,29,36,22,2026-06-07,2026-06-15,6,3036.9,25,NEFT,In-Store,completed,0,
501123,479,82,9,8,2024-04-24,2024-04-22,2,564.7,0,Cash,Online,returned,146.57,
508300,585,81,24,7,2024-09-16,2024-09-25,8,1818.93,30,U.P.I,Online,COMPLETED,58.37,
503668,73,111,32,5,2024-01-31,2024-02-06,5,683.43,15,U.P.I,In-Store,pending,0,
500823,744,112,6,22,2024-05-29,2024-06-03,4,527.15,30,U.P.I,Online,COMPLETED,54.95,
506869,531,26,30,18,2024-12-09,2024-12-16,9,3182.14,15,NEFT,In-Store,Compeleted,0,Loyalty discount applied manually
504600,425,13,21,14,2024-08-31,2024-09-08,6,4015.05,50,U.P.I,In-Store,completed,0,
500158,999015,45,29,3,2026-05-09,2026-05-13,1,163.99,0,card,In-Store,COMPLETED,0,
509175,133,59,36,22,2024-11-02,2024-11-07,8,1024.61,25,NEFT,Online,completed,60.52,Bulk order - verify stock
508314,457,87,9,8,2024-01-29,2024-02-07,3,1291.87,10,cash,In-Store,PENDING,0,Loyalty discount applied manually
505562,945,109,4,4,2024-06-09,2024-06-16,3,482.58,20,CARD,In-Store,COMPLETED,0,
501168,883,23,35,1,2026-06-28,2026-07-04,10,1991.03,30,CARD,Online,completed,86.07,
507803,866,15,7,21,2024-12-28,2025-01-03,10,1788.77,0,NEFT,Online,Retuned,98.72,
500479,542,21,13,10,2024-12-29,2025-01-07,10,659.77,30,net banking,In-Store,Compeleted,0,Customer requested callback
501484,757,25,34,5,2025-07-17,2025-07-26,1,1505.6,30,NEFT,In-Store,COMPLETED,0,
507885,510,35,23,2,2024-01-18,2024-01-21,1,181.39,30,Card,Online,Canceled,53.07,Customer requested callback
500365,428,45,21,20,2026-05-09,2026-05-12,5,169.39,50,card,In-Store,Compeleted,0,
501622,28,101,37,12,2025-02-05,2025-02-10,8,2147.28,5,U.P.I,Online,completed,89.63,
507274,429,104,20,5,2026-02-19,2026-02-27,4,399.13,15,CASH,In-Store,Returned,-82.22,
506804,729,89,6,19,2024-07-27,2024-08-03,8,1891.55,5,Credit Card,Online,PENDING,71.13,Bulk order - verify stock
506518,818,62,10,5,2024-07-23,2024-07-30,9,874.97,10,cash,Online,Completed,124.22,Loyalty discount applied manually
507278,257,39,40,17,2025-06-03,2025-06-11,8,507.08,30,upi,In-Store,Pending,0,
508221,712,21,20,24,2025-10-30,2025-11-02,6,649.2,15,Net Banking,Online,Returned,113.26,
501714,74,96,26,17,2025-02-19,2025-02-25,10,1878.14,5,Upi,Online,COMPLETED,49.37,Customer requested callback
508886,593,51,12,13,2025-09-17,2025-09-26,6,388.99,20,U.P.I,In-Store,completed,0,Bulk order - verify stock
502521,19,20,11,13,2024-05-28,2024-05-30,8,2990.11,30,cash,Online,COMPLETED,45.28,
503563,313,47,26,15,2025-05-27,2025-05-31,3,118.48,25,Cash,Online,Canceled,122.8,
505932,231,88818,26,1,2025-05-11,2025-05-14,8,1669.99,15,Upi,In-Store,Compeleted,0,
503798,256,105,10,18,2025-04-02,2025-04-04,1,452,30,Debit Card,Online,completed,134.06,Corporate order
504940,605,10,18,20,2024-02-11,2024-02-18,6,765.76,25,NetBanking,Online,completed,41.01,
509255,29,23,33,1,2026-01-21,2026-01-22,7,1979.23,35,NetBanking,Online,Completed,63.9,
506014,170,51,6,23,2025-05-24,2025-05-26,5,362.24,20,card,Online,Compeleted,90.75,
508986,537,34,28,15,2026-06-07,2026-06-12,4,150,0,net banking,In-Store,COMPLETED,0,Urgent delivery requested
504639,791,16,23,5,2025-10-31,2025-11-09,6,2057.57,25,Debit Card,In-Store,Completed,0,
501259,184,123,40,17,2025-11-22,2025-11-25,8,393.8,50,NetBanking,Online,Cancelled,109.22,Bulk order - verify stock
504429,452,68,23,11,2024-07-24,2024-07-29,2,363.11,0,net banking,In-Store,completed,0,Urgent delivery requested
509186,536,83,24,13,2024-02-25,2024-02-26,1,2301.02,15,Upi,In-Store,completed,0,
509262,228,109,35,9,2026-05-09,2026-05-10,3,486.24,20,NEFT,Online,Canceled,124.19,Corporate order
507082,777,64,37,22,2024-10-13,2024-10-17,9,1382.44,5,CASH,Online,Compeleted,97.4,Customer requested callback
507264,665,123,27,23,2025-05-10,2025-05-17,6,425.49,5,net banking,In-Store,Retuned,0,
509148,132,107,36,21,2025-08-16,2025-08-18,4,377.5,10,Net Banking,In-Store,completed,0,
501111,515,50,15,1,2025-01-10,2025-01-18,3,287.23,25,Card,In-Store,completed,0,
505509,345,19,6,22,2026-06-30,2026-07-06,1,2560.88,30,CASH,In-Store,Compeleted,0,Urgent delivery requested
508733,772,108,36,16,2025-11-23,2025-11-26,10,171.32,25,card,Online,completed,33.92,Urgent delivery requested
501928,789,50,36,3,2024-04-09,2024-04-14,10,279.21,5,card,Online,Completed,82.83,Urgent delivery requested
507616,648,37,20,16,2025-04-14,2025-04-15,10,192.01,15,CASH,Online,Pending,55.95,Customer requested callback
507958,954,34,31,11,2024-04-02,2024-04-10,5,148.18,25,cash,Online,CANCELLED ,39.24,Bulk order - verify stock
503277,97,39,38,22,2025-06-22,2025-06-23,3,508.56,30,upi,In-Store,completed,0,
509325,839,121,23,11,2025-10-31,2025-11-02,8,503.59,20,cash,Online,Compeleted,63.82,
500065,534,8,33,12,2026-03-11,2026-03-12,7,2610.04,0,card,Online,COMPLETED,128.25,
502858,454,35,25,20,2024-10-09,2024-10-16,3,178.89,10,card,In-Store,COMPLETED,0,Loyalty discount applied manually
509831,252,100,17,8,2025-08-10,2025-08-17,5,484.39,5,upi,In-Store,completed,0,
503416,652,29,34,19,2024-12-14,2024-12-16,4,3089.86,30,U.P.I,In-Store,COMPLETED,0,Loyalty discount applied manually
505239,844,88801,8,23,2024-10-15,2024-10-24,5,1186.72,20,card,Online,COMPLETED,136.77,Urgent delivery requested
508746,189,121,17,3,2024-11-13,2024-11-19,9,546.65,5,UPI,Online,COMPLETED,-32.37,
504751,601,65,21,8,2024-10-28,2024-11-03,9,1522.63,5,upi,Online,COMPLETED,47.85,Gift wrap requested
502261,767,57,12,3,2024-09-07,2024-09-11,3,1319.56,30,Net Banking,In-Store,Compeleted,0,
506196,392,2,19,10,2025-10-03,2025-10-11,2,2784.4,10,Upi,Online,completed,126.9,
506535,720,20,31,18,2024-08-08,2024-08-16,5,3073.39,10,UPI,Online,COMPLETED,121.17,
509321,273,96,37,2,2024-12-29,2025-01-04,8,1856.1,30,UPI,Online,COMPLETED,110.74,
508838,185,36,11,6,2024-09-22,2024-10-01,6,426.87,15,Net Banking,In-Store,COMPLETED,0,Bulk order - verify stock
507740,723,105,22,11,2024-03-24,2024-04-01,3,488.86,0,upi,Online,Retuned,34.29,
504954,585,54,3,18,2025-03-17,2025-03-26,10,334.49,10,UPI,In-Store,COMPLETED,0,
504793,80,120,22,22,2025-02-14,2025-02-15,10,153.94,10,Card,In-Store,Completed,0,
504310,214,20,37,4,2025-11-05,2025-11-06,10,3185.31,20,NEFT,In-Store,completed,0,Urgent delivery requested
500322,770,29,11,8,2025-07-21,2025-07-17,9,3038.93,15,net banking,Online,completed,137.96,
509239,814,1,23,8,2024-10-25,2024-10-30,2,2854.37,10,Credit Card,Online,Compeleted,99.03,
501181,742,52,37,6,2026-05-12,2026-05-14,3,393.23,0,net banking,Online,COMPLETED,133.4,
501837,446,21,21,19,2025-02-19,2025-02-22,4,659.52,5,U.P.I,Online,Completed,88.89,Urgent delivery requested
509094,458,77,10,5,2026-04-14,2026-04-21,1,1402.31,30,Credit Card,Online,completed,56.06,Bulk order - verify stock
504371,71,23,14,21,2024-08-02,2024-08-09,4,1945.5,10,Cash,In-Store,Compeleted,0,
501579,722,110,20,8,2024-10-19,2024-10-22,2,239.98,15,Net Banking,Online,completed,97.42,Corporate order
508624,720,85,37,9,2024-09-06,2024-09-14,7,900.76,10,Upi,Online,pending,40.4,
505685,38,88812,28,16,2025-03-09,2025-03-13,4,1417.64,25,Cash,Online,Completed,81.45,Customer requested callback
507567,789,4,40,13,2025-12-06,2025-12-07,1,4152.16,30,cash,In-Store,Completed,0,
500783,595,15,34,19,2025-09-17,2025-09-18,6,1807.84,30,Cash,Online,pending,127.51,
500496,721,17,18,6,2025-10-22,2025-10-26,4,4327.95,30,upi,In-Store,pending,0,
503335,422,49,22,3,2024-01-30,2024-01-31,9,175.51,25,Card,Online,COMPLETED,34.89,
509468,201,74,19,7,2026-01-27,2026-01-29,8,1312.43,0,Debit Card,Online,COMPLETED,107.74,
509408,683,106,14,18,2024-06-18,2024-06-26,5,682.56,10,cash,Online,completed,43.27,
502992,202,92,10,7,2026-01-23,2026-01-29,8,1862.22,30,CARD,Online,Compeleted,91.4,
504315,328,114,21,4,2025-01-13,2025-01-18,5,195.31,30,net banking,Online,Compeleted,122.53,
505617,775,81,29,2,2025-10-08,2025-10-12,8,1864.41,15,UPI,Online,returned,101.4,Customer requested callback
502101,535,92,12,14,2025-07-13,2025-07-17,9,1863.99,5,NetBanking,In-Store,returned,0,
507500,794,109,19,21,2024-03-30,,3,488.3,0,Upi,Online,completed,148.2,
500537,979,73,12,13,2024-07-02,2024-07-11,5,1094.23,0,upi,In-Store,completed,0,
507154,952,16,8,24,2025-09-21,2025-09-27,5,2011.69,5,Net Banking,Online,Compeleted,127.25,
509223,441,99,20,19,2024-08-15,2024-08-18,10,963.63,30,Cash,Online,cancelled,136.45,Urgent delivery requested
509398,781,1,29,13,2024-03-02,2024-03-09,9,2714.84,15,net banking,Online,completed,129.22,Bulk order - verify stock
503324,513,81,36,7,2024-06-04,2024-06-13,2,1714.98,30,cash,Online,Compeleted,117.28,
505234,62,113,25,21,2025-07-01,2025-07-07,10,243.45,0,U.P.I,Online,COMPLETED,82.8,Customer requested callback
500318,767,94,17,12,2024-09-23,2024-09-28,3,1317.64,5,upi,In-Store,Returned,0,
505948,457,62,38,8,2025-06-27,2025-06-30,2,851.07,30,Upi,In-Store,returned,0,
503497,407,90,5,19,2025-12-06,2025-12-09,2,1501.36,25,upi,Online,completed,91.92,Bulk order - verify stock
501578,572,2,10,2,2024-06-08,2024-06-13,9,2764.61,0,U.P.I,Online,Completed,135.04,
505076,864,47,35,11,2025-10-14,,1,117.45,10,Net Banking,Online,COMPLETED,96.28,Gift wrap requested
504665,185,94,35,19,2025-05-04,2025-05-07,1,1296.53,10,NetBanking,Online,completed,90.03,Bulk order - verify stock
507074,843,69,31,8,2025-05-13,2025-05-17,2,1066.24,15,Debit Card,In-Store,COMPLETED,0,Gift wrap requested
500863,92,52,33,11,2026-05-19,2026-05-20,4,378.4,15,NetBanking,Online,COMPLETED,131.17,
503546,957,98,27,4,2026-04-01,2026-04-06,8,2048.7,30,CARD,In-Store,Compeleted,0,Urgent delivery requested
502999,411,34,20,13,2026-01-17,2026-01-25,6,147.2,20,Cash,In-Store,Retuned,0,
501782,26,89,8,5,2024-02-02,2024-02-03,7,1796.2,0,U.P.I,In-Store,Completed,0,Loyalty discount applied manually
508948,191,21,19,23,2024-05-15,2024-05-22,9,674.58,5,Upi,Online,Completed,53.13,
502145,377,114,17,20,2025-04-08,,6,201.83,20,Net Banking,Online,Completed,129.53,
508553,747,103,24,20,2024-02-20,2024-02-27,6,608.97,0,NEFT,Online,COMPLETED,49.86,
501473,175,23,13,18,2024-07-11,2024-07-19,4,2060.95,15,Debit Card,In-Store,PENDING,0,Gift wrap requested
500656,835,45,12,16,2024-06-08,2024-06-10,7,154.23,30,CASH,In-Store,completed,0,
502536,220,90,16,13,2025-05-11,2025-05-16,9,1549.71,30,NEFT,In-Store,completed,0,Bulk order - verify stock
507840,177,84,1,11,2026-02-03,2026-02-07,8,721.21,10,Cash,Online,returned,86.82,
505471,359,76,24,16,2025-02-02,2025-02-09,10,1771.5,0,Credit Card,Online,Pending,61.41,Gift wrap requested
504328,126,39,27,15,2024-11-13,2024-11-19,3,511.56,25,Card,In-Store,Completed,0,
504345,977,18,27,17,2025-06-20,2025-06-24,3,902.03,20,NEFT,Online,Completed,88.7,
505112,731,61,6,4,2026-05-19,2026-05-23,6,1110.36,10,Upi,In-Store,Completed,0,
508025,849,86,33,18,2024-09-28,2024-10-01,2,466.78,25,NEFT,In-Store,Completed,0,
505339,527,61,14,3,2024-08-03,2024-08-09,4,1121.99,0,UPI,Online,Canceled,43.73,Loyalty discount applied manually
502121,967,77,36,15,2025-01-13,2025-01-15,9,1466.78,15,UPI,Online,Compeleted,146.91,Gift wrap requested
503928,348,53,11,21,2024-03-24,2024-03-25,5,268.32,20,NetBanking,Online,completed,120.28,Urgent delivery requested
501437,547,126,13,2,2025-04-07,2025-04-09,2,596.35,20,CASH,Online,COMPLETED,31.74,
506628,416,101,39,17,2024-09-27,2024-10-04,6,2143.01,30,Cash,In-Store,COMPLETED,0,
505063,918,82,21,3,2026-04-30,2026-05-08,8,546.25,30,Cash,In-Store,Retuned,0,Urgent delivery requested
501134,836,62,37,2,2024-08-04,2024-08-12,4,833.22,30,Credit Card,Online,Retuned,109.6,
501894,659,43,24,10,2024-02-23,2024-03-02,9,300.2,30,upi,Online,Pending,44.97,
505160,495,50,2,1,2025-10-26,2025-10-29,8,287.53,5,card,Online,Pending,107.11,Bulk order - verify stock
501237,366,73,15,13,2025-02-28,2025-03-05,3,1108.46,0,CARD,Online,pending,138.58,Bulk order - verify stock
505699,310,24,39,3,2024-07-05,2024-07-07,10,4961.5,20,Credit Card,In-Store,cancelled,0,
504783,609,17,16,1,2025-01-28,2025-02-01,5,4212.9,5,Cash,In-Store,COMPLETED,0,Customer requested callback
503488,256,95,16,12,2025-09-11,2025-09-12,10,665.96,15,Net Banking,In-Store,Returned,0,Customer requested callback
504558,177,97,10,11,2024-04-02,2024-04-08,3,1742.78,10,NEFT,In-Store,Retuned,0,Loyalty discount applied manually
507191,642,108,3,3,2024-04-17,2024-04-20,10,169.83,10,U.P.I,Online,Compeleted,61.17,
507771,809,34,2,11,2026-04-19,2026-04-27,4,144.68,5,card,Online,Completed,143.67,Corporate order
505205,795,48,18,6,2025-07-25,2025-07-31,8,125.73,20,net banking,In-Store,Pending,0,Customer requested callback
507353,654,116,22,18,2025-10-07,2025-10-15,6,213.71,25,Credit Card,Online,Completed,140.45,Gift wrap requested
501970,682,57,8,3,2025-03-02,2025-03-07,6,1364.48,30,Cash,Online,Compeleted,120.75,
505027,163,111,30,3,2024-09-01,2024-09-03,3,631.46,20,CASH,In-Store,CANCELLED ,0,Corporate order
500220,471,13,2,3,2024-09-10,2024-09-16,5,4009.31,30,Upi,In-Store,completed,0,
506827,424,105,39,21,2024-11-05,2024-11-10,9,457.86,15,NEFT,Online,Completed,78,Urgent delivery requested
505452,774,36,30,7,2025-02-21,2025-03-01,3,425.91,0,NEFT,Online,cancelled,124.14,
501153,921,73,26,15,2024-02-19,2024-02-21,4,1098.46,30,NetBanking,In-Store,returned,0,
502292,306,13,28,24,2024-02-15,2024-02-24,9,4403.46,25,UPI,Online,completed,137.45,
503768,800,111,3,17,2024-10-04,2024-10-11,5,629.11,25,Debit Card,Online,Compeleted,136.53,
508063,854,109,13,21,2026-05-14,2026-05-20,4,519.69,5,net banking,In-Store,COMPLETED,0,
503720,288,87,30,8,2024-11-08,2024-11-16,5,1347.16,10,Cash,Online,Cancelled,96.87,Corporate order
507815,791,51,8,13,2025-01-06,2025-01-14,8,376.16,25,NEFT,In-Store,returned,0,Loyalty discount applied manually
503814,284,18,18,3,2026-01-25,2026-01-27,8,872.99,5,NetBanking,In-Store,COMPLETED,0,Corporate order
501794,360,43,40,7,2025-01-01,,4,,30,Upi,Online,Compeleted,122.84,
501430,426,46,19,17,2026-05-08,2026-05-12,5,330.2,5,card,In-Store,Retuned,0,Bulk order - verify stock
504457,212,115,29,18,2026-03-25,2026-03-31,10,324.66,30,Cash,Online,Retuned,103.34,Bulk order - verify stock
505110,76,8,4,10,2026-05-26,2026-06-01,9,2755.32,25,Cash,Online,completed,57.37,
501013,738,22,5,16,2024-12-19,2024-12-27,1,1360.86,0,NetBanking,Online,COMPLETED,141.15,Corporate order
503954,963,29,2,20,2024-08-09,2024-08-11,2,2927.87,30,U.P.I,In-Store,Compeleted,0,
502307,252,51,11,3,2025-03-14,2025-03-22,3,363.71,0,cash,In-Store,Completed,0,
508280,15,36,8,8,2025-11-17,2025-11-22,5,435.72,25,CARD,In-Store,Retuned,0,Bulk order - verify stock
502775,338,29,18,23,2024-04-07,2024-04-16,1,3065,5,Debit Card,Online,completed,54.04,
503097,433,27,39,1,2026-02-01,2026-02-08,5,3543.94,15,Card,Online,completed,104.76,
506399,649,126,5,20,2024-05-04,2024-05-06,10,556.49,20,Cash,Online,Compeleted,96.47,
504026,880,54,3,8,2025-08-03,2025-08-04,4,317.61,20,CASH,In-Store,Completed,0,
503432,977,43,9,10,2025-05-14,2025-05-23,9,304.59,15,NetBanking,Online,Returned,43.45,Customer requested callback
508706,832,20,11,21,2025-10-13,2025-10-16,6,2916.24,10,U.P.I,Online,COMPLETED,134.4,Customer requested callback
500746,72,49,15,7,2025-11-19,,5,184.02,20,CASH,Online,completed,41.52,Urgent delivery requested
506722,29,13,23,1,2025-05-06,2025-05-13,4,4010.04,30,Card,In-Store,Returned,0,
500755,484,120,27,19,2024-01-19,2024-01-22,2,152.6,15,CARD,Online,Compeleted,69.47,
506444,724,24,30,15,2025-10-30,2025-11-02,6,4902.9,30,Cash,In-Store,completed,0,
503188,720,9,33,5,2026-06-04,2026-06-09,8,1220.61,50,U.P.I,Online,completed,71.53,
504897,261,64,18,19,2025-02-06,2025-02-12,-1,1284.93,15,U.P.I,In-Store,COMPLETED,0,
505305,871,26,12,22,2026-03-01,2026-03-07,7,3288.13,0,net banking,Online,Compeleted,40.69,
505725,559,27,38,20,2024-12-15,2024-12-24,1,3775.52,15,Upi,Online,Completed,107.28,
504765,202,36,11,5,2025-01-06,2025-01-14,4,407.38,0,net banking,Online,Canceled,90.17,
508200,738,22,24,4,2025-08-02,2025-08-07,6,1369.61,15,Net Banking,In-Store,Compeleted,0,
505754,518,69,36,5,2025-08-11,2025-08-14,4,1061.37,10,cash,Online,Canceled,134.33,
509799,637,61,8,3,2025-09-23,2025-09-29,1,1101.83,0,net banking,In-Store,Completed,0,
508341,488,44,13,21,2024-12-04,2024-12-07,5,413.95,30,Card,In-Store,Completed,0,
506552,771,40,34,24,2024-02-12,2024-02-14,3,196.31,15,card,In-Store,cancelled,0,Urgent delivery requested
505829,424,80,5,9,2025-07-16,2025-07-17,8,1328.95,5,cash,In-Store,Completed,0,
505473,55,94,20,8,2026-05-07,2026-05-16,1,1319.47,25,Cash,Online,Completed,105.62,
504159,908,38,33,5,2026-03-24,2026-03-30,2,303.11,10,cash,In-Store,Compeleted,0,
507345,895,85,28,5,2025-08-06,2025-08-12,5,884.35,20,NetBanking,Online,COMPLETED,49.72,
506620,506,103,20,13,2025-10-16,,9,635.69,5,CARD,Online,Completed,78.99,Loyalty discount applied manually
501019,127,121,4,17,2025-04-17,2025-04-23,5,531.66,30,card,Online,PENDING,51.3,
506980,150,16,6,3,2025-07-29,2025-08-02,6,2162.37,20,CASH,In-Store,Completed,0,Customer requested callback
503143,11,115,21,6,2026-01-04,2026-01-07,9,332.89,30,CASH,Online,returned,147.97,
507563,360,2,18,4,2025-06-28,2025-07-03,8,2752.11,15,CASH,Online,returned,83.97,Bulk order - verify stock
503195,125,72,23,15,2025-06-20,2025-06-21,1,1274.39,20,card,In-Store,Retuned,0,
500251,314,91,15,17,2025-06-13,2025-06-16,10,501.55,15,Credit Card,Online,COMPLETED,90.78,
509046,475,27,32,9,2025-05-04,2025-05-05,5,3631.47,40,Net Banking,Online,Completed,88.83,
501514,55,112,22,13,2025-07-10,,4,538.62,15,cash,Online,COMPLETED,34.16,Loyalty discount applied manually
508651,852,66,17,15,2026-01-31,2026-02-04,10,1773.21,5,UPI,Online,COMPLETED,144.83,Urgent delivery requested
505374,513,69,14,11,2026-06-30,2026-07-01,1,1093.2,35,Upi,In-Store,Cancelled,0,
503347,741,99,27,13,2025-06-15,2025-06-18,0,936.15,10,CASH,Online,completed,109.87,
502607,271,58,31,22,2024-03-12,2024-03-13,3,1869.65,5,Credit Card,Online,Pending,33.03,Urgent delivery requested
506805,277,66,32,16,2024-09-09,2024-09-13,9,1889.88,50,cash,Online,completed,-26.72,Customer requested callback
501664,851,126,30,15,2025-03-09,2025-03-12,2,590.89,30,Upi,Online,Compeleted,133.64,Loyalty discount applied manually
500643,833,109,21,2,2025-08-02,2025-08-03,6,479,30,card,Online,Completed,125.2,
506056,406,73,4,14,2026-01-04,2026-01-10,9,1092.09,0,Upi,In-Store,Completed,0,
504095,999041,11,34,20,2024-11-05,2024-11-13,7,4571.13,5,UPI,In-Store,Completed,0,
507794,884,95,17,16,2025-09-15,2025-09-24,8,688.33,15,NEFT,Online,Compeleted,95.59,Gift wrap requested
506559,304,36,26,15,2026-01-26,,7,414.76,45,card,Online,CANCELLED ,55.68,
502524,948,42,5,17,2026-04-04,2026-04-13,7,87.14,30,card,Online,completed,34.41,Loyalty discount applied manually
501695,711,25,32,18,2025-01-06,2025-01-10,4,1478.22,5,Cash,In-Store,Completed,0,
507406,557,45,30,23,2025-02-17,2025-02-20,10,157.48,25,NetBanking,In-Store,Completed,0,Gift wrap requested
507548,567,33,34,6,2025-06-01,2025-05-31,5,400.01,20,NEFT,Online,Compeleted,105.23,
505138,19,12,38,19,2025-01-24,2025-01-30,6,455.1,20,Net Banking,In-Store,cancelled,0,Bulk order - verify stock
508435,595,43,20,9,2024-02-05,,7,298.64,20,CASH,Online,Completed,137.54,
509688,376,58,38,22,2026-05-04,2026-05-10,4,1994.25,30,Credit Card,In-Store,returned,0,
504957,382,12,32,23,2025-02-08,2025-02-15,2,491.27,5,cash,In-Store,Returned,0,Urgent delivery requested
504820,800,96,14,2,2025-05-26,2025-05-29,8,1927.96,20,Upi,In-Store,COMPLETED,0,Gift wrap requested
502219,792,7,21,19,2026-02-13,2026-02-21,7,726.11,15,net banking,In-Store,Cancelled,0,
500666,549,115,28,21,2024-04-20,2024-04-26,5,335.91,30,Net Banking,Online,COMPLETED,85.98,
504003,745,61,37,23,2026-02-19,2026-02-24,6,1079.65,10,cash,In-Store,COMPLETED,0,
505715,892,85,5,11,2025-07-27,2025-08-05,6,908.39,5,UPI,In-Store,Completed,0,Gift wrap requested
507525,414,4,26,4,2026-05-28,2026-06-05,2,4417.39,25,net banking,In-Store,Compeleted,0,Gift wrap requested
508497,646,38,20,15,2025-07-18,2025-07-19,4,297.14,25,CARD,In-Store,completed,0,Customer requested callback
508089,147,85,4,19,2025-09-18,2025-09-26,6,913.62,30,Upi,Online,cancelled,44.81,Urgent delivery requested
500404,227,23,38,8,2025-05-29,2025-06-01,8,1925.45,10,cash,In-Store,completed,0,Loyalty discount applied manually
504267,765,73,17,11,2026-05-29,2026-05-31,5,1084.56,15,net banking,In-Store,Canceled,0,Customer requested callback
506198,126,29,10,17,2024-03-30,2024-03-25,3,3060.7,25,CASH,In-Store,completed,0,
503516,575,52,19,11,2026-02-04,2026-02-07,1,397.68,0,NEFT,Online,Compeleted,122.34,
504285,165,9,17,8,2024-07-11,2024-07-16,5,1235.01,5,upi,Online,COMPLETED,49.09,
509612,9,77,40,1,2024-07-25,2024-07-30,8,1429.54,45,UPI,Online,Compeleted,33.74,Customer requested callback
508211,29,72,34,13,2024-01-17,2024-01-26,6,1274.32,20,Upi,Online,Completed,46.96,Gift wrap requested
504012,722,98,29,17,2025-07-30,,3,1994.24,30,net banking,Online,returned,62.55,
509489,262,47,39,12,2026-02-16,2026-02-21,6,122.22,25,Debit Card,Online,COMPLETED,142.54,
504392,,96,15,20,2025-04-09,2025-04-18,8,1871.15,30,cash,Online,Compeleted,137.95,
505544,409,104,21,22,2025-03-12,2025-03-16,6,394.44,15,CASH,Online,Completed,97.05,Corporate order
505230,410,45,23,7,2026-02-27,2026-03-06,6,162.67,15,U.P.I,Online,completed,115.95,Customer requested callback
505866,188,88813,4,2,2024-04-22,2024-04-26,1,1997.54,15,Upi,Online,Returned,60.96,Corporate order
509081,265,88806,24,19,2024-07-12,2024-07-13,6,1509.56,25,CASH,In-Store,completed,0,
500136,,23,11,1,2026-04-07,2026-04-15,7,1936.41,25,Credit Card,In-Store,pending,0,
509676,565,85,5,5,2025-04-02,2025-04-08,4,869.34,5,upi,In-Store,pending,0,Urgent delivery requested
507282,551,85,35,4,2025-10-07,2025-10-10,2,930.21,5,CASH,In-Store,COMPLETED,0,
503796,528,114,18,15,2024-03-21,2024-03-24,5,193.23,15,Upi,Online,Compeleted,111.76,
501764,654,112,32,9,2025-03-13,2025-03-20,10,,5,Card,Online,Completed,45.82,Corporate order
502082,800,63,14,14,2025-01-11,2025-01-16,8,1151.24,5,card,In-Store,COMPLETED,0,
507220,731,30,29,7,2025-07-29,2025-07-30,4,2653.97,20,Cash,Online,Canceled,72.6,Loyalty discount applied manually
502229,635,95,1,3,2024-10-07,2024-10-13,5,656.6,15,U.P.I,In-Store,COMPLETED,0,
506191,397,20,24,20,2025-08-15,2025-08-20,1,3197.17,20,Net Banking,In-Store,completed,0,
509445,747,56,29,14,2025-09-25,2025-10-03,5,878.88,15,Card,Online,completed,53.47,
500634,518,66,1,4,2025-06-30,2025-07-09,9,1764.89,0,net banking,Online,completed,69.84,
503602,794,126,1,9,2024-01-15,2024-01-20,3,605.02,5,NetBanking,In-Store,cancelled,0,Bulk order - verify stock
507677,388,111,2,16,2026-04-19,2026-04-26,3,632.37,15,UPI,In-Store,Retuned,0,Gift wrap requested
507262,597,6,7,15,2025-05-14,2025-05-18,1,1645.68,15,Cash,Online,completed,57.65,Bulk order - verify stock
508198,413,31,6,22,2026-01-26,2026-01-29,7,157.54,20,cash,In-Store,completed,0,Customer requested callback
502046,970,19,8,22,2025-02-14,2025-02-19,7,2628.07,20,card,In-Store,Returned,0,Loyalty discount applied manually
508344,7,84,2,4,2025-10-31,2025-11-05,1,733.84,15,CARD,Online,completed,108.32,Corporate order
501186,219,96,24,3,2025-10-01,2025-10-02,10,1912.58,25,Debit Card,In-Store,completed,0,Corporate order
504085,690,103,27,24,2026-03-20,2026-03-26,2,616.1,10,UPI,In-Store,completed,0,Gift wrap requested
503129,69,66,18,2,2024-09-17,2024-09-21,6,1803.41,20,CASH,In-Store,COMPLETED,0,Bulk order - verify stock
500492,952,25,34,23,2024-06-01,2024-06-05,6,1459.42,30,cash,In-Store,completed,0,
500747,789,94,12,20,2024-01-07,2024-01-05,6,1343.23,5,card,In-Store,COMPLETED,0,
509585,276,89,8,1,2026-01-02,2026-01-10,10,1880.94,15,cash,Online,completed,75.57,Customer requested callback
502418,970,72,32,19,2025-01-01,2025-01-07,2,1217.32,10,Credit Card,In-Store,Compeleted,0,Bulk order - verify stock
506256,828,97,38,2,2025-12-29,2026-01-06,10,1719.34,25,Upi,Online,Completed,98.7,
506179,693,11,3,17,2025-09-06,2025-09-10,5,4801.57,30,Cash,Online,Compeleted,113.15,Bulk order - verify stock
500205,561,35,20,14,2025-02-03,2025-02-06,0,183.42,25,CARD,Online,Completed,141.21,Bulk order - verify stock
506058,471,68,36,7,2025-02-18,2025-02-21,9,385.9,0,Net Banking,Online,Returned,121.47,
504487,607,97,26,7,2025-12-03,2025-12-09,2,1805.92,30,CASH,In-Store,completed,0,Corporate order
503404,716,34,2,15,2026-04-30,2026-05-04,7,156.51,15,CARD,Online,completed,147.16,Urgent delivery requested
508163,393,41,3,10,2025-02-08,2025-02-14,8,246.95,15,cash,Online,completed,60.57,Loyalty discount applied manually
500897,393,97,39,9,2025-10-21,2025-10-29,8,1753.24,15,Debit Card,Online,completed,54.05,
504346,166,117,2,5,2025-04-30,2025-05-02,1,286.96,25,U.P.I,In-Store,Compeleted,0,
500221,406,20,4,22,2025-06-29,2025-06-30,10,3031.99,25,Cash,Online,COMPLETED,79.07,Gift wrap requested
502631,,46,3,23,2026-06-16,2026-06-25,6,318.9,10,Net Banking,Online,COMPLETED,81.9,
501335,917,2,7,13,2024-03-13,2024-03-15,9,2971.89,15,Net Banking,Online,completed,113.16,
505460,473,118,11,16,2024-07-20,2024-07-29,1,441.02,10,Cash,In-Store,COMPLETED,0,
507068,683,96,3,19,2024-12-03,2024-12-05,6,1997.2,30,Cash,In-Store,pending,0,
507491,619,105,9,12,2025-01-22,2025-01-27,1,454.62,25,CASH,In-Store,returned,-26.48,
502178,895,54,6,5,2025-10-09,2025-10-10,5,313.09,0,Cash,Online,Completed,139.85,
509134,821,37,20,4,2024-07-04,2024-07-13,9,201.28,5,Card,Online,Compeleted,33.28,Loyalty discount applied manually
505937,566,62,35,23,2025-05-08,2025-05-12,5,869.39,0,UPI,Online,CANCELLED ,103.98,
509260,252,21,6,15,2024-12-27,2025-01-01,10,664.41,25,CASH,In-Store,COMPLETED,0,Loyalty discount applied manually
508892,985,68,13,21,2024-02-14,2024-02-19,8,368.77,5,CASH,In-Store,returned,0,Urgent delivery requested
501872,725,25,27,12,2024-09-26,2024-10-04,8,1441.63,25,U.P.I,In-Store,Compeleted,0,Corporate order
505555,441,53,32,5,2026-01-10,2026-01-18,1,273.55,5,Card,Online,Canceled,83.1,Gift wrap requested
500490,307,122,7,15,2026-04-02,2026-04-10,5,171.15,15,CASH,Online,completed,59.89,Bulk order - verify stock
508971,,35,8,5,2024-10-22,2024-10-25,4,177.4,15,Upi,In-Store,Completed,0,
501167,497,34,32,11,2024-05-26,2024-06-02,8,157.13,15,Net Banking,Online,cancelled,66.08,Loyalty discount applied manually
500202,688,21,2,3,2025-11-23,2025-11-29,4,617.02,30,Debit Card,Online,Completed,66.22,Customer requested callback
503648,365,45,28,14,2026-04-12,2026-04-16,3,167.22,25,Credit Card,In-Store,Retuned,0,Gift wrap requested
506158,268,88,7,21,2024-01-06,2024-01-14,9,708.44,30,U.P.I,In-Store,Compeleted,0,
505100,859,22,26,5,2025-01-08,2025-01-14,10,1339.93,15,Upi,In-Store,completed,0,Corporate order
506104,396,71,22,8,2025-10-04,2025-10-05,9,627.23,15,NetBanking,Online,COMPLETED,69.53,Urgent delivery requested
508717,564,15,31,6,2024-06-24,2024-06-26,3,1747.99,0,Card,In-Store,COMPLETED,0,
507407,548,66,19,14,2024-01-28,2024-02-05,3,1816.24,0,cash,Online,COMPLETED,141.93,Corporate order
503734,971,62,18,2,2025-07-24,2025-07-29,4,910.39,15,Credit Card,Online,Returned,101.95,
505475,390,52,27,8,2025-06-23,2025-06-25,8,365.78,30,net banking,In-Store,Compeleted,0,
504236,222,17,26,17,2024-11-14,2024-11-21,8,3967.53,0,Net Banking,In-Store,Completed,0,
502672,929,110,29,12,2025-01-15,2025-01-16,7,247.03,10,Cash,In-Store,COMPLETED,0,
503980,510,113,24,3,2025-12-25,2025-12-26,5,245.56,5,Cash,Online,Completed,138.79,Urgent delivery requested
507637,601,125,40,7,2024-09-26,2024-10-01,7,410.23,15,CASH,Online,completed,114.91,Customer requested callback
501663,156,92,22,11,2025-05-20,2025-05-22,10,1730.33,45,Debit Card,In-Store,cancelled,0,Bulk order - verify stock
500454,724,116,24,14,2025-09-14,2025-09-11,7,212.84,25,net banking,In-Store,Returned,0,
503464,302,88806,39,3,2025-03-19,2025-03-22,2,528.54,0,card,In-Store,Compeleted,0,Urgent delivery requested
504217,254,110,17,3,2025-03-05,2025-03-09,10,236.85,0,cash,Online,Completed,30.35,Loyalty discount applied manually
501163,459,66,31,12,2025-12-25,2025-12-30,5,1875.23,45,Debit Card,In-Store,PENDING,0,
501720,230,25,22,5,2026-03-01,2026-03-09,6,1487.14,15,CASH,In-Store,CANCELLED ,0,Customer requested callback
506952,275,63,19,23,2024-10-20,2024-10-27,9,1205.54,5,cash,In-Store,COMPLETED,0,Corporate order
504375,134,121,21,13,2025-09-16,2025-09-24,7,504.95,15,NetBanking,Online,CANCELLED ,72.72,
509346,125,61,34,13,2024-05-30,2024-06-07,4,1138.39,25,net banking,In-Store,completed,0,
502116,813,83,24,21,2025-09-20,2025-09-26,3,2499.96,10,Net Banking,Online,COMPLETED,68.94,Urgent delivery requested
501446,596,7,38,5,2025-10-06,2025-10-10,5,745.81,20,CARD,In-Store,Cancelled,0,Loyalty discount applied manually
506070,81,98,21,3,2024-09-20,2024-09-28,2,1912.01,10,UPI,In-Store,pending,0,
507892,310,80,39,16,2025-08-03,2025-08-04,8,1329.67,25,Credit Card,In-Store,completed,0,
502468,953,21,22,4,2025-01-05,2025-01-08,1,632.18,10,upi,Online,COMPLETED,68.58,
507343,263,57,31,1,2025-04-07,2025-04-08,1,1303.97,30,card,Online,pending,139.85,
503955,97,47,28,19,2024-01-29,2024-01-25,10,117.33,0,Cash,In-Store,COMPLETED,0,Customer requested callback
508787,586,51,2,17,2024-03-05,2024-03-06,9,389.51,5,cash,Online,Retuned,145.72,
508357,26,45,2,5,2024-12-04,2024-12-12,1,170.1,10,Credit Card,Online,cancelled,66.83,Bulk order - verify stock
508253,30,54,16,3,2024-12-12,2024-12-13,5,315.12,5,Debit Card,In-Store,COMPLETED,0,Urgent delivery requested
502215,555,117,15,24,2024-02-28,2024-03-04,8,290.22,0,U.P.I,In-Store,Completed,0,
504422,894,3,24,5,2026-03-11,2026-03-13,2,4794.48,20,NetBanking,Online,Cancelled,66.63,
508486,952,42,15,4,2024-09-06,2024-09-14,7,82.91,20,net banking,Online,returned,86.89,Corporate order
504559,89,70,5,1,2024-10-30,2024-11-04,2,1954.25,45,card,In-Store,Returned,0,
505148,657,17,8,9,2024-12-27,2025-01-05,3,4089.79,0,Net Banking,In-Store,completed,0,
507408,860,45,12,24,2024-12-07,2024-12-12,7,165.65,30,cash,In-Store,completed,0,
506297,233,36,37,1,2025-07-19,2025-07-25,4,441.39,15,Debit Card,In-Store,Completed,0,
500029,762,109,9,15,2025-06-11,2025-06-18,2,520.79,0,cash,In-Store,Compeleted,0,
506426,900,120,38,3,2024-08-04,2024-08-05,6,153.35,25,cash,In-Store,completed,0,
503123,13,26,37,19,2025-06-01,2025-06-07,9,3176.33,15,Debit Card,In-Store,Returned,0,Bulk order - verify stock
500206,315,30,20,12,2024-02-07,2024-02-15,3,2683.04,20,NEFT,Online,COMPLETED,51.27,
502313,34,67,14,8,2025-04-30,2025-05-04,4,1062.13,15,card,In-Store,completed,0,
501034,951,110,6,20,2024-01-02,2024-01-05,9,238.13,10,card,In-Store,Compeleted,0,Corporate order
503529,314,91,33,15,2024-10-14,,5,497.3,5,cash,In-Store,pending,0,Corporate order
506492,766,116,28,20,2024-10-20,2024-10-27,8,203.96,20,NEFT,Online,Compeleted,146.63,
502166,729,21,38,22,2025-07-07,2025-07-11,4,674.63,10,cash,Online,PENDING,141.63,
506770,225,104,9,3,2024-10-13,2024-10-18,8,400.4,45,Card,In-Store,completed,0,Urgent delivery requested
509334,490,11,37,8,2025-03-31,2025-04-02,2,4400.95,15,Card,In-Store,COMPLETED,0,
509784,350,117,20,2,2024-07-21,2024-07-25,1,296.09,10,Card,Online,COMPLETED,40.62,Customer requested callback
504412,248,64,3,6,2024-09-12,2024-09-15,10,1386.14,5,UPI,Online,Compeleted,96.95,Bulk order - verify stock
503769,999045,74,7,24,2024-11-07,2024-11-10,2,1403.24,5,upi,In-Store,completed,0,Urgent delivery requested
504356,727,48,3,7,2025-01-24,2025-01-29,2,127.29,30,CASH,Online,Retuned,95.43,
509436,722,89,18,12,2025-11-28,2025-11-30,5,1897.86,5,Cash,Online,Compeleted,54.6,
501680,133,89,16,12,2024-12-23,2024-12-26,7,1752.76,30,Credit Card,In-Store,Returned,0,
505976,623,114,1,2,2025-02-18,2025-02-21,2,192.9,30,Cash,In-Store,Canceled,0,
507204,512,119,1,17,2025-12-06,2025-12-14,7,229.9,5,NEFT,Online,Compeleted,101.01,
503705,654,69,6,5,2025-09-16,2025-09-19,10,1065.03,10,Debit Card,Online,Canceled,97.34,
504158,721,81,29,13,2025-02-28,2025-03-07,1,1840.49,20,CARD,In-Store,Compeleted,0,Loyalty discount applied manually
505803,240,117,39,15,2024-06-24,2024-06-30,10,291.84,10,Net Banking,In-Store,returned,0,Loyalty discount applied manually
508076,128,124,30,15,2024-10-31,2024-11-05,6,287.17,15,upi,In-Store,COMPLETED,0,Bulk order - verify stock
500481,495,120,25,9,2025-12-12,2025-12-14,10,162.94,20,Net Banking,In-Store,Returned,0,
502713,872,26,38,21,2024-08-11,2024-08-13,2,2998.62,30,UPI,Online,COMPLETED,55.81,Loyalty discount applied manually
503555,924,47,16,10,2026-06-24,2026-06-26,8,119.12,5,CARD,In-Store,Completed,0,
509766,767,97,25,1,2025-07-02,2025-07-09,10,1845.62,0,UPI,In-Store,COMPLETED,0,Customer requested callback
503976,14,70,33,12,2025-05-26,2025-05-31,0,1867.7,25,NetBanking,In-Store,COMPLETED,0,
500810,507,35,26,1,2026-01-02,2026-01-09,4,175.39,25,CASH,Online,returned,95.73,
503262,831,82,20,10,2025-04-02,2025-04-04,7,526.99,10,NetBanking,Online,COMPLETED,113.62,Customer requested callback
508569,43,119,36,14,2024-04-24,2024-04-27,0,225.06,20,CASH,Online,Retuned,91.79,
506357,471,45,32,23,2025-12-29,2026-01-02,8,165.13,20,CASH,In-Store,Retuned,0,
509290,554,77,33,19,2025-09-22,2025-09-23,3,1499.77,10,U.P.I,Online,completed,33.3,Urgent delivery requested
501666,870,60,24,9,2024-08-01,2024-08-10,8,,10,Debit Card,Online,completed,140.13,Urgent delivery requested
500835,969,99,12,10,2024-11-19,2024-11-27,9,1030.51,30,cash,In-Store,Retuned,0,
509769,680,100,27,15,2025-07-16,2025-07-25,3,485.76,40,UPI,Online,pending,47.8,
502929,807,60,39,16,2024-08-31,2024-09-09,9,1688.67,30,upi,In-Store,Compeleted,0,
505683,211,18,17,19,2024-01-07,2024-01-13,1,928.86,5,Credit Card,In-Store,COMPLETED,0,Corporate order
509543,526,7,37,21,2025-12-27,2025-12-31,6,727.6,25,Upi,In-Store,Pending,0,
505000,92,8,12,3,2024-02-23,2024-02-28,10,2558.6,30,NEFT,In-Store,completed,0,Customer requested callback
503010,387,53,23,1,2026-05-31,2026-06-04,4,283.13,20,UPI,In-Store,completed,0,
505756,836,32,7,24,2024-08-29,2024-08-30,3,105.63,10,CARD,In-Store,Cancelled,0,
503019,729,81,25,2,2024-05-22,2024-05-25,3,1792.54,10,net banking,Online,Compeleted,132.8,Corporate order
502600,205,109,25,14,2026-04-08,,-1,488.83,30,CASH,Online,Completed,121.11,Bulk order - verify stock
503607,286,58,17,7,2024-12-02,,4,1994.54,30,CASH,In-Store,PENDING,0,Loyalty discount applied manually
505001,558,18,38,13,2025-07-31,2025-07-27,8,874.97,15,NetBanking,In-Store,completed,0,Loyalty discount applied manually
503998,251,99,7,21,2024-07-25,,7,957.28,30,Debit Card,In-Store,returned,0,Urgent delivery requested
503707,937,47,19,2,2025-12-04,2025-12-01,10,115.04,10,CARD,In-Store,Retuned,0,
505582,292,126,14,14,2024-11-10,2024-11-14,4,579.76,5,NEFT,Online,cancelled,50.49,Customer requested callback
507187,170,62,29,20,2024-08-24,2024-09-01,7,888.1,0,Upi,Online,Completed,106.32,
509672,501,14,1,1,2024-06-23,2024-07-01,3,4842.11,30,Cash,Online,completed,125.28,Urgent delivery requested
505748,184,41,21,5,2024-11-09,2024-11-10,4,235.6,30,Cash,Online,Returned,111.75,Gift wrap requested
503490,583,104,31,24,2025-02-27,,10,396.01,0,UPI,Online,Completed,144.43,
501056,909,34,28,16,2024-12-13,2024-12-14,1,152.69,15,cash,In-Store,COMPLETED,0,
501403,460,116,33,6,2024-03-23,2024-03-26,3,214.78,0,card,In-Store,Compeleted,0,Gift wrap requested
503222,331,49,33,11,2026-05-18,2026-05-19,2,175.09,45,Upi,In-Store,Compeleted,0,
501991,323,110,22,24,2025-01-19,2025-01-21,1,251.36,25,CARD,In-Store,COMPLETED,0,
508814,84,4,34,2,2025-04-22,2025-05-01,6,4217.43,15,NetBanking,Online,COMPLETED,96.29,Bulk order - verify stock
502868,972,57,10,12,2024-01-04,2024-01-09,1,1424.39,15,UPI,Online,Completed,74.64,
500337,935,102,2,21,2025-09-26,2025-10-02,6,975.54,30,Cash,Online,Compeleted,145.19,Customer requested callback
507452,4,100,13,3,2026-06-20,2026-06-21,8,530.51,25,net banking,In-Store,COMPLETED,0,
501040,956,126,15,12,2026-06-29,2026-06-30,10,589.35,20,NetBanking,In-Store,Compeleted,0,
503611,625,116,31,5,2024-02-17,2024-02-24,7,215.34,15,U.P.I,In-Store,COMPLETED,0,
503775,778,16,27,1,2025-04-16,2025-04-23,9,2077.34,20,NetBanking,In-Store,pending,0,Loyalty discount applied manually
501385,444,33,32,7,2025-03-19,2025-03-25,5,399.37,20,CASH,Online,returned,110.62,Corporate order
503682,411,5,8,8,2024-12-06,2024-12-14,1,3516,10,Cash,Online,completed,63.37,Loyalty discount applied manually
507346,825,124,27,18,2026-05-20,2026-05-23,9,273.12,0,Debit Card,In-Store,completed,0,
506289,547,6,30,3,2024-02-09,2024-02-12,2,1668.37,30,Net Banking,Online,Pending,122.26,
507255,919,18,6,20,2025-08-02,2025-08-03,4,901.73,20,NEFT,Online,completed,46.24,
500114,140,35,40,21,2024-05-20,2024-05-29,8,185.1,5,cash,Online,COMPLETED,44.52,Corporate order
500120,471,25,38,20,2026-03-14,2026-03-22,6,1490.68,15,Cash,In-Store,COMPLETED,0,
501755,104,60,9,20,2024-05-25,2024-05-26,7,1548.39,5,NEFT,Online,completed,67.96,Customer requested callback
504061,329,6,34,2,2025-03-06,2025-03-07,7,1772.38,15,Card,In-Store,returned,0,
505832,158,5,10,8,2024-11-07,2024-11-12,2,3333.51,5,Cash,In-Store,completed,0,
501323,226,100,6,4,2026-02-17,2026-02-19,4,504.25,25,UPI,In-Store,COMPLETED,0,
505819,707,71,10,7,2024-10-29,2024-11-02,9,577.67,5,CASH,In-Store,pending,0,Loyalty discount applied manually
508608,231,45,12,16,2024-07-28,2024-08-02,5,154.39,15,Cash,Online,completed,87.9,Gift wrap requested
504206,574,11,31,9,2026-01-03,2026-01-12,10,4571.83,25,Net Banking,Online,Compeleted,104.31,Bulk order - verify stock
500983,809,5,33,5,2025-05-11,2025-05-17,7,3520.9,0,Cash,In-Store,completed,0,
501981,359,98,22,10,2024-09-03,2024-09-10,4,2016.55,20,CASH,Online,Canceled,75.91,
505557,444,106,15,6,2024-09-12,2024-09-16,3,676.9,25,CASH,Online,Completed,56.9,Loyalty discount applied manually
508536,855,28,22,1,2024-06-22,2024-07-01,3,3960.63,5,upi,Online,Compeleted,53.64,Bulk order - verify stock
509662,746,85,17,19,2025-06-18,2025-06-20,6,860.5,10,CASH,Online,completed,144.59,
502724,425,18,31,12,2025-03-01,2025-03-02,8,901.09,15,CASH,In-Store,COMPLETED,0,
501058,317,11,13,14,2024-03-08,2024-03-16,5,4505.53,30,upi,Online,Returned,101.56,
506178,930,66,9,14,2025-05-27,2025-05-31,5,1897.57,15,UPI,In-Store,Completed,0,
506353,304,95,19,9,2024-11-10,2024-11-16,3,679.59,30,cash,Online,Completed,130.08,Bulk order - verify stock
508007,440,86,30,12,2024-09-19,2024-09-21,2,471.29,30,cash,Online,cancelled,121.23,Corporate order
501362,736,76,29,22,2025-01-17,2025-01-24,2,1681.83,25,CASH,Online,Completed,96.97,
507101,632,97,28,8,2025-10-14,2025-10-19,7,1813.84,0,upi,In-Store,Compeleted,0,Gift wrap requested
501151,997,84,2,11,2025-04-09,2025-04-13,2,759.98,0,Credit Card,In-Store,Returned,0,Urgent delivery requested
502869,456,45,31,1,2026-06-20,2026-06-22,5,164.49,20,UPI,Online,pending,37.98,Loyalty discount applied manually
507783,80,38,31,11,2024-07-16,2024-07-21,8,302.28,10,U.P.I,In-Store,COMPLETED,0,
503906,239,92,25,6,2024-11-15,2024-11-21,8,1870.32,15,Upi,Online,completed,94.39,
505635,140,7,5,21,2024-11-28,2024-12-07,10,706.32,25,Card,In-Store,COMPLETED,0,Urgent delivery requested
503559,17,47,14,3,2025-05-07,2025-05-09,9,115.83,5,U.P.I,In-Store,Compeleted,0,
509005,136,52,22,21,2026-02-07,2026-02-04,9,375.33,15,Cash,In-Store,Completed,0,Urgent delivery requested
508980,649,10,26,12,2025-04-29,2025-05-02,3,768.67,30,Cash,Online,pending,90.32,Loyalty discount applied manually
507134,482,111,20,17,2025-03-05,2025-03-11,7,666.66,10,cash,In-Store,COMPLETED,0,Loyalty discount applied manually
502902,393,114,6,2,2025-04-18,2025-04-20,10,195.84,30,CASH,Online,PENDING,73.57,Gift wrap requested
500323,321,108,21,20,2024-12-01,2024-12-07,5,174.81,30,Credit Card,Online,COMPLETED,103.47,
508905,619,69,24,12,2025-08-18,2025-08-26,1,1080.18,30,U.P.I,In-Store,Completed,0,Customer requested callback
504096,507,19,26,10,2024-05-18,2024-05-23,9,2668.12,25,Cash,Online,Completed,105.36,Urgent delivery requested
509192,430,100,39,22,2026-04-16,2026-04-22,8,491.81,20,upi,Online,completed,-98.66,
505238,115,73,20,17,2024-04-30,2024-05-07,1,1119.82,15,Cash,In-Store,Completed,0,Gift wrap requested
502070,381,32,26,7,2025-11-22,2025-11-23,6,98.01,20,Net Banking,Online,Compeleted,58.66,
501568,544,122,3,20,2025-09-04,2025-09-10,1,165.01,5,net banking,In-Store,Completed,0,
506127,374,93,25,15,2024-06-25,2024-07-03,3,379.33,15,U.P.I,Online,cancelled,54.79,
502635,429,56,3,22,2025-05-19,2025-05-21,4,904.32,30,Net Banking,In-Store,COMPLETED,0,Customer requested callback
505465,179,98,10,18,2024-11-03,2024-11-06,5,1990.12,25,net banking,In-Store,Completed,0,Urgent delivery requested
507927,211,61,22,14,2025-01-07,2025-01-08,4,1080.13,10,NetBanking,In-Store,Compeleted,0,
500944,384,58,26,16,2025-11-30,2025-12-05,1,1907.89,30,Cash,In-Store,Completed,0,
509787,949,91,13,13,2025-05-09,2025-05-10,4,469.43,20,CASH,Online,Completed,52.21,Customer requested callback
501948,67,62,13,4,2024-12-05,2024-12-12,10,865.64,25,Card,In-Store,COMPLETED,0,
505554,693,80,38,11,2024-04-21,2024-04-27,1,1314.73,30,Card,In-Store,Retuned,0,
507687,49,9,40,11,2024-03-25,2024-03-26,3,1253.37,5,Upi,In-Store,Returned,0,
509627,131,53,20,8,2025-01-15,2025-01-22,2,271.78,0,CARD,In-Store,Retuned,0,
506282,652,89,3,12,2025-03-13,,7,,5,Net Banking,In-Store,Compeleted,0,Customer requested callback
503282,714,39,15,6,2025-03-22,2025-03-28,9,518.54,5,CASH,In-Store,Compeleted,0,
502644,989,104,35,8,2024-06-17,2024-06-21,7,399.88,5,net banking,Online,COMPLETED,139.66,Customer requested callback
505998,138,46,21,8,2024-11-09,2024-11-15,1,321.71,25,Cash,In-Store,Completed,0,Corporate order
502995,386,4,35,9,2025-09-30,2025-10-09,5,4229.61,15,Cash,Online,Canceled,138.76,
505639,469,88,9,6,2025-07-13,2025-07-17,7,733.3,20,cash,Online,PENDING,78.88,
504176,999010,54,11,5,2024-03-18,2024-03-19,5,326.5,20,CARD,Online,completed,64.24,
507285,847,46,9,2,2026-02-16,2026-02-23,3,320.69,15,Upi,In-Store,CANCELLED ,0,Urgent delivery requested
508916,86,100,28,23,2024-09-27,2024-10-01,4,510.99,0,CASH,Online,Completed,95.65,
509156,835,13,14,9,2026-06-29,2026-07-01,2,4157.33,5,Net Banking,In-Store,Compeleted,0,
500913,239,38,6,12,2024-10-24,2024-10-28,8,303.04,15,Card,In-Store,Compeleted,0,Gift wrap requested
502787,467,41,36,19,2024-12-21,2024-12-26,5,244.26,15,cash,Online,Returned,135.65,Urgent delivery requested
500080,112,8,1,20,2025-09-22,2025-09-24,8,2581.53,15,CARD,Online,Completed,75.77,Gift wrap requested
506842,671,37,14,21,2025-02-05,2025-02-07,10,198.6,20,Card,Online,Compeleted,55.08,Urgent delivery requested
505192,341,20,29,23,2026-02-08,2026-02-17,4,3074.02,30,UPI,In-Store,completed,0,Urgent delivery requested
508752,62,3,20,4,2025-04-09,2025-04-16,9,4464.64,20,Debit Card,In-Store,COMPLETED,0,Urgent delivery requested
502946,907,106,4,11,2026-03-24,2026-03-25,8,689.81,5,NEFT,Online,cancelled,118.63,
505098,627,47,22,12,2025-06-23,2025-06-25,8,121.19,0,Cash,In-Store,Compeleted,0,
506662,717,26,33,23,2026-05-06,2026-05-14,4,3171.72,10,Cash,In-Store,Canceled,0,Bulk order - verify stock
506936,808,6,31,23,2025-04-05,2025-04-09,9,1711.06,30,cash,In-Store,completed,0,
506654,22,46,9,5,2025-02-20,2025-02-28,7,324.97,5,UPI,Online,Canceled,139.14,
509174,768,31,9,24,2026-01-01,2026-01-08,6,155.32,15,CASH,Online,Returned,70.67,
509697,688,34,25,23,2026-03-14,2026-03-17,8,146.29,0,NetBanking,In-Store,PENDING,0,Loyalty discount applied manually
507593,615,115,36,9,2025-05-13,2025-05-16,7,331.73,15,Credit Card,In-Store,Completed,0,
505444,571,84,33,21,2026-05-28,2026-06-03,8,737.17,20,Upi,In-Store,COMPLETED,0,
502889,42,89,2,3,2025-01-22,2025-01-29,8,1885.83,30,Card,In-Store,completed,0,Gift wrap requested
502231,905,80,17,5,2024-09-20,2024-09-24,5,1403.54,20,CASH,In-Store,pending,0,Bulk order - verify stock
504118,789,72,3,9,2024-10-21,2024-10-30,4,1339.32,30,cash,Online,Completed,42.34,
509101,113,28,36,5,2024-04-03,2024-04-04,3,4104.35,25,card,In-Store,Compeleted,0,Urgent delivery requested
508990,39,106,26,19,2024-10-21,2024-10-22,8,698.1,0,U.P.I,In-Store,Completed,0,
507238,679,56,38,1,2024-09-27,2024-10-03,2,882.12,10,Cash,In-Store,Compeleted,-49.32,Corporate order
503182,473,82,22,21,2024-10-15,2024-10-21,1,560.64,10,UPI,In-Store,Completed,0,
505646,278,4,11,2,2024-02-22,2024-02-26,1,4028.79,15,card,Online,COMPLETED,90.78,Gift wrap requested
504100,431,45,31,20,2025-04-16,2025-04-24,6,158.22,10,Net Banking,Online,Completed,73.68,Loyalty discount applied manually
508852,661,56,17,4,2024-09-05,2024-09-12,3,889.2,10,CASH,In-Store,completed,0,
503215,588,45,1,3,2025-09-06,2025-09-07,1,168.23,20,CARD,Online,completed,53.68,Loyalty discount applied manually
505376,492,103,13,4,2024-08-31,2024-09-03,3,643.6,20,U.P.I,In-Store,completed,0,
505273,812,8,32,18,2026-03-01,2026-03-05,2,2803.35,25,CARD,Online,COMPLETED,56.7,
507054,310,74,23,6,2026-06-07,2026-06-11,2,1344.35,10,cash,In-Store,completed,0,Customer requested callback
502611,871,115,35,11,2025-09-11,2025-09-15,5,348.16,30,upi,Online,completed,63.22,Customer requested callback
506130,668,112,17,7,2025-10-26,2025-10-28,6,547.02,15,UPI,Online,CANCELLED ,96.1,
501179,531,96,26,13,2025-04-28,2025-04-29,8,1983.25,0,Cash,In-Store,Completed,0,Urgent delivery requested
505132,935,121,8,22,2025-11-17,2025-11-25,9,510.78,0,Upi,In-Store,Cancelled,0,Loyalty discount applied manually
504892,113,1,40,23,2024-11-14,2024-11-10,7,2790.59,5,upi,Online,Completed,65.32,Loyalty discount applied manually
508047,520,54,5,22,2025-12-23,2025-12-24,6,315.18,5,Debit Card,In-Store,returned,0,Urgent delivery requested
503338,580,103,3,5,2025-07-18,2025-07-23,-1,605.89,15,Credit Card,Online,COMPLETED,137.32,
502338,546,4,11,7,2025-08-23,2025-09-01,7,4367.8,20,CASH,Online,Completed,56.04,
505636,131,78,31,12,2024-02-23,,1,537.46,20,U.P.I,Online,Compeleted,116.83,
504903,897,47,25,15,2025-01-30,2025-02-07,7,112.57,30,cash,In-Store,COMPLETED,0,Customer requested callback
506430,497,85,21,18,2024-11-08,2024-11-15,2,943.05,10,CASH,Online,Compeleted,128.86,Urgent delivery requested
501455,444,93,34,2,2024-05-13,2024-05-16,6,380.02,5,Card,In-Store,pending,0,
502083,726,1,2,12,2024-07-23,2024-07-31,6,2822.32,30,UPI,In-Store,Compeleted,0,
509152,74,51,30,7,2024-07-14,2024-07-16,6,378.53,25,cash,In-Store,completed,0,
502501,388,86,39,5,2025-06-23,2025-06-28,10,442.3,30,Upi,Online,completed,-28.14,
501888,448,30,7,23,2024-12-16,2024-12-21,5,2731.08,0,CASH,In-Store,Compeleted,0,
501306,845,88812,34,12,2024-09-12,2024-09-15,2,2037.62,5,UPI,In-Store,completed,0,Bulk order - verify stock
506247,576,98,27,20,2026-06-24,,5,2018.92,10,Card,Online,Completed,144.31,Corporate order
506702,803,86,2,22,2025-12-16,2025-12-20,9,452.7,5,UPI,Online,COMPLETED,30.97,
507965,469,64,8,21,2026-03-05,2026-03-14,7,1286.52,5,Credit Card,In-Store,Completed,0,
508882,57,53,31,1,2024-03-31,2024-04-07,2,272.35,30,UPI,Online,Compeleted,45.15,Loyalty discount applied manually
502818,863,23,16,18,2024-12-14,2024-12-21,10,2023.84,15,NetBanking,Online,Cancelled,41.39,Urgent delivery requested
502667,348,35,17,1,2026-05-25,2026-05-27,10,183.11,10,Upi,In-Store,completed,0,Gift wrap requested
508206,71,112,25,14,2024-03-31,2024-04-02,1,549.19,50,Card,Online,completed,133.76,Customer requested callback
502894,643,82,6,22,2025-11-12,2025-11-18,2,514.19,30,Upi,Online,completed,135.74,
500632,964,61,4,17,2024-01-17,2024-01-24,3,1121.91,25,Credit Card,Online,COMPLETED,114.2,
500858,151,25,21,19,2024-09-17,2024-09-22,10,1435.65,20,Credit Card,In-Store,completed,0,Corporate order
507356,177,7,29,16,2026-01-18,2026-01-25,3,722.09,30,upi,In-Store,CANCELLED ,0,
503968,563,5,29,14,2025-10-08,2025-10-15,1,3546.21,30,Card,In-Store,completed,0,Customer requested callback
506400,153,52,31,13,2024-01-04,2024-01-06,8,391.85,20,card,In-Store,Retuned,0,Gift wrap requested
503952,586,98,5,3,2024-12-17,2024-12-15,3,1940.6,15,cash,Online,Compeleted,107.96,
501898,635,33,1,3,2024-04-16,2024-04-22,9,390.82,25,Credit Card,In-Store,returned,0,
508931,518,114,15,20,2024-11-08,2024-11-14,6,191.11,40,Debit Card,Online,COMPLETED,62.82,
500976,741,110,3,1,2026-06-17,2026-06-18,10,240.44,20,Net Banking,Online,returned,129.35,Bulk order - verify stock
503777,305,22,5,3,2025-03-06,2025-03-09,3,1284.61,10,CASH,Online,Pending,114.24,
505720,770,87,20,16,2024-09-17,2024-09-22,6,1351.99,20,Net Banking,In-Store,Compeleted,0,
507448,590,65,20,24,2025-05-20,2025-05-26,9,1502.76,35,CASH,Online,completed,93.68,Loyalty discount applied manually
509524,,66,23,3,2026-06-01,2026-06-06,4,1882.9,5,U.P.I,In-Store,COMPLETED,0,
506382,849,58,12,12,2024-01-02,2024-01-03,7,2008.4,5,UPI,Online,COMPLETED,133.21,Urgent delivery requested
509716,959,50,39,15,2025-11-27,2025-11-28,8,294.14,5,Debit Card,Online,Completed,127.81,
509582,468,39,23,10,2024-12-26,2025-01-01,2,490.76,10,U.P.I,Online,Canceled,30.56,
501812,327,53,11,18,2025-01-27,2025-02-05,6,289.36,5,CASH,Online,Completed,42.52,Gift wrap requested
501768,265,31,13,19,2025-07-05,2025-07-12,10,164.12,5,upi,Online,completed,120.35,Bulk order - verify stock
504913,999035,85,20,3,2025-09-24,2025-09-29,6,917.28,30,NEFT,Online,Pending,116.38,
508223,159,10,14,17,2025-10-17,2025-10-25,7,736.17,10,NEFT,Online,COMPLETED,76.49,
500527,73,76,37,2,2024-08-14,2024-08-21,10,1770.95,30,NetBanking,In-Store,Completed,0,
501736,895,88816,29,24,2024-07-05,2024-07-06,9,269.13,15,NetBanking,In-Store,COMPLETED,0,
500012,214,23,5,17,2026-04-04,2026-04-08,7,2093.58,10,Net Banking,In-Store,returned,0,
503673,270,119,16,18,2026-04-25,2026-04-30,7,209.97,0,card,Online,completed,65.39,
508532,539,49,16,23,2024-05-17,2024-05-18,10,181.13,5,Debit Card,In-Store,completed,0,
503913,933,122,17,10,2024-02-22,2024-02-23,2,167.23,35,Upi,Online,completed,40.77,
506265,180,68,39,23,2026-01-17,2026-01-26,7,375.51,25,upi,In-Store,Completed,0,
503652,626,63,20,3,2025-05-09,2025-05-11,9,1143.89,5,net banking,Online,COMPLETED,52.43,
503153,372,33,40,23,2024-05-19,2024-05-27,8,394.38,15,upi,Online,returned,147.25,
507937,257,2,9,11,2024-02-07,2024-02-12,10,2943.01,5,card,In-Store,COMPLETED,0,
505865,500,30,15,20,2024-11-22,2024-11-30,3,2761.41,10,Upi,Online,Compeleted,112.49,
509624,450,4,13,10,2024-11-19,2024-11-21,-2,4132.6,25,NEFT,Online,COMPLETED,132.74,Gift wrap requested
503643,140,89,29,19,2024-04-20,2024-04-27,2,1755.85,30,UPI,In-Store,COMPLETED,0,
503900,523,52,3,16,2025-02-07,2025-02-14,3,364.59,25,CASH,In-Store,completed,0,
501256,876,42,29,15,2024-01-29,2024-01-30,7,87.25,5,Cash,In-Store,Retuned,0,Corporate order
505641,933,58,22,10,2024-03-22,2024-03-26,7,1928.17,25,NEFT,In-Store,Returned,0,Customer requested callback
509296,111,58,11,6,2024-06-18,2024-06-22,8,1997.44,5,card,In-Store,PENDING,0,Gift wrap requested
507930,794,126,20,7,2024-10-27,2024-10-30,7,604.3,15,NetBanking,In-Store,returned,0,
505196,925,50,32,12,2024-02-17,2024-02-18,3,302.73,5,NetBanking,In-Store,Compeleted,0,
505959,87,118,8,6,2024-03-07,2024-03-13,10,463.99,0,cash,In-Store,COMPLETED,0,
500778,852,108,1,2,2025-11-29,2025-12-08,2,167.38,10,NEFT,In-Store,completed,0,
507942,759,48,18,7,2025-03-01,2025-03-07,2,,5,UPI,In-Store,Pending,0,
502062,849,75,39,16,2024-08-15,,5,1167.4,20,net banking,In-Store,Completed,0,
509078,,100,25,20,2026-04-18,2026-04-21,5,533.84,25,cash,In-Store,completed,0,Customer requested callback
509241,463,38,31,2,2024-08-27,2024-09-01,1,320.33,15,CASH,In-Store,Compeleted,0,
508480,608,86,36,14,2024-07-12,2024-07-16,2,459.03,10,Card,In-Store,Compeleted,0,Loyalty discount applied manually
508843,58,15,10,16,2026-03-19,2026-03-24,5,1804.43,15,Cash,Online,COMPLETED,78.71,Loyalty discount applied manually
505859,816,45,7,14,2025-07-01,2025-07-10,6,167.98,25,net banking,In-Store,CANCELLED ,0,
504475,999012,68,36,13,2024-05-26,2024-05-28,10,364.25,15,Card,Online,completed,136.55,
508827,465,103,6,19,2025-10-26,2025-11-02,3,630.8,30,CASH,In-Store,returned,0,
504943,308,23,25,3,2026-04-20,2026-04-28,4,1948.07,15,card,In-Store,COMPLETED,0,
507755,799,48,33,15,2025-01-20,2025-01-29,10,131.48,15,UPI,In-Store,Completed,0,Corporate order
500028,197,50,11,9,2024-08-21,2024-08-22,3,284.77,20,Net Banking,In-Store,returned,0,Urgent delivery requested
508107,759,123,11,14,2026-01-15,2026-01-23,1,407.29,25,Net Banking,Online,Canceled,145.74,
506316,108,71,4,1,2024-12-22,2024-12-29,8,596.92,30,Cash,Online,COMPLETED,65.89,Customer requested callback
502432,273,111,37,19,2024-05-03,2024-05-11,7,649.51,0,CASH,In-Store,cancelled,0,
509432,330,92,9,1,2024-11-03,2024-11-09,3,1779.63,0,upi,Online,Completed,141,
509497,565,84,39,5,2024-02-29,2024-03-08,3,715.15,20,CASH,In-Store,Compeleted,0,
504207,790,49,5,15,2025-12-09,2025-12-15,5,184.32,5,Net Banking,In-Store,PENDING,0,Customer requested callback
500075,438,91,1,15,2024-08-27,2024-09-02,3,500.54,5,NetBanking,Online,returned,108.83,Gift wrap requested
509410,742,94,25,5,2024-12-04,2024-12-03,5,1336.11,25,net banking,In-Store,Completed,0,Loyalty discount applied manually
508121,103,21,23,22,2026-01-21,2026-01-28,1,643.92,20,cash,Online,Compeleted,37.88,
500626,624,51,29,9,2025-08-08,2025-08-14,7,393.49,25,NetBanking,In-Store,Compeleted,0,Customer requested callback
502725,745,105,36,21,2025-11-08,2025-11-14,3,456.67,5,UPI,In-Store,Compeleted,0,Bulk order - verify stock
501594,996,36,10,3,2025-08-25,2025-08-29,8,405.8,0,CASH,In-Store,Compeleted,0,
500081,273,99,12,7,2024-07-14,2024-07-16,5,937.81,5,UPI,Online,Compeleted,95.47,Urgent delivery requested
509310,760,17,7,22,2024-02-23,2024-02-27,2,4316.12,5,Card,Online,cancelled,102.19,Customer requested callback
505102,982,112,35,18,2024-03-21,2024-03-23,2,557.51,0,Upi,Online,COMPLETED,59.02,
508328,486,27,27,18,2024-05-22,2024-05-27,10,3831.44,0,NetBanking,In-Store,Completed,0,Gift wrap requested
501303,992,112,12,2,2025-11-20,2025-11-25,9,532.08,0,Cash,Online,Pending,94.31,Urgent delivery requested
506651,513,39,1,11,2024-04-24,2024-04-28,9,493.59,5,NetBanking,In-Store,completed,0,
501166,,70,34,16,2024-09-09,2024-09-15,1,1974.24,10,Net Banking,In-Store,Completed,0,Bulk order - verify stock
508721,196,70,32,2,2024-09-06,2024-09-11,7,1964.69,5,UPI,In-Store,Completed,0,Gift wrap requested
500543,190,36,15,15,2025-10-15,2025-10-21,5,427.76,20,Upi,In-Store,COMPLETED,0,
505025,277,79,38,23,2024-01-27,2024-02-02,8,1208.37,5,CASH,Online,returned,143.62,Gift wrap requested
505578,613,105,14,5,2025-01-20,2025-01-21,4,462.72,0,Card,In-Store,Returned,0,
501784,501,80,18,24,2025-03-01,2025-03-05,3,1368.32,30,Credit Card,Online,Completed,59.6,
502762,293,99,36,24,2026-05-16,2026-05-19,2,983.88,10,card,Online,Compeleted,60.31,Corporate order
504529,825,19,19,19,2026-04-30,2026-05-03,9,2669.89,10,Net Banking,Online,COMPLETED,38.58,
500573,981,38,37,5,2025-12-09,2025-12-16,5,315.64,5,cash,In-Store,Completed,0,Corporate order
504667,123,48,17,16,2024-10-05,2024-10-09,3,132.24,5,upi,In-Store,Completed,0,
508693,664,87,34,4,2025-05-28,2025-06-01,7,1344.63,10,CARD,Online,cancelled,102.66,
502493,197,87,25,10,2025-11-27,2025-12-01,4,1313.97,25,Card,In-Store,completed,0,Loyalty discount applied manually
501868,162,61,25,1,2025-11-15,2025-11-18,2,1073.88,0,Card,Online,cancelled,136.43,
507953,862,109,20,22,2025-09-10,2025-09-19,10,490.05,0,UPI,Online,Completed,97.33,
500367,9,76,6,4,2025-03-28,2025-03-31,4,1777.28,5,U.P.I,Online,completed,54.36,Urgent delivery requested
503575,905,124,25,6,2024-02-12,2024-02-21,10,295.28,15,cash,Online,Compeleted,80.16,Customer requested callback
502248,269,52,31,11,2024-11-10,2024-11-14,8,363.65,5,Net Banking,Online,completed,104.93,
500627,853,88817,11,2,2026-05-17,2026-05-25,7,2365.71,25,Credit Card,In-Store,Completed,0,
506685,178,34,33,13,2025-03-08,2025-03-09,4,156.3,0,cash,In-Store,Compeleted,0,Customer requested callback
507089,245,72,38,7,2026-04-22,2026-04-26,3,1246.33,10,Upi,Online,Completed,48.31,
508951,529,58,28,19,2026-03-03,2026-03-06,7,1963.77,0,Cash,Online,Completed,94.82,
508333,194,12,36,5,2024-07-21,2024-07-28,8,483.4,5,upi,In-Store,completed,0,
500930,930,125,10,6,2024-02-28,2024-03-04,1,402.61,10,CASH,In-Store,COMPLETED,0,Gift wrap requested
504641,97,23,27,6,2025-06-26,2025-07-04,9,1991.29,15,Upi,Online,pending,143.98,Customer requested callback
503317,105,58,18,12,2024-05-27,,10,1888.51,45,Debit Card,In-Store,Compeleted,0,
509210,498,78,33,8,2025-04-27,2025-05-03,3,539.91,5,Cash,Online,completed,123.74,Corporate order
500488,436,17,16,17,2026-01-31,2026-02-07,1,4263.91,5,CASH,Online,cancelled,143.98,Urgent delivery requested
508351,644,24,3,10,2024-01-13,2024-01-20,7,4885.08,40,Net Banking,In-Store,completed,0,Customer requested callback
502286,849,73,5,11,2024-11-02,2024-11-11,1,1090.19,5,Credit Card,Online,completed,110.52,
505708,758,83,6,15,2024-07-23,2024-08-01,10,2319.37,0,Net Banking,In-Store,completed,0,
507745,529,70,31,20,2024-02-24,2024-02-29,3,1858.1,10,Cash,In-Store,Compeleted,0,
506311,515,19,12,17,2026-05-23,2026-05-29,8,2685.13,25,Net Banking,Online,Compeleted,65.57,Gift wrap requested
501102,581,70,13,15,2026-06-20,2026-06-28,6,1814.54,40,CASH,In-Store,Compeleted,0,
503637,25,89,39,22,2025-05-17,2025-05-22,1,1769,15,Credit Card,In-Store,completed,0,Corporate order
505989,950,60,11,8,2026-03-19,2026-03-22,1,1676.03,0,Net Banking,In-Store,CANCELLED ,0,
505364,331,88,27,18,2024-12-19,2024-12-26,4,755.98,10,U.P.I,Online,completed,134.62,Loyalty discount applied manually
509503,51,111,18,16,2026-06-03,2026-06-07,7,650.64,40,Card,In-Store,Returned,0,
505289,103,122,5,19,2025-04-21,2025-04-30,7,160.61,20,cash,Online,cancelled,43.85,
500134,709,77,26,7,2025-10-18,2025-10-23,5,1425.76,0,U.P.I,In-Store,pending,0,
502793,900,24,23,4,2026-01-07,2026-01-14,10,4739.98,20,net banking,Online,cancelled,35.29,
504772,502,88805,35,17,2025-05-08,,8,1560.38,30,Cash,Online,Compeleted,118.77,
504197,636,18,9,19,2025-06-03,2025-06-08,3,,15,cash,Online,completed,74.74,
507620,348,30,8,10,2025-12-26,2025-12-27,2,2803.68,20,Credit Card,Online,Compeleted,135.3,
504575,771,79,38,18,2025-11-14,2025-11-18,9,1222.35,0,card,In-Store,Retuned,0,Gift wrap requested
508436,16,47,27,22,2024-08-23,2024-08-29,8,113.71,0,Upi,In-Store,COMPLETED,0,
506459,274,21,29,9,2026-06-16,2026-06-18,10,629.19,0,upi,In-Store,completed,0,
509434,891,86,2,3,2025-06-12,2025-06-21,5,462.47,20,net banking,Online,Retuned,59.43,Urgent delivery requested
500873,952,9,27,14,2026-03-16,2026-03-22,8,1156.21,0,upi,Online,Completed,62.22,
508735,369,58,12,8,2024-08-04,2024-08-06,7,1965.01,40,Upi,In-Store,completed,0,Urgent delivery requested
508680,372,100,15,5,2024-03-03,2024-03-10,2,527.89,25,Upi,Online,Completed,41.2,
500856,38,38,28,16,2025-05-16,2025-05-19,9,302.4,10,net banking,In-Store,Compeleted,0,
508751,565,14,32,11,2026-06-24,2026-06-29,1,4857.86,20,UPI,In-Store,Compeleted,0,
504131,448,5,1,17,2025-02-27,2025-03-05,6,3321.36,30,Net Banking,In-Store,completed,0,
503178,480,26,8,19,2026-06-15,2026-06-24,8,3312.6,20,CASH,Online,Compeleted,75.68,Customer requested callback
507061,670,89,33,1,2024-04-10,2024-04-11,10,1763.26,30,card,Online,COMPLETED,104.74,
506807,36,1,12,4,2024-05-03,2024-05-06,9,2814.47,0,NetBanking,Online,cancelled,47.74,
501990,436,81,26,7,2025-09-02,2025-09-10,8,1867.19,20,cash,Online,Returned,90.8,
507808,804,88805,22,12,2026-05-12,2026-05-16,6,2479.79,15,net banking,In-Store,pending,0,
506744,,23,37,5,2025-12-31,2026-01-06,1,2114.2,0,NEFT,In-Store,Completed,0,Gift wrap requested
503885,449,70,20,4,2025-01-19,2025-01-21,10,1814.37,20,NetBanking,In-Store,completed,0,
507279,882,126,28,12,2026-05-14,2026-05-15,1,598.31,25,CASH,In-Store,COMPLETED,0,
500181,602,96,20,20,2024-03-23,2024-03-29,2,2005.92,20,U.P.I,Online,COMPLETED,76.39,Corporate order
504284,740,51,34,13,2026-02-02,2026-02-07,3,391.39,10,CASH,In-Store,Completed,0,Bulk order - verify stock
505738,361,14,2,24,2024-01-11,2024-01-15,9,5001.24,50,Debit Card,Online,PENDING,122.46,
509698,482,117,10,12,2025-04-03,2025-04-08,4,291.77,15,cash,Online,Completed,65.07,Customer requested callback
509775,903,31,4,23,2025-08-18,2025-08-19,6,156.54,0,Cash,Online,Completed,-53.82,Urgent delivery requested
501857,98,124,33,8,2026-05-15,2026-05-17,6,285.74,25,card,In-Store,COMPLETED,0,
501875,464,101,33,14,2025-01-09,2025-01-14,10,2167.43,5,UPI,Online,Pending,105.12,
503298,779,54,31,2,2026-01-13,2026-01-21,1,331.12,25,Cash,Online,COMPLETED,32.86,
502610,422,14,27,4,2025-08-12,2025-08-13,5,4977.54,5,upi,Online,completed,57.4,Customer requested callback
500250,956,70,32,16,2026-05-30,2026-06-03,1,1818.99,25,CARD,Online,completed,110.25,Corporate order
508899,713,73,24,6,2024-12-04,2024-12-06,4,1067.77,20,Credit Card,In-Store,COMPLETED,0,
507580,469,8,9,18,2025-01-25,2025-01-28,6,2567.81,10,Debit Card,In-Store,Compeleted,0,
502859,476,48,29,16,2024-02-29,2024-03-08,2,135.86,25,upi,In-Store,completed,0,
505671,908,65,8,20,2024-05-19,2024-05-28,1,1517.96,0,upi,In-Store,completed,0,Corporate order
501143,235,6,31,12,2025-09-27,2025-10-01,2,1631.88,15,NEFT,In-Store,Compeleted,0,
503014,,125,38,8,2025-03-06,2025-03-09,2,392.33,30,U.P.I,Online,Compeleted,143.43,
500332,678,116,26,18,2024-07-03,2024-07-12,6,196.08,5,Card,Online,completed,85.54,
504785,537,23,21,23,2024-12-23,2024-12-31,10,2101.94,10,Cash,Online,completed,102.06,Gift wrap requested
507011,536,56,35,11,2024-11-27,2024-11-28,9,942.21,15,UPI,Online,completed,61,Corporate order
508950,157,11,24,20,2025-05-14,2025-05-20,9,4715.71,10,Card,In-Store,Cancelled,0,
504606,66,99,36,7,2024-04-09,2024-04-17,10,946.25,10,Credit Card,In-Store,COMPLETED,0,
506821,477,43,26,8,2026-05-02,2026-05-08,4,296.69,15,Cash,In-Store,COMPLETED,0,
506487,750,74,9,1,2025-03-09,2025-03-16,10,1297.37,20,NetBanking,In-Store,Completed,0,
501573,197,59,1,6,2025-08-03,2025-08-11,10,996.84,0,NEFT,Online,COMPLETED,112.93,
503836,913,64,1,19,2026-03-27,2026-04-03,7,1286.26,25,Debit Card,In-Store,Pending,0,
502459,642,121,19,23,2024-08-09,2024-08-14,5,507.53,15,CARD,In-Store,Compeleted,0,
500312,601,122,15,14,2024-10-29,2024-10-31,7,159.82,15,NEFT,Online,COMPLETED,92.37,Gift wrap requested
507667,378,8,40,7,2026-01-08,2026-01-13,3,2736.54,15,net banking,In-Store,Completed,0,
509166,328,54,23,1,2024-05-07,2024-05-12,4,331,30,NetBanking,In-Store,PENDING,0,
507587,755,29,39,22,2024-05-17,2024-05-25,6,2987.79,30,Cash,Online,completed,105.48,Gift wrap requested
502695,160,59,31,20,2026-05-27,2026-06-01,1,1068.9,30,Card,Online,COMPLETED,119.69,Corporate order
505319,107,2,11,16,2026-02-24,2026-02-28,10,2854.04,25,CASH,In-Store,COMPLETED,0,
505197,642,20,39,15,2024-11-25,2024-12-02,5,2991.96,30,NEFT,In-Store,pending,0,Customer requested callback
509226,419,40,8,15,2025-06-11,2025-06-17,2,195.25,0,Cash,In-Store,completed,0,
505797,105,7,18,13,2024-08-02,2024-08-09,6,710.08,25,Net Banking,Online,Completed,90.41,Loyalty discount applied manually
508938,318,57,4,8,2024-02-01,2024-02-03,4,1422.74,0,Debit Card,Online,Returned,110.58,
505775,469,105,32,21,2025-08-18,2025-08-25,6,460.12,25,UPI,Online,completed,113.16,
505127,463,69,29,23,2024-08-17,2024-08-24,8,1091.56,0,NetBanking,Online,Compeleted,98.29,
507769,42,46,33,16,2026-06-08,2026-06-12,7,328.91,5,NetBanking,Online,completed,105.12,
500422,995,12,37,18,2025-04-06,2025-04-10,2,483.66,15,net banking,In-Store,Completed,0,Bulk order - verify stock
502012,716,26,31,11,2026-02-14,,6,3144.54,30,Cash,In-Store,COMPLETED,0,
503889,354,54,16,2,2024-09-20,2024-09-24,1,327.45,20,Cash,In-Store,Compeleted,0,
508613,888,23,10,13,2024-11-29,,4,2043.96,25,Upi,In-Store,CANCELLED ,0,
508088,400,31,31,7,2025-06-06,2025-06-15,10,157.29,10,Credit Card,Online,returned,59.33,
506794,154,30,16,11,2024-11-03,2024-11-10,9,2828.55,20,net banking,Online,Retuned,134.32,Urgent delivery requested
508628,556,31,37,2,2024-02-07,2024-02-16,3,154.82,25,Credit Card,In-Store,completed,0,
500636,203,56,13,4,2024-02-07,2024-02-10,8,954.58,30,CARD,In-Store,Cancelled,0,
500076,168,64,39,4,2026-04-28,,9,1319.9,20,card,In-Store,Compeleted,0,
503566,413,35,1,8,2026-02-14,2026-02-16,3,190.51,5,Net Banking,In-Store,completed,0,Corporate order
508544,289,81,3,20,2026-02-28,2026-03-01,4,1776.48,25,Net Banking,Online,COMPLETED,148.38,Bulk order - verify stock
506149,674,122,18,17,2024-01-14,2024-01-16,7,164.95,20,UPI,In-Store,Completed,0,Bulk order - verify stock
509218,770,53,37,20,2026-02-12,2026-02-18,2,291.3,20,Credit Card,In-Store,PENDING,0,Corporate order
500192,918,94,17,6,2025-12-14,2025-12-15,7,1373.89,5,net banking,In-Store,Completed,0,Customer requested callback
503106,617,7,40,12,2024-01-15,2024-01-23,5,702.32,20,net banking,Online,COMPLETED,38.99,
500430,827,16,29,19,2025-10-21,2025-10-30,8,2173.34,0,Cash,In-Store,Returned,0,
505658,613,67,6,10,2026-03-13,2026-03-19,5,1026.87,15,NetBanking,Online,completed,53.27,
509749,589,56,31,5,2024-01-25,2024-01-29,9,931.7,10,NEFT,Online,PENDING,126.75,
509629,163,68,5,17,2024-06-09,2024-06-16,9,368.44,20,cash,In-Store,Compeleted,0,
505286,988,27,39,10,2026-01-05,2026-01-06,5,3592.96,40,CARD,Online,Completed,132.79,
501621,820,75,8,9,2025-11-03,2025-11-07,9,1229.75,25,card,In-Store,Compeleted,0,Urgent delivery requested
500723,233,111,29,7,2025-08-15,2025-08-24,6,631.35,25,upi,Online,Pending,137.32,Bulk order - verify stock
503498,74,99,5,11,2025-08-28,2025-08-30,10,1018.04,15,Upi,Online,Cancelled,107.17,
505099,981,109,22,21,2025-03-13,2025-03-15,6,500.98,15,net banking,Online,completed,96.34,Customer requested callback
508517,694,87,24,8,2025-11-10,2025-11-19,10,1270.98,20,UPI,Online,COMPLETED,138.19,
507929,754,62,28,21,2025-01-04,2025-01-12,2,909.41,30,Cash,In-Store,returned,0,Corporate order
503275,,30,40,11,2026-01-06,2026-01-11,8,2809.11,30,NetBanking,In-Store,completed,0,
504670,186,83,21,5,2026-03-29,2026-04-03,8,2285.53,45,NetBanking,Online,Retuned,70.89,
505909,46,31,40,22,2024-08-27,,7,160.56,15,Upi,Online,completed,94.19,
502568,7,121,2,8,2024-08-21,2024-08-30,0,520.27,25,NetBanking,In-Store,completed,0,Customer requested callback
503700,79,9,31,3,2024-03-06,2024-03-14,1,1170.45,30,Upi,Online,Compeleted,44.23,
506392,584,33,15,1,2024-11-01,2024-11-03,2,377.84,30,U.P.I,In-Store,Compeleted,0,
508041,879,116,18,3,2025-06-13,2025-06-15,2,199.34,15,Upi,In-Store,Completed,0,
509514,497,91,37,3,2025-09-22,2025-09-29,3,468.84,25,net banking,Online,Compeleted,98.55,
500366,781,108,3,11,2026-06-09,2026-06-17,5,166.43,15,Upi,Online,completed,124.13,
506673,335,29,27,3,2025-03-31,2025-04-01,2,2882.93,20,Cash,Online,Returned,50.42,
508701,818,58,31,20,2024-05-15,2024-05-21,7,1886.7,25,Credit Card,In-Store,Retuned,0,
500752,43,50,11,8,2024-06-01,2024-06-08,9,295.97,15,Upi,In-Store,Compeleted,0,
508122,59,9,19,19,2026-03-05,2026-03-11,4,1228.82,20,Debit Card,In-Store,completed,0,
506042,706,10,13,17,2026-04-15,2026-04-18,10,743.33,30,Card,Online,returned,133.24,
506115,687,14,11,4,2024-05-29,2024-06-07,7,4783.38,15,Net Banking,Online,returned,93.27,Loyalty discount applied manually
506235,824,110,36,2,2026-03-26,2026-04-02,10,251.48,5,upi,Online,Completed,128.32,Bulk order - verify stock
502194,815,76,23,17,2026-03-20,2026-03-25,3,1743.6,10,UPI,Online,COMPLETED,91.34,
500727,705,126,28,6,2025-05-01,2025-05-03,5,583.56,10,Net Banking,Online,completed,123.87,Loyalty discount applied manually
502416,218,34,13,10,2025-05-06,2025-05-07,9,143.75,30,CASH,In-Store,returned,0,
508236,507,68,30,7,2025-03-02,2025-03-11,9,373.71,0,NetBanking,In-Store,Compeleted,0,Customer requested callback
505093,791,105,29,11,2024-05-05,2024-05-08,7,458.42,10,U.P.I,In-Store,COMPLETED,0,Bulk order - verify stock
500004,181,89,15,21,2024-08-19,2024-08-23,5,1749.08,20,NEFT,Online,Returned,32.57,Gift wrap requested
500926,729,83,18,4,2026-01-12,2026-01-14,10,2380.61,20,NEFT,In-Store,Completed,0,Urgent delivery requested
505195,693,87,36,13,2024-05-08,2024-05-10,10,1368.15,15,Net Banking,Online,Completed,67.92,Corporate order
508783,120,23,39,10,2025-12-01,2025-12-04,5,1928.72,10,CASH,In-Store,Compeleted,0,
503308,114,80,17,6,2024-07-02,2024-07-11,1,1354.24,20,CASH,Online,Compeleted,121.88,
501860,151,4,5,20,2026-05-04,2026-05-05,3,4362.25,20,CASH,Online,Compeleted,94.86,
505458,734,68,37,12,2025-10-12,2025-10-16,8,353.85,25,net banking,In-Store,Completed,0,
502361,828,47,24,19,2026-01-16,2026-01-19,5,120.8,20,net banking,In-Store,pending,0,Bulk order - verify stock
502160,721,3,35,15,2024-11-05,2024-11-08,1,4814.49,30,NetBanking,Online,Cancelled,70.42,Corporate order
501765,896,105,16,12,2025-11-11,2025-11-20,1,455.4,20,UPI,In-Store,Compeleted,0,Customer requested callback
503197,628,113,29,2,2025-01-22,2025-01-25,7,228.06,0,U.P.I,In-Store,completed,0,Loyalty discount applied manually
503383,21,21,7,19,2026-05-04,2026-05-12,4,639.96,0,Net Banking,In-Store,COMPLETED,0,
507510,548,60,38,2,2026-05-22,2026-05-25,9,1680.29,40,CASH,In-Store,pending,0,Loyalty discount applied manually
501265,836,69,30,23,2025-04-19,2025-04-26,8,1072.27,0,Cash,In-Store,Compeleted,0,
500890,854,15,8,22,2025-07-07,2025-07-10,10,1811.42,20,NEFT,Online,COMPLETED,109.42,
501417,504,62,31,8,2024-01-25,2024-01-27,10,861.06,20,Card,Online,Returned,139.23,
508606,430,76,31,15,2024-07-12,2024-07-19,9,1679.84,0,net banking,In-Store,Completed,0,
509302,899,114,1,22,2024-05-29,2024-06-01,5,205.6,50,net banking,Online,completed,115.95,Corporate order
503288,704,84,10,7,2026-04-09,2026-04-10,4,771.23,10,Card,Online,completed,109.33,Urgent delivery requested
500725,594,116,30,11,2024-11-25,2024-11-29,7,214.8,40,NEFT,In-Store,Completed,0,
508686,35,38,6,14,2024-04-11,2024-04-14,9,297.19,10,net banking,Online,COMPLETED,98.75,
508283,723,95,17,20,2025-01-28,2025-01-29,4,701.89,15,U.P.I,Online,Returned,128.42,Corporate order
505120,63,91,10,18,2024-05-04,2024-05-08,0,498.68,10,U.P.I,Online,completed,130.53,Urgent delivery requested
502198,657,88804,36,9,2025-01-05,2025-01-02,4,1379.34,5,net banking,Online,Completed,67.19,
500135,990,103,28,10,2025-06-26,2025-06-27,1,612.71,0,Upi,Online,completed,62.66,
501598,994,96,33,16,2025-09-16,2025-09-23,9,1886.97,25,NetBanking,Online,completed,91.93,
501320,164,10,14,17,2025-09-22,2025-09-25,3,778.67,5,Card,In-Store,completed,0,Loyalty discount applied manually
508151,801,116,27,10,2026-04-21,2026-04-23,8,205.27,25,Net Banking,In-Store,completed,0,Loyalty discount applied manually
500152,649,20,3,11,2024-12-10,2024-12-16,7,3135.01,10,CARD,In-Store,Retuned,0,
508326,218,23,7,23,2024-03-30,2024-04-07,4,2001.88,15,Cash,Online,completed,70.81,
505590,842,9,29,22,2024-03-10,2024-03-18,8,1226.27,0,cash,Online,Compeleted,40.3,
502860,983,44,19,2,2025-03-12,2025-03-14,4,424.44,5,Debit Card,In-Store,Compeleted,0,Gift wrap requested
504935,665,101,13,22,2024-08-23,2024-08-26,10,2274.19,5,card,In-Store,returned,0,Customer requested callback
502298,98,119,10,8,2024-11-01,2024-11-05,3,223.2,5,CASH,In-Store,Compeleted,0,
509264,685,99,3,12,2024-05-16,2024-05-22,5,1009.33,10,cash,In-Store,cancelled,0,
509420,158,82,26,22,2024-08-10,2024-08-19,6,560.56,25,Net Banking,In-Store,completed,0,Gift wrap requested
503674,538,79,36,9,2024-02-27,2024-03-03,3,1160.86,30,net banking,In-Store,COMPLETED,0,Gift wrap requested
507693,999042,77,32,4,2024-08-13,2024-08-18,7,1426.02,20,net banking,In-Store,Compeleted,0,
502274,702,28,5,23,2024-01-24,2024-02-01,8,3743.68,10,NetBanking,Online,Compeleted,79.37,
509603,839,75,7,17,2025-06-26,2025-07-05,4,1224.65,30,Debit Card,Online,completed,104.26,Corporate order
507295,771,11,8,12,2024-08-15,2024-08-17,8,4702.37,0,card,In-Store,Compeleted,0,Customer requested callback
505263,815,46,1,15,2026-04-21,2026-04-24,3,304.33,10,Cash,In-Store,Retuned,0,
506677,458,52,31,11,2026-02-22,2026-03-02,2,376.22,15,Upi,In-Store,Retuned,0,
504885,437,88,33,1,2026-02-20,2026-02-26,3,731.52,50,CASH,Online,COMPLETED,46.37,Customer requested callback
506828,913,62,38,1,2025-05-02,2025-05-11,8,905.19,15,Net Banking,Online,Completed,106.82,Loyalty discount applied manually
508085,643,98,40,9,2025-07-09,2025-07-14,8,1938.21,15,UPI,Online,COMPLETED,135.63,Gift wrap requested
508585,61,108,22,9,2024-04-05,2024-04-11,8,173.78,10,NetBanking,In-Store,Compeleted,0,Loyalty discount applied manually
500434,411,47,13,11,2024-06-16,2024-06-19,7,117.22,20,CASH,Online,COMPLETED,35.8,
504364,76,30,1,20,2024-04-04,2024-04-08,4,2685.31,0,Cash,Online,Completed,90.07,
508372,27,115,34,12,2024-07-29,2024-08-03,2,343.22,25,cash,In-Store,COMPLETED,0,
501880,503,44,16,3,2026-04-09,2026-04-17,5,435.05,10,CARD,In-Store,COMPLETED,0,
507403,742,88802,12,21,2024-12-23,2024-12-20,10,1619.8,30,CASH,In-Store,Pending,0,Customer requested callback
509235,305,40,21,16,2024-11-13,2024-11-22,9,203.97,5,CASH,In-Store,Completed,0,Corporate order
501797,870,75,21,2,2025-10-01,2025-10-07,1,1242.75,15,Card,In-Store,Completed,0,
505366,340,39,7,1,2024-01-12,2024-01-21,4,492.89,20,card,Online,Compeleted,60.39,
502655,741,36,14,16,2024-08-04,2024-08-12,3,441.41,10,card,In-Store,completed,0,
501943,999005,70,9,2,2024-10-08,2024-10-10,5,1886.98,0,Cash,Online,Returned,121.47,Urgent delivery requested
508799,547,77,23,18,2026-04-06,2026-04-15,10,1435.4,10,Debit Card,In-Store,Returned,0,
502280,86,17,24,19,2025-04-07,2025-04-09,9,4035.09,5,UPI,Online,completed,118.73,
509815,860,104,26,5,2026-01-03,2026-01-11,10,374.73,10,U.P.I,In-Store,completed,0,Bulk order - verify stock
501852,919,61,10,15,2025-04-01,2025-04-04,10,1056.46,0,NetBanking,Online,returned,120.68,
500074,619,49,25,9,2024-03-23,2024-04-01,4,171.12,5,Card,Online,completed,108.64,Bulk order - verify stock
501101,828,65,11,14,2025-04-14,2025-04-20,7,1478.85,5,NEFT,In-Store,Completed,0,
504063,734,65,30,4,2025-02-24,2025-02-25,6,1568.96,25,Cash,Online,Completed,96.77,
501397,461,44,18,20,2025-04-23,2025-04-25,3,436.8,5,Cash,Online,Compeleted,45.44,Loyalty discount applied manually
502179,846,48,38,21,2026-05-01,,7,128.35,30,U.P.I,Online,COMPLETED,102.98,
505939,583,60,33,18,2025-07-18,2025-07-23,10,1567.83,15,CARD,In-Store,Compeleted,0,
507222,396,4,22,17,2024-10-02,2024-10-10,10,4297.16,20,Net Banking,Online,COMPLETED,78.82,
506645,189,1,30,22,2024-09-29,2024-10-04,9,2696.32,20,UPI,In-Store,Completed,0,
500548,433,126,40,14,2026-01-25,2026-01-30,3,585.79,5,NEFT,In-Store,COMPLETED,0,
505341,294,34,16,22,2024-01-18,2024-01-22,2,157.34,20,Upi,In-Store,returned,0,Gift wrap requested
509478,650,122,33,3,2026-06-28,2026-07-01,1,172.89,15,Debit Card,Online,completed,76.05,
509034,214,52,39,7,2024-10-05,2024-10-13,5,366.29,10,U.P.I,In-Store,COMPLETED,0,
504534,636,98,16,15,2024-07-11,2024-07-20,9,2000.52,15,upi,In-Store,Cancelled,0,
509437,373,74,6,14,2025-02-28,2025-03-01,6,1411.85,20,U.P.I,Online,completed,111.97,
505856,557,95,6,19,2024-02-17,2024-02-22,10,704.29,15,CASH,Online,COMPLETED,135.75,
502984,899,99,30,5,2024-03-12,2024-03-16,10,1003.01,5,Upi,In-Store,CANCELLED ,0,
504109,964,16,13,1,2024-03-02,2024-03-07,5,2185.32,0,UPI,In-Store,Compeleted,0,
504339,,122,35,13,2024-11-14,2024-11-19,6,171,5,NetBanking,Online,Completed,62.89,Urgent delivery requested
504967,329,93,26,21,2026-06-21,2026-06-30,5,373.67,10,cash,In-Store,Completed,0,Bulk order - verify stock
505375,433,4,17,11,2024-05-14,2024-05-15,2,4130.3,20,Cash,In-Store,COMPLETED,0,Corporate order
501245,785,39,29,8,2025-10-14,2025-10-19,2,516.47,5,CASH,Online,Compeleted,146.27,
507982,320,75,5,20,2025-05-03,2025-05-10,5,1210.26,30,net banking,In-Store,completed,0,
508181,741,87,28,20,2024-03-13,2024-03-17,4,1361.23,0,CARD,In-Store,Completed,0,Bulk order - verify stock
509538,550,106,21,11,2024-12-26,2025-01-03,3,692.3,5,upi,In-Store,PENDING,0,Corporate order
501672,159,13,37,5,2025-05-11,,6,4206,30,U.P.I,Online,Returned,38.16,
507419,999030,66,36,1,2024-06-24,2024-07-02,8,1749.12,25,CARD,Online,CANCELLED ,42.12,
508623,658,24,19,15,2024-09-19,2024-09-20,6,4812.31,20,Cash,In-Store,COMPLETED,0,
506083,924,52,22,21,2024-01-26,2024-01-31,3,382.95,15,CASH,Online,Returned,42.67,
506379,493,51,28,3,2025-12-24,2025-12-27,9,376.37,20,UPI,Online,COMPLETED,103.75,Gift wrap requested
507203,223,19,23,12,2025-04-29,2025-05-06,5,2549.57,0,Debit Card,In-Store,Completed,0,Customer requested callback
509378,62,94,8,8,2024-07-12,2024-07-18,5,1389.07,0,Upi,Online,Completed,76.01,
501388,,119,11,23,2025-01-05,2025-01-07,7,209.39,35,upi,In-Store,Pending,0,Urgent delivery requested
500629,7,11,36,3,2026-01-18,2026-01-27,10,4491.09,5,upi,Online,COMPLETED,110.94,
502317,419,54,9,24,2024-10-18,2024-10-24,4,304.65,20,CASH,In-Store,Completed,0,Corporate order
508249,22,121,9,14,2024-05-18,2024-05-26,8,519.08,30,Debit Card,In-Store,Pending,0,Gift wrap requested
503078,782,17,12,22,2025-03-08,2025-03-13,5,4293.75,20,upi,Online,Completed,62.03,
509460,938,94,31,11,2024-07-25,2024-07-28,9,1378.28,30,Cash,In-Store,Completed,0,
502183,906,105,14,11,2025-01-10,2025-01-11,8,451.72,15,Cash,In-Store,cancelled,0,
503343,351,23,31,14,2024-02-07,2024-02-08,7,1926.9,30,Credit Card,In-Store,Completed,0,
504510,598,44,20,21,2026-04-08,2026-04-09,9,424.26,5,card,In-Store,COMPLETED,0,Customer requested callback
501866,411,34,5,12,2024-06-29,2024-06-30,2,147.14,20,card,In-Store,COMPLETED,0,Loyalty discount applied manually
507308,696,68,6,20,2025-07-22,2025-07-23,4,384.46,0,UPI,In-Store,completed,0,
501608,796,83,3,1,2025-11-17,2025-11-26,2,2318.45,30,upi,Online,returned,63.41,
506477,280,116,25,2,2025-03-26,2025-03-31,2,211.42,10,Debit Card,In-Store,returned,0,
503089,107,21,24,8,2024-02-24,2024-02-27,8,618.75,30,U.P.I,In-Store,returned,0,Customer requested callback
502176,21,13,28,9,2025-10-17,2025-10-20,2,4187.39,5,CARD,Online,completed,34.28,
504612,515,84,30,10,2024-04-07,2024-04-15,7,759.06,0,NetBanking,In-Store,returned,0,Urgent delivery requested
502167,131,116,16,24,2024-06-23,2024-06-28,9,198.03,25,NetBanking,Online,COMPLETED,55.39,
509372,964,46,18,6,2026-04-24,2026-05-02,2,316.72,5,NEFT,In-Store,Completed,0,Gift wrap requested
506164,49,108,11,11,2026-05-02,2026-05-10,8,176.53,5,Net Banking,In-Store,Compeleted,0,Gift wrap requested
500563,390,116,19,20,2025-12-09,2025-12-17,10,208.71,0,card,Online,Canceled,96.35,
503199,506,42,7,15,2025-09-08,2025-09-17,10,87.96,10,upi,Online,Compeleted,144.49,Corporate order
507475,769,42,18,19,2024-02-22,2024-02-27,6,85.48,5,NEFT,Online,Completed,48.79,Urgent delivery requested
504915,116,14,38,4,2026-04-09,2026-04-14,6,5102.78,10,card,In-Store,Canceled,0,
507305,272,66,26,13,2024-08-03,2024-08-12,3,1819.36,10,NetBanking,In-Store,Completed,0,
503442,243,75,30,1,2024-09-14,2024-09-17,8,1184.25,10,NetBanking,Online,Compeleted,126.39,
505970,353,126,28,2,2024-01-29,2024-02-03,8,583.36,5,Credit Card,Online,PENDING,34.44,
504470,415,20,19,20,2024-01-14,2024-01-16,7,3024.06,30,cash,Online,Compeleted,136.07,
506033,657,20,4,7,2024-04-01,2024-04-10,6,2995.1,30,cash,In-Store,completed,0,Urgent delivery requested
501871,328,87,12,16,2024-10-04,2024-10-08,4,1330.15,10,upi,In-Store,COMPLETED,0,
501407,563,119,20,9,2025-11-19,2025-11-23,7,222.21,0,U.P.I,In-Store,COMPLETED,0,Corporate order
504721,798,16,20,18,2025-04-05,2025-04-13,10,2179.45,15,NEFT,Online,completed,67.33,
507619,387,9,3,14,2024-07-05,2024-07-06,9,1193.46,30,net banking,In-Store,completed,0,
508638,369,104,11,7,2026-03-19,2026-03-14,6,373.27,20,UPI,Online,Completed,36.34,
508742,927,24,34,14,2025-04-08,2025-04-17,4,4556.07,25,Card,In-Store,Compeleted,0,
505208,733,5,24,21,2024-12-31,2025-01-05,9,3489.9,10,Upi,In-Store,Completed,0,Customer requested callback
504072,639,48,11,21,2024-08-29,2024-08-31,1,126.66,25,Credit Card,In-Store,completed,-26.43,
502731,492,87,17,15,2024-11-24,2024-11-27,7,1296.34,10,UPI,Online,Cancelled,128.35,
508833,243,54,16,7,2025-12-25,2025-12-27,7,322.66,25,UPI,In-Store,PENDING,0,Gift wrap requested
502958,785,124,2,24,2024-12-06,2024-12-13,1,276.1,15,U.P.I,Online,Retuned,125.19,
506671,792,3,38,10,2026-04-11,2026-04-18,2,4493.19,10,card,Online,Compeleted,55.05,
506452,505,66,2,5,2026-01-09,2026-01-10,9,1883.95,30,card,Online,Canceled,51.01,
506456,466,26,16,15,2024-04-10,2024-04-15,1,3068.88,15,cash,In-Store,Retuned,0,Bulk order - verify stock
505106,956,115,7,23,2025-09-15,2025-09-19,6,349.74,25,upi,In-Store,PENDING,0,Loyalty discount applied manually
504173,282,125,33,23,2024-07-23,2024-07-30,2,404.53,25,UPI,In-Store,completed,0,Bulk order - verify stock
504621,746,101,25,13,2025-01-13,2025-01-15,4,2292.96,30,UPI,In-Store,Completed,0,Gift wrap requested
503327,785,77,19,13,2025-12-18,2025-12-20,5,1495.03,30,CARD,Online,pending,119.87,Loyalty discount applied manually
502801,563,88811,11,7,2025-05-21,2025-05-27,3,753.18,20,Card,In-Store,Retuned,0,
509502,106,65,27,21,2025-10-20,2025-10-26,9,1528.49,10,card,In-Store,Completed,0,
503429,467,16,22,21,2024-09-02,2024-09-05,5,2055.34,15,net banking,In-Store,Completed,0,
505157,490,77,25,5,2024-06-29,2024-06-28,5,1423.03,15,upi,In-Store,Pending,0,
507382,49,91,9,1,2024-08-02,2024-08-05,6,483.61,20,U.P.I,In-Store,COMPLETED,0,
501555,328,90,10,2,2025-12-13,2025-12-21,5,1495.18,0,U.P.I,In-Store,completed,0,Urgent delivery requested
505553,930,64,12,18,2026-01-21,2026-01-22,4,1296.86,5,Net Banking,In-Store,Compeleted,0,
502788,,89,20,23,2024-05-16,2024-05-17,10,1760.47,40,cash,In-Store,completed,0,Bulk order - verify stock
509550,877,31,30,12,2024-02-03,2024-02-04,3,152.67,10,upi,Online,Completed,131.73,Corporate order
500420,463,109,5,20,2024-04-10,2024-04-15,10,506.84,20,net banking,In-Store,completed,0,Corporate order
508600,13,59,18,8,2025-11-27,2025-11-22,8,1013.53,15,Debit Card,Online,Compeleted,63.35,
504553,98,110,26,16,2026-03-01,2026-03-02,10,234.27,30,Cash,In-Store,Completed,0,
501354,737,32,39,21,2026-01-03,2026-01-05,2,100.98,20,U.P.I,Online,Compeleted,87.75,Urgent delivery requested
506243,,41,20,5,2025-06-23,2025-07-01,10,236.95,40,CARD,Online,completed,94.47,Corporate order
504178,843,105,39,7,2025-04-10,2025-04-15,2,462.07,10,UPI,Online,Completed,61.44,
509001,850,41,14,6,2024-02-18,,9,245.78,10,upi,Online,COMPLETED,133.95,
506589,26,91,31,10,2025-01-30,2025-02-06,4,480.59,5,NetBanking,Online,completed,77.8,Loyalty discount applied manually
508114,95,16,19,21,2026-01-14,2026-01-15,9,2025.99,15,U.P.I,Online,Completed,131.18,
505716,683,90,23,24,2026-01-04,2026-01-08,10,1491.25,35,net banking,Online,Completed,130.24,
503481,413,5,6,4,2025-12-07,2025-12-14,10,3340.8,15,cash,In-Store,Compeleted,0,
505711,253,36,13,21,2024-05-23,2024-05-27,4,413.9,10,CASH,Online,Returned,92.19,
505487,336,63,24,1,2024-02-16,2024-02-19,6,1147.39,25,NetBanking,Online,Compeleted,101.64,
502503,999011,32,13,3,2026-02-12,2026-02-20,1,101.72,45,NetBanking,Online,Compeleted,93.29,
509454,945,40,4,22,2024-08-18,2024-08-25,1,199.44,20,cash,In-Store,completed,0,Urgent delivery requested
507792,319,90,28,7,2024-06-06,2024-06-07,4,1515.62,20,net banking,Online,completed,98.95,
506394,870,83,2,3,2025-07-12,2025-07-20,4,2337,20,NEFT,In-Store,PENDING,0,Gift wrap requested
501757,864,97,9,21,2025-04-18,2025-04-19,10,1826.14,0,cash,Online,Completed,73.39,
504762,961,21,32,2,2025-09-08,2025-09-15,7,678.44,15,CARD,Online,returned,93.45,
509029,809,42,36,17,2025-03-29,2025-04-06,4,83.03,15,upi,In-Store,COMPLETED,0,Corporate order
507758,735,32,31,8,2024-08-05,2024-08-08,3,104.39,0,CASH,Online,Retuned,87.83,Bulk order - verify stock
509013,98,67,35,16,2024-08-26,2024-08-27,8,1099.81,20,Cash,Online,Pending,31.23,
505080,306,118,33,7,2026-01-31,2026-02-08,1,437.76,0,Debit Card,Online,Compeleted,44.33,
509164,658,104,34,7,2024-12-13,2024-12-15,3,374.99,20,U.P.I,In-Store,Completed,0,
507640,984,43,29,12,2025-12-06,2025-12-12,6,292.49,25,NetBanking,In-Store,Retuned,0,
505245,715,14,10,13,2026-06-26,2026-06-28,3,4932.3,20,Upi,In-Store,Compeleted,0,
500272,791,49,9,3,2025-08-27,2025-09-03,4,178.06,25,Upi,Online,Pending,116.11,Gift wrap requested
502263,574,84,31,8,2024-06-21,2024-06-18,10,773.6,25,Upi,Online,Returned,73.67,
501009,797,29,38,2,2024-11-15,2024-11-23,4,2945.19,30,U.P.I,In-Store,PENDING,0,
507449,972,81,4,16,2026-05-08,2026-05-14,10,1744.04,10,Net Banking,Online,Cancelled,147.37,
504134,282,74,6,4,2024-06-05,2024-06-13,6,1338.57,30,U.P.I,In-Store,COMPLETED,0,Bulk order - verify stock
507072,937,70,22,1,2024-05-07,2024-05-13,4,1920.66,20,Net Banking,Online,completed,115.41,
505107,356,6,10,16,2025-06-21,2025-06-23,5,1684.91,15,net banking,Online,completed,97.59,Gift wrap requested
501214,405,117,28,15,2024-09-23,2024-09-21,7,295.91,15,NetBanking,In-Store,COMPLETED,0,Gift wrap requested
501142,898,9,25,9,2024-01-03,2024-01-10,9,1231.45,30,Credit Card,Online,completed,47.08,
500293,143,36,22,3,2024-10-01,2024-10-02,6,421.69,0,U.P.I,In-Store,Returned,0,Bulk order - verify stock
506594,666,92,11,21,2025-01-12,,5,1900.38,30,Cash,Online,Retuned,133.99,
506949,563,98,36,19,2024-07-17,2024-07-25,9,1924.46,5,Upi,In-Store,COMPLETED,0,Loyalty discount applied manually
509730,502,66,31,6,2026-02-25,2026-03-06,5,1822.47,5,Cash,Online,pending,44.59,
501965,300,124,4,17,2026-02-14,2026-02-16,7,269.15,15,Cash,In-Store,cancelled,0,
504039,554,96,10,19,2026-02-14,2026-02-16,5,1862.75,5,Upi,Online,completed,141.12,
504074,801,76,22,20,2026-04-04,2026-04-06,5,1746.42,25,cash,In-Store,completed,0,
502395,641,14,36,22,2025-09-23,2025-09-26,6,4816.91,10,Upi,In-Store,CANCELLED ,0,Loyalty discount applied manually
503475,736,70,9,3,2026-02-24,2026-02-25,10,1842.58,45,NetBanking,In-Store,COMPLETED,0,Customer requested callback
503754,312,125,29,5,2026-06-19,2026-06-25,9,398.21,15,NetBanking,Online,COMPLETED,136.65,Customer requested callback
501930,464,37,13,21,2025-02-13,2025-02-21,8,189.4,0,CASH,In-Store,completed,0,Corporate order
506084,653,103,22,17,2024-06-13,2024-06-18,3,604.76,5,card,Online,completed,104.35,Gift wrap requested
508417,416,18,33,22,2024-01-02,2024-01-04,4,890.85,0,Debit Card,In-Store,Compeleted,0,Corporate order
506996,548,96,2,18,2024-05-12,2024-05-15,9,1866.68,25,Net Banking,In-Store,CANCELLED ,0,Bulk order - verify stock
500297,327,57,38,15,2026-06-29,2026-07-01,8,1433.42,20,Cash,Online,Canceled,141.24,Corporate order
504276,906,104,19,15,2024-08-24,2024-08-27,2,385.53,0,Net Banking,Online,Compeleted,88.51,Gift wrap requested
504165,293,104,40,20,2024-12-05,2024-12-12,1,398.68,30,net banking,In-Store,COMPLETED,0,
507827,321,25,15,15,2024-11-16,2024-11-23,5,1517.04,30,NEFT,In-Store,completed,0,Gift wrap requested
503348,775,34,9,13,2025-07-05,2025-07-12,9,148.91,15,Upi,In-Store,completed,0,
507700,25,43,16,3,2025-04-21,2025-04-26,8,308.21,0,CASH,Online,Compeleted,146.29,Urgent delivery requested
508327,95,122,3,4,2025-04-27,2025-05-03,4,164.39,30,Debit Card,Online,COMPLETED,126.39,
504538,29,114,8,7,2026-06-05,2026-06-11,5,186.36,10,Upi,In-Store,PENDING,0,
506038,548,103,39,18,2024-12-13,2024-12-19,10,632.96,30,NetBanking,Online,PENDING,33.78,Customer requested callback
503545,190,105,10,15,2024-10-17,2024-10-25,3,466.5,25,Credit Card,Online,CANCELLED ,142.02,Corporate order
505544,409,104,21,22,2025-03-12,2025-03-16,6,394.44,15,CASH,Online,Completed,97.05,Corporate order
502505,409,31,24,10,2025-05-10,2025-05-18,9,153.12,20,Cash,Online,PENDING,92.27,
502594,945,13,40,1,2025-01-26,2025-02-04,4,4343.8,25,Card,Online,Completed,57.27,Urgent delivery requested
503890,302,46,36,15,2025-06-14,2025-06-15,10,305.22,20,Upi,In-Store,Returned,0,Gift wrap requested
506690,638,1,28,16,2025-06-21,2025-06-25,4,2872.78,30,Upi,In-Store,COMPLETED,0,
509845,979,70,1,6,2025-05-17,2025-05-19,10,1903.81,20,Net Banking,Online,Completed,97.08,Gift wrap requested
508713,618,90,15,6,2024-02-26,2024-02-29,2,1482.58,10,CASH,Online,Compeleted,51.01,Loyalty discount applied manually
504030,458,101,40,18,2026-05-05,2026-05-13,4,2130.71,10,cash,In-Store,COMPLETED,0,Bulk order - verify stock
501055,430,112,6,7,2024-10-10,2024-10-19,8,573.4,25,card,In-Store,pending,0,
502388,13,68,19,4,2025-09-16,2025-09-17,9,381.12,20,NEFT,Online,Compeleted,82.64,Urgent delivery requested
502659,595,50,27,8,2024-04-14,2024-04-17,7,290.12,25,NEFT,Online,completed,60.74,Gift wrap requested
506489,759,107,1,15,2024-02-09,2024-02-14,-2,376.75,5,UPI,In-Store,Completed,-83.1,Urgent delivery requested
505505,375,26,3,15,2025-11-30,,3,3208.37,25,Card,Online,PENDING,116.29,
502641,208,21,12,5,2025-11-05,2025-11-09,5,665.97,30,cash,Online,completed,54.75,Loyalty discount applied manually
506048,946,15,35,19,2024-06-09,2024-06-11,5,1913.25,0,UPI,Online,Pending,36.43,Bulk order - verify stock
503173,128,56,6,15,2025-09-05,,4,955.17,10,Net Banking,In-Store,completed,0,Corporate order
502652,952,94,34,8,2025-06-06,2025-06-13,1,1312.71,25,CASH,In-Store,Compeleted,-98.31,
507194,477,29,14,11,2024-12-20,2024-12-29,4,2847.91,30,cash,Online,completed,36.68,
505485,917,68,4,19,2024-08-25,2024-08-26,8,369.57,10,net banking,In-Store,completed,0,
502956,32,91,31,7,2024-07-17,2024-07-21,8,475.89,5,net banking,Online,PENDING,76.66,
500035,185,124,13,8,2025-12-06,2025-12-10,7,287.68,10,CARD,In-Store,Returned,0,
504234,51,106,9,11,2024-06-12,2024-06-17,5,676.97,10,UPI,In-Store,completed,0,
506932,1,90,26,5,2026-04-20,2026-04-27,6,1582.17,15,U.P.I,Online,pending,72.53,
506650,565,58,3,11,2024-05-30,2024-06-05,8,1962.47,10,Upi,In-Store,COMPLETED,0,
503453,528,26,40,24,2025-06-04,2025-06-13,1,3040.71,15,UPI,Online,CANCELLED ,30.91,
503321,293,15,36,17,2026-05-13,2026-05-14,6,1914.25,5,Credit Card,In-Store,Retuned,0,Bulk order - verify stock
506942,477,86,39,8,2025-07-11,2025-07-19,10,467.32,30,net banking,Online,Completed,70.71,Corporate order
508755,28,28,14,14,2025-09-08,2025-09-11,7,3804.54,20,cash,In-Store,completed,0,Bulk order - verify stock
501527,386,111,1,4,2024-11-07,2024-11-13,7,660.26,25,Card,Online,completed,119.53,Urgent delivery requested
506186,44,51,34,17,2025-07-06,2025-07-15,5,366.2,20,upi,In-Store,Completed,0,Bulk order - verify stock
509215,520,37,18,22,2025-03-31,2025-04-04,10,207.1,45,Card,In-Store,Compeleted,0,Urgent delivery requested
500816,549,13,35,22,2026-04-02,2026-04-06,4,4387.04,15,Debit Card,Online,Completed,43.23,
507070,853,29,37,3,2024-07-28,2024-07-31,4,3006.5,5,NEFT,Online,completed,88.96,Corporate order
508893,450,68,38,18,2025-06-06,2025-06-07,2,365.18,20,upi,In-Store,COMPLETED,0,Urgent delivery requested
505087,922,23,23,11,2024-05-12,2024-05-16,7,,15,Debit Card,In-Store,Compeleted,0,
503541,344,87,29,5,2025-11-21,2025-11-30,10,1350.95,25,Upi,Online,COMPLETED,89.44,Corporate order
509185,563,63,32,2,2026-03-26,2026-03-27,2,1173.08,15,U.P.I,Online,Cancelled,73.08,Corporate order
503757,590,26,40,13,2025-05-17,2025-05-18,8,3123.08,0,card,In-Store,Compeleted,0,
508278,566,118,3,20,2024-02-04,2024-02-07,4,435.38,30,card,In-Store,COMPLETED,0,
500625,689,93,38,8,2024-11-26,2024-11-28,10,385.79,5,upi,Online,Cancelled,69.91,Gift wrap requested
506250,159,68,15,24,2026-05-20,2026-05-26,1,386.22,25,upi,In-Store,completed,0,Bulk order - verify stock
502911,669,10,5,10,2026-03-11,2026-03-14,6,736.29,15,Debit Card,In-Store,Canceled,0,Urgent delivery requested
501086,52,48,38,19,2024-12-05,2024-12-11,5,136.36,20,U.P.I,In-Store,returned,0,
508349,524,97,24,8,2025-01-28,2025-02-04,10,1827.59,5,card,In-Store,Returned,0,Corporate order
504788,694,40,15,22,2024-05-05,2024-04-30,3,205.32,20,cash,Online,Returned,82.87,
506371,284,88801,34,6,2026-06-18,2026-06-27,2,1973.9,0,cash,In-Store,Completed,0,Bulk order - verify stock
504300,144,95,38,21,2026-05-05,,4,647.24,15,net banking,In-Store,Canceled,0,
500190,846,19,39,2,2025-12-22,2025-12-20,9,2732.08,20,cash,Online,completed,117.93,
508252,102,82,24,10,2025-03-20,2025-03-28,1,546.33,20,NEFT,Online,COMPLETED,75.44,
507067,721,1,25,15,2025-10-28,2025-11-01,3,2752.56,25,upi,Online,Retuned,110.31,
508484,90,42,23,16,2026-04-27,2026-04-29,8,85.94,25,Debit Card,Online,returned,100.14,
500391,269,94,11,23,2024-11-05,2024-11-06,5,1383.73,40,Upi,In-Store,Compeleted,0,Customer requested callback
508551,,88816,21,22,2025-11-13,2025-11-15,1,2920.98,20,NEFT,In-Store,Completed,0,Customer requested callback
502382,478,86,27,8,2024-08-29,2024-09-06,9,444.77,0,Debit Card,In-Store,Compeleted,0,
500559,411,117,20,15,2026-03-21,2026-03-29,9,281.23,15,Upi,In-Store,Completed,0,
502854,359,58,11,21,2026-06-24,2026-07-01,10,2012.03,30,NEFT,Online,Compeleted,96.24,Loyalty discount applied manually
505988,501,123,33,20,2025-08-03,2025-08-08,4,393.49,35,Cash,Online,COMPLETED,100.15,
505426,889,45,17,5,2024-07-22,2024-07-31,8,169.02,20,NetBanking,In-Store,completed,0,Gift wrap requested
507192,414,121,1,7,2025-02-14,2025-02-17,9,520.79,10,Net Banking,In-Store,COMPLETED,0,Gift wrap requested
503820,725,70,7,21,2025-10-14,,10,1829.78,10,cash,In-Store,completed,0,
505772,764,20,26,11,2025-04-29,2025-05-01,7,3092.12,25,CARD,In-Store,Compeleted,0,Loyalty discount applied manually
500714,873,3,11,20,2026-03-01,2026-03-03,1,4509.73,5,cash,Online,Compeleted,139.54,
502325,231,115,29,5,2025-11-13,2025-11-14,10,350.78,10,U.P.I,In-Store,Compeleted,0,
507846,403,88809,33,18,2025-01-23,2025-01-27,10,2256.93,30,cash,Online,completed,126.79,
503095,170,2,13,4,2024-04-29,2024-04-30,5,3014.38,20,CARD,In-Store,Completed,0,Gift wrap requested
508205,130,45,25,18,2026-06-30,2026-07-05,4,160.22,30,net banking,Online,COMPLETED,131.69,
508632,786,34,16,18,2024-03-19,2024-03-26,1,143.62,50,net banking,Online,completed,121.62,Customer requested callback
509837,987,88811,10,2,2024-08-09,2024-08-14,6,601.69,15,net banking,Online,Completed,108.55,
509023,679,110,27,11,2025-06-09,2025-06-10,3,241.56,25,card,In-Store,Compeleted,0,
507083,391,52,29,7,2026-05-31,2026-06-07,7,361.91,20,U.P.I,In-Store,COMPLETED,0,Gift wrap requested
503031,86,28,20,21,2024-09-24,2024-09-28,6,4062.78,30,cash,Online,Cancelled,94.56,Urgent delivery requested
503037,593,11,22,17,2024-02-23,2024-03-02,10,4387.06,5,upi,In-Store,Pending,0,Loyalty discount applied manually
506956,140,109,34,11,2025-12-18,2025-12-19,4,486.27,20,cash,In-Store,Pending,0,
507269,425,121,23,19,2025-12-03,2025-12-08,8,542.11,10,Upi,In-Store,returned,0,Bulk order - verify stock
509737,526,18,34,4,2024-04-20,2024-04-23,7,903.47,10,upi,Online,completed,67.09,
505992,933,23,39,13,2024-02-26,2024-03-06,1,2112.52,5,Net Banking,In-Store,Compeleted,0,
503041,629,85,35,10,2025-08-19,2025-08-28,10,893.55,10,net banking,Online,COMPLETED,94.81,
506181,664,28,2,18,2024-08-02,2024-08-11,3,3750.8,30,Upi,Online,Compeleted,44.45,Bulk order - verify stock
507113,891,23,5,21,2025-07-06,2025-07-15,5,2009.44,15,Net Banking,Online,COMPLETED,121.67,
500763,936,107,25,12,2024-02-10,2024-02-12,2,390.97,15,upi,In-Store,Cancelled,0,Urgent delivery requested
503330,85,50,19,11,2024-08-07,2024-08-15,4,285.27,10,U.P.I,In-Store,completed,0,Bulk order - verify stock
509520,293,43,3,10,2024-12-23,2024-12-26,6,308.91,0,CASH,Online,CANCELLED ,145.62,
503521,641,2,38,7,2026-01-04,2026-01-06,9,2948.83,25,Net Banking,Online,Retuned,140.54,Bulk order - verify stock
505277,211,21,14,7,2024-06-07,2024-06-02,4,677.45,10,Cash,In-Store,Completed,0,
504543,764,10,40,13,2025-11-06,2025-11-08,4,719.76,30,UPI,Online,Compeleted,141.45,Corporate order
506563,501,88809,8,18,2025-08-11,2025-08-13,9,1065.05,25,CASH,Online,COMPLETED,95.8,Loyalty discount applied manually
508647,744,124,5,10,2024-11-20,2024-11-22,6,287.31,30,Cash,Online,completed,57.25,Customer requested callback
501988,277,20,25,23,2026-03-04,2026-03-11,8,3110.98,15,card,Online,completed,69.16,
509216,318,107,18,1,2026-03-03,2026-03-09,4,389.38,5,UPI,In-Store,Retuned,0,Corporate order
506865,213,35,33,1,2025-08-24,2025-08-26,8,173.93,30,Cash,Online,completed,142.02,Corporate order
506220,913,47,19,16,2025-04-25,2025-05-03,7,122.74,5,cash,In-Store,Compeleted,0,
503478,957,100,15,7,2025-11-08,2025-11-12,3,507.44,5,Net Banking,In-Store,Compeleted,0,Loyalty discount applied manually
506079,774,104,28,10,2026-03-28,2026-03-29,6,379.78,10,Cash,In-Store,CANCELLED ,0,
509726,485,68,40,19,2024-12-19,2024-12-16,4,372.92,50,UPI,In-Store,Compeleted,0,
500509,751,120,3,9,2024-01-30,2024-02-05,1,151.02,15,Debit Card,Online,Compeleted,139.52,Loyalty discount applied manually
502472,240,57,20,14,2025-03-27,2025-03-30,2,1418.01,15,upi,Online,completed,129.55,Bulk order - verify stock
504796,320,62,7,23,2025-01-17,2025-01-19,6,840.25,25,UPI,Online,Completed,91.51,
506264,451,83,28,23,2026-03-26,2026-04-02,10,2296.65,25,CASH,Online,returned,65.62,Urgent delivery requested
508413,676,55,24,2,2025-09-09,2025-09-17,7,1638.5,25,Cash,Online,Compeleted,103.22,Gift wrap requested
509566,1000,2,23,24,2025-06-10,2025-06-15,0,2955.29,20,Upi,In-Store,Completed,0,Gift wrap requested
503194,512,94,26,14,2025-11-25,2025-11-20,5,1291.27,5,card,In-Store,Retuned,0,
501826,381,68,37,14,2024-04-12,2024-04-20,10,376.25,15,Upi,In-Store,Completed,0,Corporate order
509669,633,78,22,16,2024-08-11,2024-08-20,3,519.07,20,net banking,In-Store,returned,0,
507032,285,78,35,7,2025-02-24,2025-02-25,7,,15,NEFT,In-Store,Compeleted,0,
508974,664,28,20,12,2026-01-12,2026-01-19,4,3797.29,10,Credit Card,Online,Compeleted,127.45,
504278,750,91,26,6,2026-06-02,2026-06-06,6,501.83,20,NEFT,Online,Compeleted,46.64,
505341,294,34,16,22,2024-01-18,2024-01-22,2,157.34,20,Upi,In-Store,returned,0,Gift wrap requested
507833,757,55,7,20,2026-01-05,2026-01-08,1,1726.2,15,cash,In-Store,pending,0,
504804,406,74,1,10,2025-07-30,2025-08-06,7,1288.26,25,UPI,Online,Completed,129.73,
504238,177,114,31,15,2025-05-03,2025-05-11,4,192.53,20,CARD,Online,COMPLETED,120.48,Bulk order - verify stock
508785,356,82,39,23,2025-02-28,2025-03-09,5,515.12,10,Card,Online,Retuned,42.97,Corporate order
504927,144,3,37,6,2024-08-11,2024-08-12,8,4719.57,15,Credit Card,In-Store,COMPLETED,0,Corporate order
506806,243,44,34,14,2026-03-26,2026-03-27,9,440.92,25,NetBanking,Online,COMPLETED,108.34,
501600,145,29,5,15,2024-02-07,2024-02-12,10,3070.47,20,CARD,Online,cancelled,124.12,
503552,70,50,27,24,2024-07-25,2024-07-30,10,280.32,15,card,In-Store,Completed,0,
500868,464,104,2,14,2025-10-08,2025-10-13,6,393.29,5,card,Online,completed,63.71,
500062,566,37,33,17,2026-01-30,2026-01-31,8,207.96,15,CASH,In-Store,Completed,0,Urgent delivery requested
503021,722,40,10,10,2024-07-08,2024-07-10,8,194.44,25,UPI,Online,Cancelled,39.61,Bulk order - verify stock
502067,7,27,34,3,2024-10-02,2024-10-10,7,3846.34,25,CASH,In-Store,Retuned,0,
506598,322,108,31,16,2025-07-30,,8,,20,NEFT,Online,pending,49.12,Bulk order - verify stock
508276,372,75,15,21,2024-09-07,2024-09-12,7,1255.76,30,UPI,Online,Compeleted,91.36,
501606,72,51,21,12,2025-06-11,2025-06-13,2,370.94,30,Net Banking,In-Store,Compeleted,0,
507412,530,22,30,12,2024-02-28,2024-03-06,10,1243.89,20,Net Banking,Online,Compeleted,56.62,Loyalty discount applied manually
502006,208,43,5,8,2024-03-11,2024-03-13,4,315.23,30,cash,In-Store,Compeleted,0,Gift wrap requested
508187,227,21,21,6,2024-05-22,2024-05-23,7,621.97,25,Debit Card,In-Store,returned,0,Gift wrap requested
507752,760,16,7,10,2025-06-03,2025-06-10,2,2079.79,20,Card,Online,COMPLETED,60.51,Customer requested callback
503224,76,118,10,24,2025-10-23,2025-10-29,9,469.93,5,Debit Card,In-Store,completed,0,Urgent delivery requested
508698,168,59,2,1,2024-10-17,2024-10-20,10,1059.07,10,Cash,In-Store,Compeleted,0,
509154,341,34,22,22,2024-03-13,2024-03-18,10,146.33,10,Card,In-Store,completed,0,Urgent delivery requested
501903,570,90,9,15,2024-01-10,2024-01-15,4,1599.45,10,net banking,In-Store,Retuned,0,Corporate order
506277,21,116,7,21,2025-11-30,2025-12-03,6,206.02,0,CASH,Online,completed,109.51,
509835,258,116,19,7,2025-09-26,2025-10-03,7,201.14,30,cash,Online,completed,74.42,
505849,47,108,15,17,2025-09-29,2025-09-30,5,168.06,5,CARD,In-Store,COMPLETED,0,
508018,368,114,17,9,2026-05-20,2026-05-28,7,203.9,5,Debit Card,In-Store,pending,0,
507575,618,66,35,9,2025-05-18,2025-05-23,2,1858.06,25,Debit Card,In-Store,Completed,0,
506761,58,106,26,12,2024-03-07,2024-03-14,6,674.01,20,U.P.I,In-Store,COMPLETED,0,Urgent delivery requested
503294,588,116,30,21,2025-07-30,2025-08-08,8,209.19,10,NetBanking,In-Store,COMPLETED,0,
506640,222,18,32,4,2025-03-29,2025-04-06,7,904.61,20,U.P.I,Online,PENDING,90.84,
505521,958,88813,3,13,2025-08-10,2025-08-07,6,3022.54,10,NetBanking,Online,completed,61.52,Loyalty discount applied manually
504829,112,57,25,11,2024-05-11,2024-05-12,7,1316.27,25,net banking,In-Store,Compeleted,0,Loyalty discount applied manually
500428,324,42,9,8,2024-03-14,2024-03-20,6,85.87,20,NetBanking,In-Store,COMPLETED,0,
508084,106,65,5,5,2025-09-11,2025-09-12,2,1517.28,15,NEFT,Online,Compeleted,70.34,
507340,809,70,28,9,2026-03-27,2026-03-31,7,1949,0,cash,In-Store,Completed,0,Urgent delivery requested
504739,274,72,31,15,2024-05-03,2024-05-09,10,1245.77,20,Debit Card,In-Store,completed,0,Bulk order - verify stock
500257,344,21,4,23,2026-05-22,2026-05-25,9,621.43,25,cash,In-Store,pending,0,
503597,663,37,31,23,2025-08-13,2025-08-16,10,193.21,5,U.P.I,In-Store,Cancelled,0,
501859,463,37,40,10,2025-12-31,2026-01-09,6,207.62,10,net banking,In-Store,Compeleted,0,Gift wrap requested
505823,969,126,38,23,2024-10-10,2024-10-18,9,568.02,15,CARD,In-Store,COMPLETED,0,
508696,905,14,30,6,2026-04-02,2026-04-07,8,4904.36,25,NetBanking,In-Store,completed,0,
507537,937,117,24,23,2026-02-05,2026-02-14,6,282.08,30,CARD,Online,Canceled,136.66,
501402,813,26,20,6,2025-03-08,2025-03-15,1,3106.13,30,net banking,In-Store,Canceled,0,Loyalty discount applied manually
503206,999010,119,2,16,2024-02-12,2024-02-21,8,215.63,25,CASH,In-Store,PENDING,0,Corporate order
508885,213,76,9,21,2025-01-30,2025-02-03,4,1678.94,5,Credit Card,In-Store,returned,0,
504912,889,81,17,1,2025-07-19,2025-07-22,10,1880.16,0,net banking,Online,Canceled,38.91,
507853,645,45,35,8,2025-07-20,2025-07-25,2,163.7,10,NEFT,Online,Completed,72.43,
509064,801,125,32,13,2024-10-24,2024-10-31,6,401.37,30,U.P.I,Online,COMPLETED,105.68,
503841,781,98,15,12,2024-07-05,2024-07-14,10,2062.7,0,upi,Online,completed,87.25,
507482,733,107,33,1,2024-02-02,2024-02-11,9,384.51,10,Debit Card,Online,Completed,109.46,Gift wrap requested
501813,813,41,1,10,2025-01-30,2025-02-01,8,247.16,0,Upi,In-Store,Compeleted,0,Urgent delivery requested
503015,661,85,5,3,2026-06-23,2026-06-24,8,880.1,30,NetBanking,In-Store,completed,0,Bulk order - verify stock
506696,562,95,28,20,2024-11-15,2024-11-20,1,671.94,30,Cash,Online,COMPLETED,57.12,
507166,676,77,24,16,2026-01-22,2026-01-28,2,1401.89,30,CASH,In-Store,completed,0,Gift wrap requested
505968,122,45,19,7,2024-08-22,2024-08-27,7,159.41,20,NetBanking,In-Store,Compeleted,0,
505710,327,107,3,13,2024-04-22,2024-04-29,5,370.69,20,upi,Online,Compeleted,133.79,Bulk order - verify stock
502904,752,94,26,23,2026-03-31,2026-04-02,7,1332.73,0,card,Online,Returned,146.11,Gift wrap requested
503192,349,106,3,12,2024-09-20,2024-09-24,5,699.09,20,card,Online,CANCELLED ,128.96,
504706,11,78,17,12,2025-08-11,2025-08-13,2,527.5,5,UPI,In-Store,Completed,0,Loyalty discount applied manually
501020,149,86,6,4,2024-07-20,,7,451.13,15,NetBanking,Online,Completed,99.61,Urgent delivery requested
509396,869,82,40,4,2025-08-18,2025-08-24,1,515.61,20,cash,Online,COMPLETED,87.98,
505055,694,57,35,14,2026-06-19,2026-06-21,1,1364.52,20,Upi,Online,Compeleted,43.3,
506327,655,117,38,3,2024-11-02,2024-11-10,5,298.5,15,Credit Card,In-Store,completed,0,
504838,138,107,28,17,2024-03-21,2024-03-22,5,368.71,10,NEFT,Online,Returned,91.11,
503778,553,49,36,5,2024-05-26,2024-05-31,2,183.07,5,Net Banking,Online,Completed,58.62,
501406,180,112,19,22,2024-05-07,2024-05-16,10,571.43,30,cash,In-Store,Completed,0,
505423,31,75,7,3,2024-04-03,2024-04-11,1,1209.55,30,net banking,In-Store,Completed,0,
500088,405,33,12,16,2024-03-06,2024-03-11,7,388.66,5,Upi,In-Store,Compeleted,0,Corporate order
505860,908,10,11,12,2025-01-23,2025-01-29,6,722.89,30,cash,Online,Pending,31.27,
500617,404,94,24,23,2025-06-10,2025-06-18,6,1288.85,30,Cash,Online,completed,145.77,
502270,750,71,30,10,2024-03-07,2024-03-11,1,621.48,20,Card,Online,COMPLETED,135.98,
504337,806,56,19,24,2026-01-03,2026-01-07,3,901.23,30,net banking,Online,pending,85.91,Bulk order - verify stock
506231,664,81,23,13,2024-02-11,2024-02-16,5,1854.79,20,card,Online,completed,136.84,Gift wrap requested
503245,202,22,29,16,2025-09-12,2025-09-20,6,1254.19,30,cash,Online,Cancelled,58.17,
505280,52,92,39,3,2025-04-02,2025-04-08,2,1726.11,30,UPI,Online,completed,139.39,Corporate order
500425,970,109,34,2,2026-03-02,2026-03-04,5,479.9,30,Cash,In-Store,completed,0,Corporate order
501274,36,80,9,22,2025-03-09,2025-03-14,5,1317.78,0,net banking,Online,COMPLETED,93.48,Loyalty discount applied manually
508145,218,7,15,22,2024-04-04,2024-04-11,9,710.57,30,NetBanking,In-Store,Cancelled,0,Loyalty discount applied manually
502865,778,85,34,16,2025-10-12,2025-10-20,4,932.49,10,NEFT,In-Store,Completed,0,
507889,629,52,17,13,2025-09-10,2025-09-11,10,363.87,5,card,Online,Compeleted,95.47,
505253,370,6,13,15,2026-02-24,2026-02-27,3,1780.06,10,Net Banking,Online,Completed,115.86,Loyalty discount applied manually
507890,72,73,27,12,2024-08-31,2024-09-07,5,1108.15,30,net banking,Online,COMPLETED,32.27,Loyalty discount applied manually
502646,,57,23,14,2024-07-01,2024-07-03,4,1425.37,25,cash,In-Store,cancelled,0,
506959,329,12,16,19,2025-02-16,2025-02-17,8,469.63,30,CARD,In-Store,completed,0,
506909,886,70,7,22,2025-08-17,2025-08-18,7,1974.37,25,CASH,Online,Pending,80.46,Urgent delivery requested
508772,251,69,20,17,2025-07-14,2025-07-19,4,1086,25,CASH,Online,Completed,96.76,
504296,762,80,23,6,2026-01-28,,5,1342.63,25,U.P.I,In-Store,Completed,0,
501450,665,40,1,9,2025-12-11,2025-12-19,4,190.15,5,Cash,Online,Cancelled,61.86,
503870,584,29,12,5,2025-09-23,2025-09-26,7,2958.27,30,U.P.I,In-Store,pending,0,
502737,363,95,1,21,2024-09-27,2024-09-29,4,678.27,15,NetBanking,Online,Completed,130.11,
504880,396,27,29,10,2025-04-17,2025-04-20,8,3538.5,20,upi,In-Store,Completed,0,
505793,957,67,9,9,2024-07-02,2024-07-09,1,1114.05,5,NEFT,In-Store,Completed,0,
509068,586,68,30,2,2025-07-25,2025-08-03,1,376.5,15,NEFT,Online,completed,73.33,Urgent delivery requested
503371,830,95,22,8,2024-07-01,2024-07-03,7,681.84,10,Net Banking,Online,Retuned,69.21,Loyalty discount applied manually
506088,670,75,23,23,2025-05-14,2025-05-18,6,1263.92,5,upi,Online,COMPLETED,41.46,Gift wrap requested
503931,66,50,1,7,2025-03-07,2025-03-11,2,278.02,30,Credit Card,Online,Returned,72.07,
508813,130,117,35,15,2025-12-14,2025-12-19,8,291.44,5,Card,Online,Compeleted,-93.07,
506931,61,84,31,20,2025-10-28,2025-11-03,2,738.57,5,UPI,In-Store,Compeleted,0,
509471,68,107,30,1,2026-04-01,2026-04-05,4,368.43,25,NetBanking,In-Store,Compeleted,-85.35,Loyalty discount applied manually
500098,530,123,3,14,2025-01-02,2025-01-04,7,401.93,10,Credit Card,In-Store,completed,0,Urgent delivery requested
504619,422,121,1,4,2024-11-10,2024-11-11,2,531.5,25,Card,Online,Compeleted,130.2,Corporate order
503595,422,9,4,2,2024-04-17,2024-04-23,9,1242.68,25,CARD,Online,COMPLETED,112.62,
507242,262,65,11,13,2026-06-13,2026-06-18,5,1544.62,30,Cash,In-Store,returned,0,Bulk order - verify stock
500359,142,28,27,5,2024-05-22,2024-05-28,8,3928.6,5,Cash,In-Store,completed,0,
504830,505,15,7,4,2025-01-27,2025-01-30,1,1761.05,25,NetBanking,Online,Compeleted,30.22,Gift wrap requested
501565,879,61,40,22,2024-07-16,2024-07-21,7,1112.41,20,card,Online,Pending,148.39,
508637,466,118,28,6,2025-04-18,2025-04-21,8,448.18,10,CARD,Online,Compeleted,97.87,
504338,69,92,38,19,2025-03-30,2025-03-31,7,1814.57,10,Net Banking,In-Store,cancelled,0,
503967,985,13,25,11,2025-12-09,2025-12-12,1,4184.91,30,upi,Online,pending,122.22,
505997,533,33,24,9,2026-02-20,,4,389.8,25,CASH,In-Store,returned,0,Loyalty discount applied manually
500307,758,87,37,9,2026-06-04,2026-06-08,5,1298.33,20,Net Banking,In-Store,Completed,0,Bulk order - verify stock
507627,365,64,21,9,2025-09-24,2025-09-26,2,1349.11,15,Net Banking,In-Store,Completed,0,
505667,684,7,3,15,2026-06-01,2026-06-04,8,705.25,15,NEFT,In-Store,Retuned,0,Loyalty discount applied manually
508641,822,17,28,6,2026-01-17,2026-01-22,6,4330.88,15,NetBanking,In-Store,COMPLETED,0,Urgent delivery requested
504311,955,23,1,13,2026-05-28,2026-05-31,10,1997.69,0,card,Online,Compeleted,67.31,
509120,419,48,3,15,2025-02-24,2025-03-05,1,129.68,15,card,Online,CANCELLED ,65.58,Urgent delivery requested
501934,882,67,29,2,2024-04-12,2024-04-13,8,1032.07,15,NetBanking,Online,COMPLETED,30.62,Urgent delivery requested
506367,368,24,7,19,2026-01-31,2026-02-07,8,4712.85,15,Cash,In-Store,completed,0,Gift wrap requested
503564,580,28,22,19,2026-01-01,2026-01-08,7,4094.21,15,U.P.I,Online,COMPLETED,43.43,Gift wrap requested
509092,855,101,14,10,2025-05-02,2025-05-05,0,2306.02,20,Cash,In-Store,Compeleted,0,
501984,916,83,33,2,2026-03-22,2026-03-24,5,2351.23,30,NEFT,Online,Completed,84.3,
502476,511,71,4,23,2025-01-17,2025-01-21,7,604.12,5,upi,Online,Completed,141.85,
506785,904,103,14,12,2025-07-10,2025-07-15,9,629.8,0,CASH,In-Store,Completed,0,
509188,375,90,28,24,2025-02-19,2025-02-25,7,1573.51,0,Cash,In-Store,Completed,0,
502549,606,85,12,16,2024-06-12,2024-06-14,5,927.31,5,NEFT,In-Store,completed,0,Bulk order - verify stock
508635,344,65,15,4,2026-02-05,2026-02-13,4,1541.98,0,CARD,Online,returned,113.59,
505539,939,15,25,24,2024-08-14,2024-08-23,4,1896.85,15,Upi,Online,Completed,145.86,
502545,201,65,15,21,2024-06-16,2024-06-21,5,1500.66,20,NetBanking,In-Store,Completed,0,
506096,455,26,16,5,2025-06-01,2025-06-10,10,3205.15,25,CASH,Online,cancelled,68.57,Gift wrap requested
504514,942,33,18,12,2026-02-07,2026-02-16,3,396.72,25,Upi,In-Store,Completed,0,
505520,575,52,35,21,2024-07-31,2024-08-09,3,366.13,15,CASH,In-Store,Completed,0,Customer requested callback
503151,160,112,27,7,2024-05-24,2024-05-26,1,525.1,30,UPI,In-Store,Compeleted,0,Urgent delivery requested
500155,72,21,35,12,2026-01-08,2026-01-12,5,678.18,20,Net Banking,Online,Canceled,34.25,
502728,16,125,38,9,2026-05-30,2026-06-04,9,399.14,10,upi,Online,Completed,120.52,Urgent delivery requested
501725,595,33,16,14,2024-08-09,2024-08-11,6,373.81,20,CARD,In-Store,Canceled,0,Customer requested callback
504579,97,21,6,2,2024-02-04,2024-02-12,1,644.24,10,Cash,In-Store,Compeleted,0,
507318,533,39,35,20,2024-07-30,2024-08-07,8,473.9,50,upi,In-Store,Completed,0,
509314,753,63,5,8,2025-11-14,2025-11-18,7,1235.53,30,U.P.I,In-Store,Completed,0,Loyalty discount applied manually
506397,759,115,17,10,2025-02-02,,5,335.81,25,Credit Card,Online,pending,80.79,
503392,573,3,33,14,2025-10-10,2025-10-14,9,4498.8,30,NEFT,In-Store,completed,0,
502572,758,34,23,4,2025-11-20,2025-11-23,3,155.88,10,CARD,In-Store,Compeleted,0,
505632,98,33,11,16,2024-01-13,2024-01-21,3,393.82,5,CASH,In-Store,cancelled,0,
503440,308,53,14,17,2024-04-13,2024-04-15,1,288.3,30,net banking,In-Store,Compeleted,0,Gift wrap requested
507206,924,118,37,2,2024-12-28,2025-01-01,2,464.73,15,Upi,In-Store,Returned,0,
502078,29,124,10,17,2026-05-19,2026-05-27,10,275.1,25,UPI,Online,Retuned,138.7,
502771,607,119,34,17,2025-04-10,2025-04-15,5,222.87,15,card,In-Store,completed,0,
501960,382,80,32,20,2024-07-02,2024-07-04,2,1402.01,25,Card,In-Store,returned,0,Customer requested callback
507695,32,24,30,2,2025-02-08,2025-02-13,2,4511.72,25,Credit Card,In-Store,Completed,0,
509824,717,69,38,13,2024-03-29,2024-04-04,3,1123.66,0,Net Banking,Online,cancelled,53.41,
504893,573,70,5,13,2024-02-29,2024-03-06,5,1971.83,5,Upi,Online,COMPLETED,51,Bulk order - verify stock
506767,860,43,31,4,2025-01-21,2025-01-24,2,306.76,25,UPI,Online,pending,79.86,
501772,632,14,40,24,2024-05-12,2024-05-17,7,4728.31,45,NetBanking,Online,Retuned,71.52,Bulk order - verify stock
509144,65,46,36,19,2025-01-27,2025-01-28,3,328.33,10,Debit Card,Online,COMPLETED,129.63,
506616,396,102,3,2,2024-02-14,2024-02-21,5,976.34,10,Card,In-Store,completed,0,
506046,8,81,1,19,2025-03-26,2025-03-29,9,1849.89,30,card,Online,Compeleted,59.19,Gift wrap requested
507721,194,80,38,13,2025-01-28,2025-02-01,2,1409.2,15,Debit Card,In-Store,completed,0,
504711,433,71,13,6,2024-05-02,2024-05-07,7,619.93,15,UPI,In-Store,pending,0,Customer requested callback
501809,203,31,36,21,2025-12-04,2025-12-08,6,156.37,25,Upi,In-Store,COMPLETED,0,
500619,901,58,7,7,2024-10-22,2024-10-29,1,1992.38,25,UPI,Online,PENDING,35.49,
506232,367,51,8,19,2026-06-28,2026-06-30,10,362.42,0,cash,In-Store,pending,0,
506352,704,114,34,9,2025-06-02,2025-06-08,1,188.49,10,net banking,Online,COMPLETED,42.44,
501216,238,1,38,14,2024-05-18,2024-05-21,4,2778.26,30,NetBanking,In-Store,completed,0,
506237,895,123,30,24,2024-11-03,2024-11-10,10,405.99,5,NetBanking,Online,cancelled,84.3,Urgent delivery requested
502983,,51,19,24,2025-11-12,2025-11-07,9,390.59,5,Cash,In-Store,Completed,0,
503074,708,81,36,9,2024-02-28,2024-03-08,5,1705.65,5,UPI,In-Store,Compeleted,0,
508712,170,1,36,13,2026-04-19,2026-04-28,1,2720.03,25,Cash,Online,Pending,47.47,
505073,482,78,15,16,2026-06-13,2026-06-16,4,534.7,5,upi,Online,Compeleted,88.18,Customer requested callback
500769,763,69,25,24,2025-04-24,2025-04-28,8,1087.59,0,Net Banking,Online,COMPLETED,85.77,Bulk order - verify stock
509412,676,105,24,4,2026-03-16,2026-03-23,1,453.15,25,Upi,Online,cancelled,86.42,Bulk order - verify stock
508779,713,50,22,12,2025-01-30,2025-02-05,7,276.42,25,card,In-Store,Compeleted,0,
508881,892,113,31,16,2025-05-10,2025-05-18,1,230.55,20,UPI,In-Store,Compeleted,0,
508954,896,17,32,15,2026-02-22,2026-03-01,3,4257.74,25,upi,In-Store,COMPLETED,0,Urgent delivery requested
507907,17,81,2,6,2025-03-15,2025-03-16,10,1741.62,25,Net Banking,In-Store,Completed,0,
508456,469,75,11,10,2024-10-04,2024-10-13,2,1176.38,5,Credit Card,Online,completed,60.06,Gift wrap requested
504808,711,3,18,3,2026-04-02,2026-04-04,5,4706.05,5,Credit Card,In-Store,completed,0,Gift wrap requested
506699,51,89,23,1,2025-01-24,2025-02-02,10,1799.59,20,cash,In-Store,Compeleted,0,
500403,891,94,24,2,2025-03-07,2025-03-11,4,1360.02,15,Card,In-Store,Compeleted,0,
507066,848,22,33,7,2024-06-21,2024-06-25,7,1245.08,5,U.P.I,In-Store,Compeleted,0,Gift wrap requested
508930,28,42,5,13,2024-06-13,2024-06-20,8,83.17,10,Card,In-Store,Completed,0,Loyalty discount applied manually
509008,200,59,13,24,2025-01-19,2025-01-23,6,1074.86,20,cash,Online,COMPLETED,89.77,
502034,89,106,21,10,2024-11-16,2024-11-21,8,,30,CARD,Online,COMPLETED,124.88,
509406,371,9,24,5,2026-02-04,2026-02-10,3,1242.62,30,card,Online,Retuned,63.79,
507006,722,82,40,10,2024-03-01,2024-03-04,10,537.52,10,Upi,In-Store,COMPLETED,0,
506548,644,30,7,19,2024-10-20,2024-10-27,10,2717.61,30,Card,Online,completed,100.43,
509327,597,122,17,11,2025-01-04,2025-01-11,10,170.01,20,Debit Card,Online,COMPLETED,34.61,
507801,195,37,19,14,2025-10-29,2025-11-01,10,202.09,25,Credit Card,Online,cancelled,80.37,
505905,666,19,23,8,2024-06-30,2024-07-03,5,2550.68,20,CASH,Online,Completed,107.45,Gift wrap requested
507552,599,118,18,21,2026-05-04,,5,448.57,30,U.P.I,Online,Cancelled,139.51,Bulk order - verify stock
506866,482,36,14,24,2024-06-02,2024-06-08,8,436.36,25,cash,Online,COMPLETED,147.01,Corporate order
505226,554,47,21,20,2025-05-18,2025-05-19,6,116.71,10,Cash,In-Store,PENDING,0,Loyalty discount applied manually
508513,88,39,23,18,2025-04-07,2025-04-08,8,507.87,10,card,In-Store,Completed,0,
509659,657,48,18,21,2025-06-13,2025-06-20,2,136.88,10,Cash,Online,Compeleted,143.64,Corporate order
502255,240,91,27,2,2024-05-30,2024-05-31,8,471.48,25,card,Online,COMPLETED,69.16,
509236,691,102,16,13,2025-12-02,2025-12-09,9,1047.19,10,Card,Online,Completed,58.99,Customer requested callback
503864,87,18,15,3,2024-09-03,2024-09-09,8,924.52,10,Credit Card,In-Store,completed,0,
500609,690,42,22,5,2026-03-13,2026-03-16,9,88.4,25,Credit Card,Online,COMPLETED,66.34,
506377,349,32,32,12,2026-02-09,2026-02-15,4,103.88,20,Credit Card,Online,pending,147,Loyalty discount applied manually
505095,788,88802,32,23,2026-01-26,2026-01-28,3,1341.84,25,U.P.I,Online,Retuned,129.85,
507569,969,58,13,2,2025-05-13,2025-05-14,4,1968.27,20,CASH,In-Store,cancelled,0,
500305,547,34,36,9,2026-01-12,2026-01-19,4,154.73,25,Credit Card,Online,completed,134.17,Corporate order
509619,478,85,24,5,2025-03-18,2025-03-25,2,927.24,35,card,In-Store,cancelled,0,
504870,78,47,32,6,2024-09-21,2024-09-23,8,122.79,30,net banking,Online,completed,63.19,
502752,692,9,40,18,2026-02-19,2026-02-27,5,1176.93,10,Debit Card,Online,Compeleted,141.83,
502203,999012,72,9,18,2026-01-23,2026-01-24,6,1274.36,20,net banking,In-Store,Compeleted,0,
508625,322,37,12,22,2025-08-07,2025-08-15,1,203.12,0,U.P.I,Online,completed,124.17,
501807,742,62,19,2,2024-10-17,2024-10-24,7,897.15,20,Debit Card,In-Store,COMPLETED,0,
504006,888,41,22,6,2025-04-05,2025-04-08,3,237.72,20,cash,In-Store,CANCELLED ,0,Loyalty discount applied manually
500260,57,38,38,3,2026-04-06,2026-04-08,7,299.97,10,Net Banking,In-Store,completed,0,Customer requested callback
501545,307,40,15,10,2024-10-29,2024-11-04,5,196.66,15,NetBanking,In-Store,Completed,0,
504255,,105,12,7,2026-03-10,2026-03-12,1,464.36,15,net banking,Online,COMPLETED,109.76,
508267,792,123,15,3,2025-08-02,2025-08-03,2,409.85,5,Cash,In-Store,COMPLETED,0,Urgent delivery requested
501937,549,96,4,18,2024-07-04,2024-07-08,1,2016.32,15,U.P.I,In-Store,COMPLETED,0,Loyalty discount applied manually
501180,634,45,20,20,2026-06-15,2026-06-16,7,166.04,10,NEFT,Online,COMPLETED,146.79,
500498,27,72,32,9,2024-08-06,2024-08-12,9,1251.56,5,NEFT,In-Store,Retuned,0,
503189,205,49,1,1,2024-08-15,2024-08-18,9,182.97,20,Card,Online,Cancelled,55.3,Urgent delivery requested
501066,642,66,19,11,2024-03-31,2024-04-02,9,1802.89,15,NetBanking,In-Store,Compeleted,0,Corporate order
501654,670,30,13,6,2025-08-01,2025-08-10,6,2695.89,5,upi,Online,completed,42.81,
507304,707,20,26,15,2024-08-05,2024-08-07,6,2973.42,10,NEFT,In-Store,Completed,0,
501771,79,46,21,12,2025-03-09,2025-03-16,9,303.31,15,Card,Online,completed,67.31,Customer requested callback
508174,441,23,1,15,2025-10-16,2025-10-17,4,2109.92,0,Upi,In-Store,Completed,0,Loyalty discount applied manually
507409,834,109,9,1,2025-06-17,2025-06-20,7,482.54,25,Cash,In-Store,COMPLETED,0,
506136,830,95,25,3,2026-04-08,2026-04-11,2,666.95,20,NEFT,Online,Compeleted,42.17,Gift wrap requested
504376,128,113,24,8,2025-10-12,2025-10-15,8,231.1,10,Net Banking,In-Store,completed,0,
504736,474,23,37,17,2025-04-26,2025-04-27,9,2112.23,20,Cash,In-Store,Compeleted,0,
508453,704,97,35,19,2025-12-31,,7,1852.74,30,Upi,In-Store,pending,0,Loyalty discount applied manually
509721,51,88801,29,20,2026-06-11,2026-06-15,4,335.58,0,Cash,Online,COMPLETED,66.39,Bulk order - verify stock
504649,555,3,34,2,2024-12-31,2025-01-06,4,4821.52,20,Upi,In-Store,Completed,0,
504447,646,99,7,15,2024-09-16,2024-09-14,7,975.42,25,NetBanking,Online,COMPLETED,38.53,
501108,991,49,16,4,2025-11-02,2025-11-04,1,175.74,5,CARD,Online,completed,139.08,Customer requested callback
501337,336,11,24,19,2025-09-30,2025-10-05,5,4594.95,30,Debit Card,In-Store,pending,0,
504515,500,18,24,15,2024-11-15,2024-11-22,9,919.22,15,Net Banking,In-Store,Completed,0,
500878,730,114,18,12,2026-03-01,2026-03-10,1,202.31,10,NetBanking,Online,Completed,135.08,
500013,332,121,4,19,2026-06-01,2026-06-04,1,506.12,25,NEFT,Online,completed,94.7,
501489,426,60,2,21,2025-01-26,2025-02-02,9,1570.64,30,cash,Online,Compeleted,42.02,Bulk order - verify stock
505167,781,109,8,12,2026-03-28,2026-04-02,2,483.67,20,Card,Online,Completed,124.75,Corporate order
508682,543,100,20,10,2026-02-18,2026-02-24,6,505.09,25,NEFT,Online,Compeleted,136.14,Corporate order
507314,499,90,10,20,2024-09-30,2024-10-08,10,1541.74,0,U.P.I,In-Store,Returned,0,
506453,800,43,24,21,2025-06-21,2025-06-28,5,294.46,5,U.P.I,In-Store,Compeleted,0,Corporate order
508595,812,66,27,11,2025-03-10,2025-03-17,3,1763.84,5,Card,In-Store,Compeleted,0,Gift wrap requested
506073,343,53,37,7,2025-02-10,2025-02-19,10,267.26,50,Cash,In-Store,Completed,0,Corporate order
509833,573,3,18,8,2024-09-11,2024-09-12,10,4596.81,25,Upi,Online,Returned,104.76,Bulk order - verify stock
507609,990,78,12,16,2025-02-23,2025-02-24,7,512.48,20,Upi,Online,COMPLETED,124.42,
507200,882,22,33,19,2026-02-24,2026-02-23,9,1295.45,10,Cash,Online,Compeleted,104.08,Loyalty discount applied manually
501249,960,46,31,9,2025-11-16,2025-11-25,6,325.25,10,U.P.I,In-Store,Retuned,0,
503536,362,69,17,1,2024-10-30,2024-10-31,2,1090.13,15,Debit Card,In-Store,Compeleted,-63.9,
500042,781,15,38,24,2025-01-10,2025-01-12,9,1903.8,20,CARD,In-Store,completed,0,
509731,518,5,26,19,2026-05-20,2026-05-29,4,3610.84,5,NEFT,Online,COMPLETED,134.56,Gift wrap requested
506006,216,104,17,14,2024-05-21,2024-05-24,7,385.33,25,cash,Online,COMPLETED,81.14,
501131,236,103,18,15,2024-12-04,2024-12-07,8,584.13,0,cash,In-Store,Completed,0,Bulk order - verify stock
504183,856,41,36,8,2026-06-29,2026-07-06,10,230.62,10,net banking,In-Store,completed,0,
502815,872,13,22,14,2025-09-09,,9,4062.44,0,NetBanking,In-Store,Completed,0,Bulk order - verify stock
500475,113,50,22,15,2024-10-11,2024-10-19,9,276.75,30,NEFT,Online,PENDING,61.29,Bulk order - verify stock
501490,16,121,34,17,2025-04-29,2025-05-02,10,504.15,20,NEFT,In-Store,COMPLETED,0,Corporate order
508901,831,85,19,10,2026-05-06,2026-05-12,7,861.33,30,NEFT,Online,Retuned,96.47,Customer requested callback
505362,630,60,11,9,2026-03-12,2026-03-17,10,1633,20,cash,In-Store,pending,0,Urgent delivery requested
501227,295,112,4,18,2024-07-14,2024-07-15,9,568.87,15,NetBanking,Online,Compeleted,137.95,
500580,628,57,12,17,2025-12-05,2025-12-07,3,1387.06,10,Net Banking,In-Store,completed,0,Corporate order
501185,990,77,39,22,2024-06-17,2024-06-20,1,1469.86,0,UPI,In-Store,Returned,0,Corporate order
504889,502,36,15,19,2025-02-04,2025-02-12,8,410.99,15,net banking,Online,completed,46.47,
501559,35,116,28,11,2026-04-10,2026-04-15,2,214.25,15,Net Banking,In-Store,Completed,0,Gift wrap requested
500484,813,44,29,6,2026-01-16,2026-01-25,8,444.74,5,Cash,Online,returned,34.36,
506098,685,96,10,20,2025-08-09,2025-08-12,5,1975.11,30,Cash,Online,COMPLETED,72.78,
507266,586,53,13,2,2025-03-07,2025-03-13,3,267.46,15,card,Online,completed,134.34,
502312,747,17,7,13,2024-07-12,2024-07-21,9,4243.12,15,NEFT,In-Store,Completed,0,
505395,993,120,26,20,2025-10-23,2025-10-29,3,159.54,25,CARD,In-Store,Completed,0,
502311,25,89,30,23,2024-03-18,2024-03-25,2,1797.04,10,upi,In-Store,Completed,0,Customer requested callback
502968,116,98,22,13,2024-04-21,2024-04-28,6,1997.5,25,Net Banking,In-Store,completed,0,Bulk order - verify stock
503882,815,77,24,22,2024-07-19,2024-07-25,10,1521.19,30,card,Online,pending,56.62,
508056,712,115,28,11,2024-01-21,2024-01-23,9,351.94,15,U.P.I,In-Store,Completed,0,Urgent delivery requested
